ID	title	language	region	release_date	serial
BCAS-20001	Ridge Racer 7	English / Japanese	NTSC-J	N/A	BCAS-20001
BCAS-20002	Genji: Kamui Souran	N/A	NTSC-J	N/A	BCAS-20002
BCAS-20003	Resistance: Fall of Man	Dutch / English / French / German / Italian / Japanese / Korean / Portuguese / Spanish	NTSC-J	N/A	BCAS-20003
BCAS-20013	Folklore	Chinese / English	NTSC-J	N/A	BCAS-20013
BCAS-20018	Railfan: Taiwan High Speed Rail	Chinese / English	NTSC-J	N/A	BCAS-20018
BCAS-20023	Ratchet & Clank Future: Tools of Destruction	Chinese / Danish / Dutch / English / Finnish / French / German / Italian / Japanese / Korean / Norwegian / Portuguese / Spanish / Swedish	NTSC-J	N/A	BCAS-20023
BCAS-20037	Resistance: Fall of Man	Dutch / English / French / German / Italian / Japanese / Korean / Portuguese / Spanish	NTSC-J	N/A	BCAS-20037
BCAS-20043	Battle Fantasia	Japanese	NTSC-J	N/A	BCAS-20043
BCAS-20044	MotorStorm II	English	NTSC-J	N/A	BCAS-20044
BCAS-20047	Siren: New Translation	English / Japanese	NTSC-J	N/A	BCAS-20047
BCAS-20048	Soulcalibur IV	English / French / German / Italian / Japanese / Spanish	NTSC-J	N/A	BCAS-20048
BCAS-20050	Hakuna Matata	Japanese	NTSC-J	N/A	BCAS-20050
BCAS-20052	Ratchet & Clank: Quest for Booty	Chinese / English	NTSC-J	N/A	BCAS-20052
BCAS-20055	Resistance 2	Danish / Dutch / English / Finnish / French / German / Italian / Japanese / Korean / Norwegian / Portuguese / Spanish / Swedish	NTSC-J	N/A	BCAS-20055
BCAS-20062	Hakuna Matata	Chinese / English / Korean	NTSC-J	N/A	BCAS-20062
BCAS-20063	Samurai Dou 3	Japanese	NTSC-J	N/A	BCAS-20063
BCAS-20064	Aquanaut's Holiday: Hidden Memories	Chinese / English	NTSC-J	N/A	BCAS-20064
BCAS-20066	Killzone 2	Chinese / Danish / Dutch / English / Finnish / French / German / Italian / Japanese / Korean / Norwegian / Polish / Portuguese / Russian / Spanish / Swedish	NTSC-J	N/A	BCAS-20066
BCAS-20071	Demon's Souls	Chinese / English / Korean	NTSC-J	N/A	BCAS-20071
BCAS-20073	The Last Guy	Chinese / English	NTSC-J	N/A	BCAS-20073
BCAS-20078	LittleBigPlanet: Game of the Year Edition	Chinese / English	NTSC-J	N/A	BCAS-20078
BCAS-20079	Uncharted: Drake's Fortune	Chinese / English / Korean	NTSC-J	N/A	BCAS-20079
BCAS-20087	Toro! Let's Party!	Chinese / English / Korean	NTSC-J	N/A	BCAS-20087
BCAS-20089	Kidou Senshi Gundam Senki	Japanese	NTSC-J	N/A	BCAS-20089
BCAS-20090	Hakuna Matata	Chinese / English / Korean	NTSC-J	N/A	BCAS-20090
BCAS-20097	Uncharted 2: Among Thieves	Chinese / English / Korean	NTSC-J	N/A	BCAS-20097
BCAS-20102	God of War Collection	English	NTSC-U	N/A	BCAS-20102
BCAS-20107	Heavy Rain	Chinese / English / Korean	NTSC-J	N/A	BCAS-20107
BCAS-20110	Resistance 2	Danish / Dutch / English / Finnish / French / German / Italian / Japanese / Korean / Norwegian / Portuguese / Spanish / Swedish	NTSC-J	N/A	BCAS-20110
BCAS-20113	LittleBigPlanet 2	Chinese / English	NTSC-J	N/A	BCAS-20113
BCAS-20114	Last Rebellion	English	NTSC-U	N/A	BCAS-20114
BCAS-20115	Demon's Souls	Chinese / English / Korean	NTSC-J	N/A	BCAS-20115
BCAS-20118	Red Seeds Profile	Japanese	NTSC-J	N/A	BCAS-20118
BCAS-20125	Sports Champions	Chinese / English	NTSC-J	N/A	BCAS-20125
BCAS-20127	PlayStation 3 Big Hit Titles' Demo Collection Vol. 2	N/A	NTSC-J	N/A	BCAS-20127
BCAS-20131	Toro! Let's Party!	Chinese / English / Korean	NTSC-J	N/A	BCAS-20131
BCAS-20136	3D Collection	English	NTSC-J	N/A	BCAS-20136
BCAS-20144	Beat Sketch!	Chinese / English / Korean	NTSC-J	N/A	BCAS-20144
BCAS-20148	Rorona no Atelier: Arland no Renkinjutsushi	Japanese	NTSC-J	N/A	BCAS-20148
BCAS-20151	Gran Turismo 5	Chinese / English	NTSC-J	N/A	BCAS-20151
BCAS-20158	PlayStation 3 Big Hit Titles' Demo Collection Vol. 3	N/A	NTSC-J	N/A	BCAS-20158
BCAS-20160	MotorStorm 3: Apocalypse	English	NTSC-J	N/A	BCAS-20160
BCAS-20167	Samurai Dou 4	Japanese	NTSC-J	N/A	BCAS-20167
BCAS-20175	God of War: Origins Collection	Chinese / English / Korean	NTSC-J	N/A	BCAS-20175
BCAS-20180	inFamous	Chinese / English / Korean	NTSC-J	N/A	BCAS-20180
BCAS-20181	inFamous 2	Chinese / English / Korean	NTSC-J	N/A	BCAS-20181
BCAS-20192	Split/Second	English / French / Spanish	NTSC-J	N/A	BCAS-20192
BCAS-20218	Ni no Kuni: Shiroki Seihai no Joou	Japanese	NTSC-J	N/A	BCAS-20218
BCAS-20222	Jak and Daxter Collection	English / French / Spanish	NTSC-U	N/A	BCAS-20222
BCAS-20226	All About PlayStation Game Hits Vol. 1	N/A	NTSC-J	N/A	BCAS-20226
BCAS-20233	Tokyo Jungle	Chinese / Korean	NTSC-J	N/A	BCAS-20233
BCAS-20236	Attouteki Yuugi: Mugen Souls	Japanese	NTSC-J	N/A	BCAS-20236
BCAS-20237	MLB 12: The Show	English	NTSC-U	N/A	BCAS-20237
BCAS-20239	Totori no Atelier: Arland no Renkinjutsushi 2	Japanese	NTSC-J	N/A	BCAS-20239
BCAS-20240	Meruru no Atelier: Arland no Renkinjutsushi 3	Japanese	NTSC-J	N/A	BCAS-20240
BCAS-20242	Disney/Pixar Brave	English / French / Spanish	NTSC-U	N/A	BCAS-20242
BCAS-20244	Chou Jigen Game Neptune mk2	Japanese	NTSC-J	N/A	BCAS-20244
BCAS-20247	Journey Collector's Edition	Chinese / English	NTSC-J	N/A	BCAS-20247
BCAS-20250	Sleeping Dogs	English / French / Spanish	NTSC-U	N/A	BCAS-20250
BCAS-20252	Kami Jigen Game Neptune V	Japanese	NTSC-J	N/A	BCAS-20252
BCAS-20267	Gran Turismo 5: 2013 Edition	Chinese / English	NTSC-J	N/A	BCAS-20267
BCAS-20272	Tomb Raider	Chinese / English / Korean	NTSC-J	N/A	BCAS-20272
BCAS-20274	Disgaea D2	Japanese	NTSC-J	N/A	BCAS-20274
BCAS-20276	Everybody's Golf 6	Chinese / English	NTSC-J	N/A	BCAS-20276
BCAS-20279	Lightning Returns: Final Fantasy XIII	Chinese / Korean	NTSC-J	N/A	BCAS-20279
BCAS-20283	Final Fantasy XIII-2	Chinese / English / Korean	NTSC-J	N/A	BCAS-20283
BCAS-20289	Final Fantasy X | X-2: HD Remaster	Chinese / Korean	NTSC-J	N/A	BCAS-20289
BCAS-20311	Drag-on Dragoon 3	Chinese	NTSC-J	N/A	BCAS-20311
BCAS-20319	Lost in the Rain	Chinese / English	NTSC-J	N/A	BCAS-20319
BCAS-20333	The Evil Within	Chinese	NTSC-J	N/A	BCAS-20333
BCAS-20335	Dragon's Crown	Chinese / Korean	NTSC-J	N/A	BCAS-20335
BCAS-25001	Final Fantasy XIII	Japanese	NTSC-J	N/A	BCAS-25001
BCAS-25003	God of War III	Chinese / English	NTSC-J	N/A	BCAS-25003
BCAS-25006	Heavy Rain: Move Edition	Chinese / English / Korean	NTSC-J	N/A	BCAS-25006
BCAS-25007	God of War III	Chinese / English	NTSC-J	N/A	BCAS-25007
BCAS-25008	Killzone 3	Chinese / Danish / Dutch / English / Finnish / French / German / Italian / Korean / Norwegian / Polish / Portuguese / Russian / Spanish / Swedish / Turkish	NTSC-J	N/A	BCAS-25008
BCAS-25009	Uncharted 3: Drake's Deception	Chinese / English / Korean	NTSC-J	N/A	BCAS-25009
BCAS-25011	Final Fantasy XIII	Chinese / English / Korean	NTSC-J	N/A	BCAS-25011
BCAS-25012	Resistance 3	English / Korean	NTSC-J	N/A	BCAS-25012
BCAS-25014	Uncharted 3: Drake's Deception: Game of the Year Edition	Chinese / English / Korean	NTSC-J	N/A	BCAS-25014
BCAS-25015	The Last of Us	Chinese / English / Korean	NTSC-J	2013-06-14	BCAS-25015
BCAS-25016	God of War: Ascension	Chinese / English / Korean	NTSC-J	N/A	BCAS-25016
BCAS-85001	Tekken Hybrid	English / French / German / Italian / Japanese / Korean / Spanish	NTSC-J	N/A	BCAS-85001
BCAX-90001	Demo & Trailer Collection for Asia	N/A	NTSC-J	N/A	BCAX-90001
BCAX-90003	PlayStation 3 Big Hit Titles' Demo Collection	N/A	NTSC-J	N/A	BCAX-90003
BCAX-90004	PlayStation Move Starter Disc	English	NTSC-J	N/A	BCAX-90004
BCED-00060	Official PlayStation Magazine Issue 07: July 2007	English	PAL	N/A	BCED-00060
BCED-00084	Official PlayStation Magazine Issue 08: August 2007	English	PAL	N/A	BCED-00084
BCED-00085	Official PlayStation Magazine Issue 09: September 2007	English / French / German / Italian / Spanish	PAL	N/A	BCED-00085
BCED-00086	Official PlayStation Magazine Issue 10: October 2007	English / French / German / Italian / Spanish	PAL	N/A	BCED-00086
BCED-00087	Official PlayStation Magazine Issue 11: November 2007	English / French / German / Italian / Spanish	PAL	N/A	BCED-00087
BCED-00088	Official PlayStation Magazine Issue 12: December 2007	English / French / German / Italian / Spanish	PAL	N/A	BCED-00088
BCED-00181	Official PlayStation Magazine Issue 13: Christmas 2007	English / French / German / Italian / Spanish	PAL	N/A	BCED-00181
BCED-00202	Official PlayStation Magazine Issue 14: January 2008	English / French / German / Italian / Spanish	PAL	N/A	BCED-00202
BCED-00203	Official PlayStation Magazine Issue 15: February 2008	English / French / German / Italian / Spanish	PAL	N/A	BCED-00203
BCED-00204	Official PlayStation Magazine Issue 16: March 2008	English / French / German / Italian / Spanish	PAL	N/A	BCED-00204
BCED-00205	Official PlayStation Magazine Issue 17: April 2008	English / French / German / Italian / Spanish	PAL	N/A	BCED-00205
BCED-00206	Official PlayStation Magazine Issue 18: May 2008	English / French / German / Italian / Spanish	PAL	N/A	BCED-00206
BCED-00207	Official PlayStation Magazine Issue 19: June 2008	English / French / German / Italian / Spanish	PAL	N/A	BCED-00207
BCED-00208	Official PlayStation Magazine Issue 20: July 2008	English / French / German / Italian / Spanish	PAL	N/A	BCED-00208
BCED-00209	Official PlayStation Magazine Issue 21: August 2008	English / French / German / Italian / Spanish	PAL	N/A	BCED-00209
BCED-00210	Official PlayStation Magazine Issue 22: September 2008	English / French / German / Italian / Spanish	PAL	N/A	BCED-00210
BCED-00211	Official PlayStation Magazine Issue 23: October 2008	English / French / German / Italian / Spanish	PAL	N/A	BCED-00211
BCED-00212	Official PlayStation Magazine Issue 24: November 2008	English / French / German / Italian / Spanish	PAL	N/A	BCED-00212
BCED-00213	Official PlayStation Magazine Issue 25: December 2008	English / French / German / Italian / Spanish	PAL	N/A	BCED-00213
BCED-00214	Official PlayStation Magazine Issue 26: Christmas 2008	English / French / German / Italian / Portuguese / Spanish	PAL	N/A	BCED-00214
BCED-00393	Gran Turismo 5: Prologue: Special Event Version: GT by Citroën	Dutch / English / French / German / Italian / Japanese / Portuguese / Spanish	PAL	N/A	BCED-00393
BCED-00426	Official PlayStation Magazine Issue 27: January 2009	English / French / German / Italian / Portuguese / Spanish	PAL	N/A	BCED-00426
BCED-00427	Official PlayStation Magazine Issue 28: February 2009	English / French / German / Italian / Portuguese / Spanish	PAL	N/A	BCED-00427
BCED-00428	Official PlayStation Magazine Issue 29: March 2009	English / French / German / Italian / Portuguese / Spanish	PAL	N/A	BCED-00428
BCED-00429	Official PlayStation Magazine Issue 30: April 2009	English / French / German / Italian / Portuguese / Spanish	PAL	N/A	BCED-00429
BCED-00430	Official PlayStation Magazine Issue 31: May 2009	English / French / German / Italian / Portuguese / Spanish	PAL	N/A	BCED-00430
BCED-00431	Official PlayStation Magazine Issue 32: June 2009	English / French / German / Italian / Portuguese / Spanish	PAL	N/A	BCED-00431
BCED-00432	Official PlayStation Magazine Issue 33: July 2009	English / French / German / Italian / Portuguese / Spanish	PAL	N/A	BCED-00432
BCED-00433	Official PlayStation Magazine Issue 34: August 2009	English / French / German / Italian / Portuguese / Spanish	PAL	N/A	BCED-00433
BCED-00434	Official PlayStation Magazine Issue 35: September 2009	English / French / German / Italian / Portuguese / Spanish	PAL	N/A	BCED-00434
BCED-00435	Official PlayStation Magazine Issue 36: October 2009	English / French / German / Italian / Portuguese / Spanish	PAL	N/A	BCED-00435
BCED-00436	Official PlayStation Magazine Issue 37: November 2009	English / French / German / Italian / Portuguese / Spanish	PAL	N/A	BCED-00436
BCED-00437	Official PlayStation Magazine Issue 38: December 2009	English / French / German / Italian / Portuguese / Spanish	PAL	N/A	BCED-00437
BCED-00438	Official PlayStation Magazine Issue 39: Christmas 2009	English / French / German / Italian / Portuguese / Spanish	PAL	N/A	BCED-00438
BCED-00439	Official PlayStation Magazine Issue 40: January 2010	English	PAL	N/A	BCED-00439
BCED-00803	Official PlayStation Magazine Issue 41: February 2010	English	PAL	N/A	BCED-00803
BCED-00804	Official PlayStation Magazine Issue 42: March 2010	English	PAL	N/A	BCED-00804
BCED-00805	Official PlayStation Magazine Issue 43: April 2010	English	PAL	N/A	BCED-00805
BCED-00806	Official PlayStation Magazine Issue 44: May 2010	English	PAL	N/A	BCED-00806
BCED-00807	Official PlayStation Magazine Issue 45: June 2010	English	PAL	N/A	BCED-00807
BCED-00808	Official PlayStation Magazine Issue 46: July 2010	English	PAL	N/A	BCED-00808
BCED-00809	Official PlayStation Magazine Issue 47: August 2010	English	PAL	N/A	BCED-00809
BCED-00810	Official PlayStation Magazine Issue 48: September 2010	English	PAL	N/A	BCED-00810
BCED-00811	Official PlayStation Magazine Issue 49: October 2010	English	PAL	N/A	BCED-00811
BCED-00812	Official PlayStation Magazine Issue 50: November 2010	English	PAL	N/A	BCED-00812
BCED-00813	Official PlayStation Magazine Issue 51: December 2010	English	PAL	N/A	BCED-00813
BCED-00814	Official PlayStation Magazine Issue 52: Christmas 2010	English	PAL	N/A	BCED-00814
BCED-00815	Official PlayStation Magazine Issue 53: January 2011	English	PAL	N/A	BCED-00815
BCED-01063	PlayStation Move Starter Disc	Danish / Dutch / English / Finnish / French / German / Italian / Norwegian / Polish / Portuguese / Russian / Spanish / Swedish	PAL	N/A	BCED-01063
BCED-01196	Official PlayStation Magazine Issue 54: February 2011	English	PAL	N/A	BCED-01196
BCED-01197	Official PlayStation Magazine Issue 55: March 2011	English	PAL	N/A	BCED-01197
BCED-01198	Official PlayStation Magazine Issue 56: April 2011	English	PAL	N/A	BCED-01198
BCED-01199	Official PlayStation Magazine Issue 57: May 2011	English	PAL	N/A	BCED-01199
BCED-01200	Official PlayStation Magazine Issue 58: June 2011	English	PAL	N/A	BCED-01200
BCED-01201	Official PlayStation Magazine Issue 58: June 2011	English	PAL	N/A	BCED-01201
BCED-01202	Official PlayStation Magazine Issue 60: August 2011	English	PAL	N/A	BCED-01202
BCED-01203	Official PlayStation Magazine Issue 61: September 2011	English	PAL	N/A	BCED-01203
BCED-01204	Official PlayStation Magazine Issue 62: October 2011	English	PAL	N/A	BCED-01204
BCED-01205	Official PlayStation Magazine Issue 63: November 2011	English	PAL	N/A	BCED-01205
BCED-01206	Official PlayStation Magazine Issue 64: December 2011	English	PAL	N/A	BCED-01206
BCED-01207	Official PlayStation Magazine Issue 65: Christmas 2011	N/A	PAL	N/A	BCED-01207
BCED-01208	Official PlayStation Magazine Issue 66: January 2012	English	PAL	N/A	BCED-01208
BCED-01209	Official PlayStation Magazine Issue 67: February 2012	English	PAL	N/A	BCED-01209
BCED-01564	Official PlayStation Magazine Issue 69: April 2012	English	PAL	N/A	BCED-01564
BCED-01565	Official PlayStation Magazine Issue 70: May 2012	English	PAL	N/A	BCED-01565
BCED-01566	Official PlayStation Magazine Issue 71: June 2012	N/A	PAL	N/A	BCED-01566
BCED-01567	Official PlayStation Magazine Issue 72: July 2012	English	PAL	N/A	BCED-01567
BCED-01568	Official PlayStation Magazine Issue 73: August 2012	N/A	PAL	N/A	BCED-01568
BCED-01569	Official PlayStation Magazine Issue 74: September 2012	N/A	PAL	N/A	BCED-01569
BCED-01570	Official PlayStation Magazine Issue 75: October 2012	N/A	PAL	N/A	BCED-01570
BCED-01571	Official PlayStation Magazine Issue 76: November 2012	N/A	PAL	N/A	BCED-01571
BCED-01572	Official PlayStation Magazine Issue 77: December 2012	N/A	PAL	N/A	BCED-01572
BCED-01573	Official PlayStation Magazine Issue 78: Christmas 2012	N/A	PAL	N/A	BCED-01573
BCED-01574	Official PlayStation Magazine Issue 79: January 2013	N/A	PAL	N/A	BCED-01574
BCED-01575	Official PlayStation Magazine Issue 80: February 2013	English	PAL	N/A	BCED-01575
BCED-01576	Official PlayStation Magazine Issue 81: March 2013	N/A	PAL	N/A	BCED-01576
BCED-01577	Official PlayStation Magazine Issue 68: March 2012	English	PAL	N/A	BCED-01577
BCED-01817	Official PlayStation Magazine Issue 82: April 2013	N/A	PAL	N/A	BCED-01817
BCED-01818	Official PlayStation Magazine Issue 83: May 2013	N/A	PAL	N/A	BCED-01818
BCED-01819	Official PlayStation Magazine Issue 84: June 2013	English	PAL	N/A	BCED-01819
BCES-00000	Ratchet & Clank: A Crack in Time	Dutch / English / French / German / Italian / Spanish	PAL	N/A	BCES-00000
BCES-00001	Resistance: Fall of Man	Dutch / English / French / German / Italian / Japanese / Korean / Portuguese / Spanish	PAL	N/A	BCES-00001
BCES-00002	Genji: Days of the Blade	Danish / Dutch / English / Finnish / French / German / Italian / Japanese / Norwegian / Portuguese / Spanish / Swedish	PAL	N/A	BCES-00002
BCES-00004	Lair	Chinese / Danish / Dutch / English / Finnish / French / German / Italian / Japanese / Korean / Norwegian / Portuguese / Spanish / Swedish	PAL	N/A	BCES-00004
BCES-00005	Formula One: Championship Edition	English / Finnish / French / German / Italian / Portuguese / Spanish	PAL	N/A	BCES-00005
BCES-00006	MotorStorm	Danish / Dutch / English / Finnish / French / German / Italian / Norwegian / Portuguese / Spanish / Swedish	PAL	N/A	BCES-00006
BCES-00007	The Eye of Judgment	Chinese / English / French / German / Italian / Japanese / Spanish	PAL	N/A	BCES-00007
BCES-00008	Warhawk	Danish / Dutch / English / Finnish / French / German / Italian / Norwegian / Portuguese / Russian / Spanish / Swedish	PAL	N/A	BCES-00008
BCES-00009	Ridge Racer 7	English / French / German / Italian / Japanese / Spanish	PAL	N/A	BCES-00009
BCES-00011	SingStar	Danish / Dutch / English / Finnish / French / German / Italian / Norwegian / Portuguese / Spanish / Swedish	PAL	N/A	BCES-00011
BCES-00030	SingStar	Danish / Dutch / English / Finnish / French / German / Italian / Norwegian / Portuguese / Spanish / Swedish	PAL	N/A	BCES-00030
BCES-00031	SingStar	Danish / Dutch / English / Finnish / French / German / Italian / Norwegian / Portuguese / Spanish / Swedish	PAL	N/A	BCES-00031
BCES-00032	SingStar	Danish / Dutch / English / Finnish / French / German / Italian / Norwegian / Portuguese / Spanish / Swedish	PAL	N/A	BCES-00032
BCES-00050	Folklore	English / French / German / Italian / Spanish	PAL	N/A	BCES-00050
BCES-00051	SingStar	N/A	PAL	N/A	BCES-00051
BCES-00052	Ratchet & Clank: Tools of Destruction	Chinese / Danish / Dutch / English / Finnish / French / German / Italian / Japanese / Korean / Norwegian / Portuguese / Spanish / Swedish	PAL	N/A	BCES-00052
BCES-00057	Time Crisis 4	English / French / German / Italian / Spanish	PAL	N/A	BCES-00057
BCES-00065	Uncharted: Drake's Fortune	Danish / Dutch / English / Finnish / French / German / Italian / Norwegian / Portuguese / Spanish / Swedish	PAL	N/A	BCES-00065
BCES-00068	Everybody's Golf: World Tour	English / French / German / Italian / Spanish	PAL	N/A	BCES-00068
BCES-00069	EyeCreate	English / French / German / Italian / Spanish	PAL	N/A	BCES-00069
BCES-00078	Heavenly Sword	Danish / Dutch / English / Finnish / French / German / Italian / Norwegian / Portuguese / Spanish / Swedish	PAL	N/A	BCES-00078
BCES-00081	Killzone 2	Danish / Dutch / English / Finnish / French / German / Italian / Norwegian / Polish / Portuguese / Russian / Spanish / Swedish	PAL	N/A	BCES-00081
BCES-00096	PlayTV	Basque / Catalan / Danish / Dutch / English / Finnish / French / Gaelic / German / Italian / Norwegian / Portuguese / Spanish / Swedish	PAL	N/A	BCES-00096
BCES-00098	Buzz! Quiz TV	Dutch / English / French / German / Italian / Portuguese / Spanish	PAL	N/A	BCES-00098
BCES-00099	Buzz! Quiz TV	Danish / English / Finnish / Norwegian / Swedish	PAL	N/A	BCES-00099
BCES-00104	Gran Turismo 5: Prologue	Dutch / English / French / German / Italian / Portuguese / Spanish	PAL	N/A	BCES-00104
BCES-00112	NBA 08	English / French / German / Italian / Spanish	PAL	N/A	BCES-00112
BCES-00129	MotorStorm: Pacific Rift	Danish / Dutch / English / Finnish / French / German / Italian / Norwegian / Portuguese / Russian / Spanish / Swedish	PAL	N/A	BCES-00129
BCES-00141	LittleBigPlanet	Chinese / Danish / Dutch / English / Finnish / French / German / Italian / Japanese / Korean / Norwegian / Portuguese / Spanish / Swedish	PAL	N/A	BCES-00141
BCES-00173	SOCOM: Confrontation	Danish / Dutch / English / Finnish / French / German / Italian / Japanese / Korean / Norwegian / Portuguese / Russian / Spanish / Swedish	PAL	N/A	BCES-00173
BCES-00185	SingStar Vol. 2	Danish / Dutch / English / Finnish / French / German / Italian / Norwegian / Portuguese / Spanish / Swedish	PAL	N/A	BCES-00185
BCES-00195	Buzz! Quiz TV	Polish	PAL	N/A	BCES-00195
BCES-00216	SingStar Vol. 3	Danish / Dutch / English / Finnish / French / German / Italian / Norwegian / Portuguese / Spanish / Swedish	PAL	N/A	BCES-00216
BCES-00220	inFamous	Dutch / French / German / Italian / Spanish	PAL	N/A	BCES-00220
BCES-00225	White Knight Chronicles	English / French / German / Italian / Spanish	PAL	N/A	BCES-00225
BCES-00226	Resistance 2	Danish / Dutch / English / Finnish / French / German / Italian / Japanese / Korean / Norwegian / Portuguese / Spanish / Swedish	PAL	N/A	BCES-00226
BCES-00233	SingStar Vol. 2	Danish / Dutch / English / Finnish / French / German / Italian / Norwegian / Portuguese / Spanish / Swedish	PAL	N/A	BCES-00233
BCES-00234	SingStar Vol. 2	Danish / Dutch / English / Finnish / French / German / Italian / Norwegian / Portuguese / Spanish / Swedish	PAL	N/A	BCES-00234
BCES-00235	SingStar Vol. 2	Danish / Dutch / English / Finnish / French / German / Italian / Norwegian / Portuguese / Spanish / Swedish	PAL	N/A	BCES-00235
BCES-00264	SingStar Hits	Danish / Dutch / English / Finnish / French / German / Italian / Norwegian / Spanish / Swedish	PAL	N/A	BCES-00264
BCES-00265	SingStar Vol. 3	Danish / Dutch / English / Finnish / French / German / Italian / Norwegian / Portuguese / Spanish / Swedish	PAL	N/A	BCES-00265
BCES-00266	SingStar Vol. 3	Danish / Dutch / English / Finnish / French / German / Italian / Norwegian / Portuguese / Spanish / Swedish	PAL	N/A	BCES-00266
BCES-00267	SingStar Vol. 3	Danish / Dutch / English / Finnish / French / German / Italian / Norwegian / Portuguese / Spanish / Swedish	PAL	N/A	BCES-00267
BCES-00293	SingStar Pop Edition	Danish / Dutch / English / Finnish / French / German / Italian / Norwegian / Portuguese / Russian / Spanish / Swedish	PAL	N/A	BCES-00293
BCES-00294	Siren: Blood Curse	English / French / German / Italian / Spanish	PAL	N/A	BCES-00294
BCES-00301	Ratchet & Clank: Quest for Booty	Chinese / Danish / Dutch / English / Finnish / French / German / Italian / Japanese / Korean / Norwegian / Portuguese / Spanish / Swedish	PAL	N/A	BCES-00301
BCES-00303	Buzz! Quiz TV	Dutch / English / French / German / Italian / Portuguese / Spanish	PAL	N/A	BCES-00303
BCES-00304	Buzz! TV Visa Special Edition	Danish / English / Finnish / Norwegian / Swedish	PAL	N/A	BCES-00304
BCES-00341	SingStar Pop Edition	Danish / Dutch / English / Finnish / French / German / Italian / Norwegian / Portuguese / Russian / Spanish / Swedish	PAL	N/A	BCES-00341
BCES-00342	SingStar Pop 2009	Danish / Dutch / English / Finnish / French / German / Italian / Norwegian / Portuguese / Russian / Spanish / Swedish	PAL	N/A	BCES-00342
BCES-00345	SingStar A Tutto Pop	Danish / Dutch / English / Finnish / French / German / Italian / Norwegian / Portuguese / Russian / Spanish / Swedish	PAL	N/A	BCES-00345
BCES-00346	SingStar Hits 2	Danish / Dutch / English / Finnish / French / German / Italian / Norwegian / Portuguese / Russian / Spanish / Swedish	PAL	N/A	BCES-00346
BCES-00347	Buzz! Brain of the UK	English	PAL	N/A	BCES-00347
BCES-00348	Buzz! Le Plus Malin des Français	French	PAL	N/A	BCES-00348
BCES-00349	Buzz! Il Quizzone Nazionale	Italian	PAL	N/A	BCES-00349
BCES-00350	Buzz! Deutschlands Superquiz	German	PAL	N/A	BCES-00350
BCES-00351	Buzz! ¿Qué Sabes de tu País?	Spanish	PAL	N/A	BCES-00351
BCES-00363	Buzz! Brain of Oz	English	PAL	N/A	BCES-00363
BCES-00364	Buzz! Brain of the World	Dutch / English / French	PAL	N/A	BCES-00364
BCES-00365	Buzz! Brain of Switzerland	French / German / Italian	PAL	N/A	BCES-00365
BCES-00366	Buzz! Brain of the World	Danish / English / Finnish / Norwegian / Swedish	PAL	N/A	BCES-00366
BCES-00367	Buzz! Polskie Łamigłówki	Croatian / English / Polish / Russian	PAL	N/A	BCES-00367
BCES-00381	SingStar ABBA	Danish / Dutch / English / Finnish / French / German / Italian / Norwegian / Portuguese / Spanish / Swedish	PAL	N/A	BCES-00381
BCES-00423	SingStar ABBA	Danish / Dutch / English / Finnish / French / German / Italian / Norwegian / Portuguese / Spanish / Swedish	PAL	N/A	BCES-00423
BCES-00440	Buzz! Quiz World	English	PAL	N/A	BCES-00440
BCES-00458	Heavy Rain	English	PAL	N/A	BCES-00458
BCES-00459	Buzz! Quem é o Génio Português?	English / German / Portuguese	PAL	N/A	BCES-00459
BCES-00463	The Shoot	Danish / Dutch / English / Finnish / French / German / Italian / Norwegian / Polish / Portuguese / Russian / Spanish / Swedish	PAL	N/A	BCES-00463
BCES-00483	EyePet	Danish / Dutch / English / Finnish / French / German / Italian / Norwegian / Polish / Portuguese / Russian / Spanish / Swedish	PAL	N/A	BCES-00483
BCES-00484	MotorStorm: Apocalypse	Danish / Dutch / English / Finnish / French / German / Italian / Korean / Norwegian / Polish / Portuguese / Russian / Spanish / Swedish	PAL	N/A	BCES-00484
BCES-00494	SingStar Queen	Danish / Dutch / English / Finnish / French / German / Italian / Norwegian / Polish / Portuguese / Russian / Spanish / Swedish	PAL	N/A	BCES-00494
BCES-00509	Uncharted 2: Among Thieves	Dutch / English / French / German / Italian	PAL	N/A	BCES-00509
BCES-00510	God of War III	Dutch / English / French / German / Italian / Polish / Portuguese / Russian / Spanish	PAL	N/A	BCES-00510
BCES-00511	Ratchet & Clank: A Crack in Time	Dutch / English / French / German / Italian / Spanish	PAL	N/A	BCES-00511
BCES-00518	SingStar Morangos com Açúcar	Danish / Dutch / English / Finnish / French / German / Italian / Norwegian / Polish / Portuguese / Russian / Spanish / Swedish	PAL	N/A	BCES-00518
BCES-00519	SingStar Mallorca Party	Danish / Dutch / English / Finnish / French / German / Italian / Norwegian / Polish / Portuguese / Russian / Spanish / Swedish	PAL	N/A	BCES-00519
BCES-00520	SingStar Studio 100	Danish / Dutch / English / Finnish / French / German / Italian / Norwegian / Polish / Portuguese / Russian / Spanish / Swedish	PAL	N/A	BCES-00520
BCES-00531	SingStar Polskie Hity	Danish / Dutch / English / Finnish / French / German / Italian / Norwegian / Polish / Portuguese / Russian / Spanish / Swedish	PAL	N/A	BCES-00531
BCES-00548	Pain	English / French / German / Italian / Spanish	PAL	N/A	BCES-00548
BCES-00558	MAG	Danish / Dutch / English / Finnish / French / German / Italian / Japanese / Korean / Norwegian / Polish / Portuguese / Russian / Spanish / Swedish	PAL	N/A	BCES-00558
BCES-00569	Gran Turismo 5	Dutch / English / French / German / Greek / Italian / Japanese / Polish / Portuguese / Russian / Spanish / Turkish	PAL	N/A	BCES-00569
BCES-00583	SingStar Mecano	Danish / Dutch / English / Finnish / French / German / Italian / Norwegian / Polish / Portuguese / Russian / Spanish / Swedish	PAL	N/A	BCES-00583
BCES-00591	inFamous	Polish	PAL	N/A	BCES-00591
BCES-00596	SingStar Motown	Danish / Dutch / English / Finnish / French / German / Italian / Norwegian / Polish / Portuguese / Russian / Spanish / Swedish	PAL	N/A	BCES-00596
BCES-00598	TV Superstars	Danish / Dutch / English / Finnish / French / German / Italian / Norwegian / Polish / Portuguese / Russian / Spanish / Swedish	PAL	N/A	BCES-00598
BCES-00607	SingStar Take That	Danish / Dutch / English / Finnish / French / German / Italian / Norwegian / Polish / Portuguese / Russian / Spanish / Swedish	PAL	N/A	BCES-00607
BCES-00609	inFamous	English / Portuguese / Russian	PAL	N/A	BCES-00609
BCES-00611	LittleBigPlanet: Game of the Year Edition	Chinese / Danish / Dutch / English / Finnish / French / German / Italian / Japanese / Korean / Norwegian / Polish / Portuguese / Russian / Spanish / Swedish	PAL	N/A	BCES-00611
BCES-00614	SingStar Made in Germany	Danish / Dutch / English / Finnish / French / German / Italian / Norwegian / Polish / Portuguese / Russian / Spanish / Swedish	PAL	N/A	BCES-00614
BCES-00617	SingStar Starter Pack	Danish / Dutch / English / Finnish / French / German / Italian / Norwegian / Polish / Portuguese / Russian / Spanish / Swedish	PAL	N/A	BCES-00617
BCES-00621	SingStar Starter Pack	Danish / Dutch / English / Finnish / French / German / Italian / Norwegian / Polish / Portuguese / Russian / Spanish / Swedish	PAL	N/A	BCES-00621
BCES-00622	SingStar Intro	Danish / Dutch / English / Finnish / French / German / Italian / Norwegian / Polish / Portuguese / Russian / Spanish / Swedish	PAL	N/A	BCES-00622
BCES-00624	SingStar Starter Pack	Danish / Dutch / English / Finnish / French / German / Italian / Norwegian / Polish / Portuguese / Russian / Spanish / Swedish	PAL	N/A	BCES-00624
BCES-00625	SingStar Starter Pack	Danish / Dutch / English / Finnish / French / German / Italian / Norwegian / Polish / Portuguese / Russian / Spanish / Swedish	PAL	N/A	BCES-00625
BCES-00634	SingStar The Wiggles	Danish / Dutch / English / Finnish / French / German / Italian / Norwegian / Polish / Portuguese / Russian / Spanish / Swedish	PAL	N/A	BCES-00634
BCES-00640	SingStar Chartbreaker	Danish / Dutch / English / Finnish / French / German / Italian / Norwegian / Polish / Portuguese / Russian / Spanish / Swedish	PAL	N/A	BCES-00640
BCES-00642	Ghostbusters: The Video Game	Dutch / English / French / German / Italian / Spanish	PAL	N/A	BCES-00642
BCES-00644	Buzz! Quiz World	Dutch / English / French / German / Italian	PAL	N/A	BCES-00644
BCES-00645	Buzz! Quiz World	English / Portuguese / Spanish	PAL	N/A	BCES-00645
BCES-00646	Buzz! Quiz World	Danish / English / Finnish / Norwegian / Swedish	PAL	N/A	BCES-00646
BCES-00647	Buzz! Quiz World	Croatian / Czech / Greek / Polish / Russian	PAL	N/A	BCES-00647
BCES-00664	WipEout HD Fury	Danish / Dutch / English / Finnish / French / German / Italian / Norwegian / Portuguese / Russian / Spanish / Swedish	PAL	N/A	BCES-00664
BCES-00701	ModNation Racers	Danish / Dutch / English / Finnish / French / German / Italian / Norwegian / Polish / Portuguese / Russian / Spanish / Swedish	PAL	N/A	BCES-00701
BCES-00722	SingStar Vasco	Afrikaans / Danish / Dutch / English / Finnish / French / German / Italian / Norwegian / Polish / Portuguese / Russian / Spanish / Swedish	PAL	N/A	BCES-00722
BCES-00726	Ratchet & Clank: A Crack in Time	English	PAL	N/A	BCES-00726
BCES-00727	Uncharted 2: Among Thieves	English	PAL	N/A	BCES-00727
BCES-00747	Start the Party!	English	PAL	N/A	BCES-00747
BCES-00748	Ratchet & Clank: A Crack in Time	Danish / English / Finnish / Norwegian / Portuguese / Swedish	PAL	N/A	BCES-00748
BCES-00757	Uncharted 2: Among Thieves	Danish / English / Finnish / Norwegian / Polish / Portuguese / Russian / Spanish / Swedish	PAL	N/A	BCES-00757
BCES-00764	ModNation Racers	English	PAL	N/A	BCES-00764
BCES-00784	Buzz! The Ultimate Music Quiz	English	PAL	N/A	BCES-00784
BCES-00791	God of War Collection	English / French / German / Italian / Russian / Spanish	PAL	N/A	BCES-00791
BCES-00795	Sports Champions	Danish / Dutch / English / Finnish / French / German / Italian / Norwegian / Polish / Portuguese / Russian / Spanish / Swedish	PAL	N/A	BCES-00795
BCES-00797	Heavy Rain	Dutch / English / French / German / Italian / Portuguese / Spanish	PAL	N/A	BCES-00797
BCES-00799	God of War III	English	PAL	N/A	BCES-00799
BCES-00800	God of War Collection	English	PAL	N/A	BCES-00800
BCES-00802	Heavy Rain	Danish / English / Finnish / Norwegian / Polish / Russian / Swedish	PAL	N/A	BCES-00802
BCES-00818	MAG	English	PAL	N/A	BCES-00818
BCES-00819	Sorcery	Danish / Dutch / English / Finnish / French / German / Italian / Norwegian / Polish / Portuguese / Russian / Spanish / Swedish	PAL	N/A	BCES-00819
BCES-00828	Buzz! The Ultimate Music Quiz	Dutch / English / French / German / Italian	PAL	N/A	BCES-00828
BCES-00829	Buzz! The Ultimate Music Quiz	Danish / English / Finnish / Norwegian / Swedish	PAL	N/A	BCES-00829
BCES-00830	Buzz! The Ultimate Music Quiz	English / Portuguese / Spanish	PAL	N/A	BCES-00830
BCES-00831	Buzz! The Ultimate Music Quiz	Greek	PAL	N/A	BCES-00831
BCES-00835	SingStar Guitar	Danish / Dutch / English / Finnish / French / German / Italian / Norwegian / Polish / Portuguese / Russian / Spanish / Swedish	PAL	N/A	BCES-00835
BCES-00846	SingStar Chart Hits	Danish / Dutch / English / Finnish / French / German / Italian / Norwegian / Polish / Portuguese / Russian / Spanish / Swedish	PAL	N/A	BCES-00846
BCES-00847	SingStar SuomiHitit	Danish / Dutch / English / Finnish / French / German / Italian / Norwegian / Polish / Portuguese / Russian / Spanish / Swedish	PAL	N/A	BCES-00847
BCES-00850	LittleBigPlanet 2	Danish / Dutch / English / Finnish / French / German / Italian / Norwegian / Polish / Portuguese / Russian / Spanish / Swedish	PAL	N/A	BCES-00850
BCES-00852	SingStar Kent	Danish / Dutch / English / Finnish / French / German / Italian / Norwegian / Polish / Portuguese / Spanish / Swedish	PAL	N/A	BCES-00852
BCES-00856	SingStar Polskie Hity 2	Danish / Dutch / English / Finnish / French / German / Italian / Norwegian / Polish / Portuguese / Russian / Spanish / Swedish	PAL	N/A	BCES-00856
BCES-00864	EyePet: Move Edition	Danish / Dutch / English / Finnish / French / German / Italian / Norwegian / Polish / Portuguese / Russian / Spanish / Swedish	PAL	N/A	BCES-00864
BCES-00865	EyePet & Friends	Danish / Dutch / English / Finnish / French / German / Italian / Norwegian / Polish / Portuguese / Russian / Spanish / Swedish	PAL	N/A	BCES-00865
BCES-00869	SingStar Fussballhits	Danish / Dutch / English / Finnish / French / German / Italian / Norwegian / Polish / Portuguese / Russian / Spanish / Swedish	PAL	N/A	BCES-00869
BCES-00871	SingStar Portugal Hits	Danish / Dutch / English / Finnish / French / German / Italian / Norwegian / Polish / Portuguese / Russian / Spanish / Swedish	PAL	N/A	BCES-00871
BCES-00873	SingStar Patito Feo	Danish / Dutch / English / Finnish / French / German / Italian / Norwegian / Polish / Portuguese / Russian / Spanish / Swedish	PAL	N/A	BCES-00873
BCES-00874	The Fight	Danish / Dutch / English / Finnish / French / German / Italian / Norwegian / Polish / Portuguese / Russian / Spanish / Swedish	PAL	N/A	BCES-00874
BCES-00879	Disney/Pixar Toy Story 3	Danish / Finnish / Norwegian / Swedish	PAL	N/A	BCES-00879
BCES-00894	SingStar Dance	Danish / Dutch / English / Finnish / French / German / Italian / Norwegian / Polish / Portuguese / Russian / Spanish / Swedish	PAL	N/A	BCES-00894
BCES-00907	Starhawk	Danish / Dutch / English / Finnish / French / German / Italian / Norwegian / Polish / Portuguese / Russian / Spanish / Swedish	PAL	N/A	BCES-00907
BCES-00908	Kung Fu Rider	Danish / Dutch / English / Finnish / French / German / Italian / Norwegian / Polish / Portuguese / Russian / Spanish / Swedish	PAL	N/A	BCES-00908
BCES-00935	Puppeteer	Danish / Dutch / English / Finnish / French / German / Italian / Norwegian / Polish / Portuguese / Russian / Spanish / Swedish / Turkish	PAL	N/A	BCES-00935
BCES-00938	SOCOM: Special Forces	Danish / Dutch / English / Finnish / French / German / Italian / Norwegian / Polish / Portuguese / Russian / Spanish / Swedish	PAL	N/A	BCES-00938
BCES-00939	SOCOM: Special Forces	English	PAL	N/A	BCES-00939
BCES-00956	PlayStation Move Heroes	Danish / Dutch / English / Finnish / French / German / Italian / Norwegian / Polish / Portuguese / Russian / Spanish / Swedish	PAL	N/A	BCES-00956
BCES-00968	The Sly Trilogy	Danish / Dutch / English / Finnish / French / German / Italian / Norwegian / Portuguese / Spanish / Swedish	PAL	N/A	BCES-00968
BCES-00969	Start the Party!	Danish / Dutch / English / Finnish / French / German / Italian / Norwegian / Polish / Portuguese / Russian / Spanish / Swedish	PAL	N/A	BCES-00969
BCES-00970	Start the Party! Parti Başlasin!	English / Turkish	PAL	N/A	BCES-00970
BCES-00979	SingStar Guitar	Danish / Dutch / English / Finnish / French / German / Italian / Norwegian / Polish / Portuguese / Russian / Spanish / Swedish	PAL	N/A	BCES-00979
BCES-00980	SingStar Guitar	Danish / Dutch / English / Finnish / French / German / Italian / Norwegian / Polish / Portuguese / Russian / Spanish / Swedish	PAL	N/A	BCES-00980
BCES-00981	SingStar Guitar	Danish / Dutch / English / Finnish / French / German / Italian / Norwegian / Polish / Portuguese / Russian / Spanish / Swedish	PAL	N/A	BCES-00981
BCES-00982	The Sly Trilogy	English	PAL	N/A	BCES-00982
BCES-01007	Killzone 3	Chinese / Danish / Dutch / English / Finnish / French / German / Italian / Japanese / Korean / Norwegian / Polish / Portuguese / Russian / Spanish / Swedish / Turkish	PAL	N/A	BCES-01007
BCES-01010	Twisted Metal	Dutch / English / French / German / Italian / Polish / Portuguese / Russian / Spanish	PAL	N/A	BCES-01010
BCES-01012	Sports Champions	English	PAL	N/A	BCES-01012
BCES-01023	SingStar Cantautori Italiani	Danish / Dutch / English / Finnish / French / German / Italian / Norwegian / Polish / Portuguese / Russian / Spanish / Swedish	PAL	N/A	BCES-01023
BCES-01024	SingStar Après-Ski Party 2	Danish / Dutch / English / Finnish / French / German / Italian / Norwegian / Polish / Portuguese / Russian / Spanish / Swedish	PAL	N/A	BCES-01024
BCES-01027	Sorcery	English	PAL	N/A	BCES-01027
BCES-01029	Kung Fu Rider	English	PAL	N/A	BCES-01029
BCES-01048	DC Universe Online	English / French / German / Italian / Spanish	PAL	N/A	BCES-01048
BCES-01049	SingStar Dance	Danish / Dutch / English / Finnish / French / German / Italian / Norwegian / Polish / Portuguese / Russian / Spanish / Swedish	PAL	N/A	BCES-01049
BCES-01058	The Shoot	English	PAL	N/A	BCES-01058
BCES-01070	Time Crisis: Razing Storm	English / French / German / Italian / Japanese / Spanish	PAL	N/A	BCES-01070
BCES-01072	The Fight	Danish / Dutch / English / Finnish / French / German / Italian / Norwegian / Polish / Portuguese / Russian / Spanish / Swedish	PAL	N/A	BCES-01072
BCES-01077	TV Superstars	English	PAL	N/A	BCES-01077
BCES-01083	SingStar Afrikaanse Treffers	Afrikaans / Danish / Dutch / English / Finnish / French / German / Italian / Norwegian / Polish / Portuguese / Russian / Spanish / Swedish	PAL	N/A	BCES-01083
BCES-01085	White Knight Chronicles II	English / French / German / Italian / Spanish	PAL	N/A	BCES-01085
BCES-01086	LittleBigPlanet 2	English	PAL	N/A	BCES-01086
BCES-01097	Ico & Shadow of the Colossus	English / French / German / Italian / Spanish	PAL	N/A	BCES-01097
BCES-01104	MotorStorm: Apocalypse	English	PAL	N/A	BCES-01104
BCES-01115	Ico & Shadow of the Colossus	English	PAL	N/A	BCES-01115
BCES-01118	Resistance 3	Danish / Dutch / English / Finnish / French / German / Italian / Norwegian / Polish / Portuguese / Russian / Spanish / Swedish	PAL	N/A	BCES-01118
BCES-01121	Beyond: Two Souls	English	PAL	N/A	BCES-01121
BCES-01122	Beyond: Two Souls	Danish / English / Finnish / French / German / Italian / Norwegian / Swedish	PAL	N/A	BCES-01122
BCES-01123	Beyond: Two Souls	English / Greek / Portuguese / Russian / Spanish	PAL	N/A	BCES-01123
BCES-01141	Ratchet & Clank: All 4 One	Danish / Dutch / English / Finnish / French / German / Italian / Norwegian / Polish / Portuguese / Russian / Spanish / Swedish	PAL	N/A	BCES-01141
BCES-01142	Ratchet & Clank: All 4 One	English	PAL	N/A	BCES-01142
BCES-01143	inFamous 2	Dutch / English / French / German / Italian / Polish / Portuguese / Russian / Spanish	PAL	N/A	BCES-01143
BCES-01144	inFamous 2	English	PAL	N/A	BCES-01144
BCES-01156	White Knight Chronicles II	English	PAL	N/A	BCES-01156
BCES-01175	Uncharted 3: Drake's Deception	Czech / Danish / Dutch / English / Finnish / French / German / Greek / Italian / Norwegian / Polish / Portuguese / Russian / Spanish / Swedish / Turkish	PAL	N/A	BCES-01175
BCES-01176	Uncharted 3: Drake's Deception	English	PAL	N/A	BCES-01176
BCES-01180	PlayStation Move Heroes	English	PAL	N/A	BCES-01180
BCES-01186	Ape Escape	Dutch / English / French / German / Italian / Polish / Portuguese / Russian / Spanish	PAL	N/A	BCES-01186
BCES-01229	inFamous 2	Turkish	PAL	N/A	BCES-01229
BCES-01234	Starhawk	English	PAL	N/A	BCES-01234
BCES-01247	DanceStar Party	Danish / Dutch / English / Finnish / French / German / Italian / Norwegian / Polish / Portuguese / Russian / Spanish / Swedish	PAL	N/A	BCES-01247
BCES-01255	SingStar SuomiSuosikit	Danish / Dutch / English / Finnish / French / German / Italian / Norwegian / Portuguese / Russian / Spanish / Swedish	PAL	N/A	BCES-01255
BCES-01257	SingStar Back to the 80s	Afrikaans / Danish / Dutch / English / Finnish / French / German / Italian / Norwegian / Polish / Portuguese / Russian / Spanish / Swedish	PAL	N/A	BCES-01257
BCES-01258	SingStar Grandes Éxitos	Afrikaans / Danish / Dutch / English / Finnish / French / German / Italian / Norwegian / Polish / Portuguese / Russian / Spanish / Swedish	PAL	N/A	BCES-01258
BCES-01273	Start the Party! Save the World	Danish / Dutch / English / Finnish / French / German / Italian / Norwegian / Polish / Portuguese / Russian / Spanish / Swedish	PAL	N/A	BCES-01273
BCES-01274	Start the Party! Save the World	English	PAL	N/A	BCES-01274
BCES-01277	God of War Collection: Volume II	English / French / German / Italian / Polish / Russian / Spanish	PAL	N/A	BCES-01277
BCES-01278	God of War Collection: Volume II	English	PAL	N/A	BCES-01278
BCES-01279	Medieval Moves	Danish / Dutch / English / Finnish / French / German / Italian / Norwegian / Polish / Portuguese / Russian / Spanish / Swedish	PAL	N/A	BCES-01279
BCES-01284	Sly Cooper: Thieves in Time	Czech / Danish / Dutch / English / Finnish / French / German / Greek / Italian / Norwegian / Polish / Portuguese / Russian / Spanish / Swedish / Turkish	PAL	N/A	BCES-01284
BCES-01285	Sly Cooper: Thieves in Time	English	PAL	N/A	BCES-01285
BCES-01289	Puppeteer	English	PAL	N/A	BCES-01289
BCES-01293	Heavy Rain: Édition Modifiée	Dutch / English / French / German / Italian / Portuguese / Spanish	PAL	N/A	BCES-01293
BCES-01325	The Jak and Daxter Trilogy	English / French / German / Italian / Portuguese / Russian / Spanish	PAL	N/A	BCES-01325
BCES-01334	Move Mind Benders	Danish / Dutch / English / Finnish / French / German / Italian / Norwegian / Polish / Portuguese / Russian / Spanish / Swedish	PAL	N/A	BCES-01334
BCES-01335	After Hours Athletes	Danish / Dutch / English / Finnish / French / German / Italian / Norwegian / Polish / Portuguese / Russian / Spanish / Swedish	PAL	N/A	BCES-01335
BCES-01336	Medieval Moves	English	PAL	N/A	BCES-01336
BCES-01337	Move Fitness	Danish / Dutch / English / Finnish / French / German / Italian / Norwegian / Polish / Portuguese / Russian / Spanish / Swedish	PAL	N/A	BCES-01337
BCES-01353	Resistance 3	English	PAL	N/A	BCES-01353
BCES-01360	DanceStar Party	Danish / Dutch / English / Finnish / French / German / Italian / Norwegian / Polish / Portuguese / Russian / Spanish / Swedish	PAL	N/A	BCES-01360
BCES-01361	DanceStar Party	Danish / Dutch / English / Finnish / French / German / Italian / Norwegian / Polish / Portuguese / Russian / Spanish / Swedish	PAL	N/A	BCES-01361
BCES-01369	Carnival Island	Danish / Dutch / English / Finnish / French / German / Italian / Norwegian / Polish / Portuguese / Russian / Spanish / Swedish	PAL	N/A	BCES-01369
BCES-01370	Carnival Island	English	PAL	N/A	BCES-01370
BCES-01400	Twisted Metal	English	PAL	N/A	BCES-01400
BCES-01422	LittleBigPlanet Karting	Danish / Dutch / English / Finnish / French / German / Italian / Norwegian / Polish / Portuguese / Russian / Spanish / Swedish	PAL	N/A	BCES-01422
BCES-01423	LittleBigPlanet Karting	English	PAL	N/A	BCES-01423
BCES-01435	PlayStation All-Stars Battle Royale	Danish / Dutch / English / Finnish / French / German / Italian / Norwegian / Polish / Portuguese / Russian / Spanish / Swedish	PAL	N/A	BCES-01435
BCES-01436	PlayStation All-Stars Battle Royale	English	PAL	N/A	BCES-01436
BCES-01441	SingStar Return to the 80's	Afrikaans / Danish / Dutch / English / Finnish / French / German / Italian / Norwegian / Polish / Portuguese / Russian / Spanish / Swedish	PAL	N/A	BCES-01441
BCES-01454	Tekken Hybrid	English / French / German / Italian / Japanese / Korean / Spanish	PAL	N/A	BCES-01454
BCES-01491	EyePet & Friends	English	PAL	N/A	BCES-01491
BCES-01497	Ra.One: The Game	English	PAL	N/A	BCES-01497
BCES-01498	Move Street Cricket	English	PAL	N/A	BCES-01498
BCES-01503	The Ratchet & Clank Trilogy	English / French / German / Italian / Spanish	PAL	N/A	BCES-01503
BCES-01505	DanceStar Party Hits	Danish / Dutch / English / Finnish / French / German / Italian / Norwegian / Polish / Portuguese / Russian / Spanish / Swedish	PAL	N/A	BCES-01505
BCES-01509	Move Fitness	English	PAL	N/A	BCES-01509
BCES-01531	Wonderbook: Book of Spells	Bulgarian / Croatian / Czech / Danish / Dutch / English / Finnish / French / German / Greek / Hungarian / Italian / Norwegian / Polish / Portuguese / Romanian / Russian / Spanish / Swedish / Turkish	PAL	N/A	BCES-01531
BCES-01584	The Last of Us	Czech / Danish / Dutch / English / Finnish / French / German / Greek / Italian / Norwegian / Portuguese / Spanish / Swedish / Turkish	PAL	2013-06-14	BCES-01584
BCES-01585	The Last of Us	English / Polish / Russian	PAL	2013-06-14	BCES-01585
BCES-01594	Ratchet & Clank: QForce	Danish / Dutch / English / Finnish / French / German / Italian / Norwegian / Polish / Portuguese / Russian / Spanish / Swedish	PAL	N/A	BCES-01594
BCES-01598	Sports Champions 2	Danish / Dutch / English / Finnish / French / German / Italian / Norwegian / Polish / Portuguese / Russian / Spanish / Swedish	PAL	N/A	BCES-01598
BCES-01599	Sports Champions 2	English	PAL	N/A	BCES-01599
BCES-01626	Ratchet & Clank: QForce	English	PAL	N/A	BCES-01626
BCES-01645	Doctor Who: The Eternity Clock	English / French / German / Italian / Spanish	PAL	N/A	BCES-01645
BCES-01663	LittleBigPlanet 3	Danish / Dutch / English / Finnish / French / German / Italian / Norwegian / Polish / Portuguese / Russian / Spanish / Swedish	PAL	N/A	BCES-01663
BCES-01670	Uncharted 3: Drake's Deception: Game of the Year Edition	Czech / Danish / Dutch / English / Finnish / French / German / Greek / Italian / Norwegian / Polish / Portuguese / Russian / Spanish / Swedish / Turkish	PAL	N/A	BCES-01670
BCES-01692	Uncharted 3: Drake's Deception: Game of the Year Edition	English	PAL	N/A	BCES-01692
BCES-01693	LittleBigPlanet 2: Extras Edition	Danish / Dutch / English / Finnish / French / German / Italian / Norwegian / Polish / Portuguese / Russian / Spanish	PAL	N/A	BCES-01693
BCES-01694	LittleBigPlanet 2: Extras Edition	English	PAL	N/A	BCES-01694
BCES-01695	Move Street Cricket II	English	PAL	N/A	BCES-01695
BCES-01700	Invizimals: The Lost Kingdom	Danish / Dutch / English / Finnish / French / German / Italian / Norwegian / Polish / Portuguese / Russian / Spanish / Swedish	PAL	N/A	BCES-01700
BCES-01725	Wonderbook: Diggs Nightcrawler	Czech / Danish / Dutch / English / Finnish / French / German / Italian / Norwegian / Polish / Portuguese / Russian / Spanish / Swedish	PAL	N/A	BCES-01725
BCES-01726	DanceStar Party Hits	Danish / Dutch / English / Finnish / French / German / Italian / Norwegian / Polish / Portuguese / Russian / Spanish / Swedish	PAL	N/A	BCES-01726
BCES-01727	DanceStar Party Hits	Danish / Dutch / English / Finnish / French / German / Italian / Norwegian / Polish / Portuguese / Russian / Spanish / Swedish	PAL	N/A	BCES-01727
BCES-01735	SingStar SuomiHuiput	Afrikaans / Danish / Dutch / English / Finnish / French / German / Italian / Norwegian / Polish / Portuguese / Russian / Spanish / Swedish	PAL	N/A	BCES-01735
BCES-01740	Journey Collector's Edition	Danish / Dutch / English / Finnish / French / German / Italian / Norwegian / Polish / Portuguese / Russian / Spanish / Swedish	PAL	N/A	BCES-01740
BCES-01741	God of War: Ascension	Dutch / English / French / German / Greek / Italian / Polish / Portuguese / Russian / Spanish / Turkish	PAL	N/A	BCES-01741
BCES-01742	God of War: Ascension	English	PAL	N/A	BCES-01742
BCES-01743	Killzone	Dutch / English / French / German / Italian / Spanish	PAL	N/A	BCES-01743
BCES-01806	Wonderbook: Walking with Dinosaurs	Czech / Danish / Dutch / English / Finnish / French / German / Greek / Hungarian / Italian / Norwegian / Polish / Portuguese / Russian / Spanish / Swedish	PAL	N/A	BCES-01806
BCES-01866	Wonderbook: Book of Potions	Czech / Danish / Dutch / English / Finnish / French / German / Greek / Hungarian / Italian / Norwegian / Polish / Portuguese / Russian / Spanish / Swedish	PAL	N/A	BCES-01866
BCES-01888	Beyond: Two Souls	Croatian / Czech / Dutch / English / French / Hungarian / Polish / Turkish	PAL	N/A	BCES-01888
BCES-01893	Gran Turismo 6	Czech / Dutch / English / French / German / Greek / Hungarian / Italian / Japanese / Polish / Portuguese / Russian / Spanish / Turkish	PAL	N/A	BCES-01893
BCES-01908	Ratchet & Clank: Nexus	Danish / Dutch / English / Finnish / French / German / Italian / Norwegian / Polish / Portuguese / Russian / Spanish / Swedish	PAL	N/A	BCES-01908
BCES-01915	SingStar SuomiHelmet	Afrikaans / Danish / Dutch / English / Finnish / French / German / Italian / Norwegian / Polish / Portuguese / Russian / Spanish / Swedish	PAL	N/A	BCES-01915
BCES-01949	Ratchet & Clank: Nexus	English	PAL	N/A	BCES-01949
BCES-01953	Wonderbook: Walking with Dinosaurs	English	PAL	N/A	BCES-01953
BCES-01970	Invizimals: The Lost Kingdom	Greek / Italian / Portuguese / Spanish	PAL	N/A	BCES-01970
BCES-01977	Gran Turismo 6	English	PAL	N/A	BCES-01977
BCES-02025	SingStar Ultimate Party	Danish / Dutch / English / Finnish / French / German / Italian / Norwegian / Polish / Portuguese / Russian / Spanish / Swedish / Turkish	PAL	N/A	BCES-02025
BCES-02042	SingStar Ultimate Party	Danish / Dutch / English / Finnish / French / German / Italian / Norwegian / Polish / Portuguese / Russian / Spanish / Swedish / Turkish	PAL	N/A	BCES-02042
BCES-02043	SingStar MegaHits	Danish / Dutch / English / Finnish / French / German / Italian / Norwegian / Polish / Portuguese / Russian / Spanish / Swedish / Turkish	PAL	N/A	BCES-02043
BCES-02044	SingStar SuomiBileet	Danish / Dutch / English / Finnish / French / German / Italian / Norwegian / Polish / Portuguese / Russian / Spanish / Swedish / Turkish	PAL	N/A	BCES-02044
BCES-02045	SingStar Nova Geração	Danish / Dutch / English / Finnish / French / German / Italian / Norwegian / Polish / Portuguese / Russian / Spanish / Swedish / Turkish	PAL	N/A	BCES-02045
BCES-02046	SingStar Ultimate Party	Polish	PAL	N/A	BCES-02046
BCES-02068	LittleBigPlanet 3	English	PAL	N/A	BCES-02068
BCES-02111	SingStar Frozen: Il Regno di Ghiaccio	Danish / Dutch / English / Finnish / French / German / Italian / Norwegian / Polish / Portuguese / Russian / Spanish / Swedish / Turkish	PAL	N/A	BCES-02111
BCES-02112	SingStar Die Eiskönigin: Völlig unverfroren	English / German	PAL	N/A	BCES-02112
BCES-02113	SingStar Frozen: El Reino del Hielo	Danish / Dutch / English / Finnish / French / German / Italian / Norwegian / Polish / Portuguese / Russian / Spanish / Swedish / Turkish	PAL	N/A	BCES-02113
BCES-02118	SingStar Frozen: Kraina Lodu	Polish	PAL	N/A	BCES-02118
BCES-02120	SingStar Frozen: O Reino do Gelo	Danish / Dutch / English / Finnish / French / German / Italian / Norwegian / Polish / Portuguese / Russian / Spanish / Swedish / Turkish	PAL	N/A	BCES-02120
BCET-00006	Killzone 2	Danish / Dutch / English / Finnish / French / German / Italian / Norwegian / Polish / Portuguese / Russian / Spanish / Swedish	PAL	N/A	BCET-00006
BCET-00010	inFamous	English	PAL	N/A	BCET-00010
BCET-00012	EyePet	Danish / Dutch / English / Finnish / French / German / Italian / Norwegian / Polish / Portuguese / Russian / Spanish / Swedish	PAL	N/A	BCET-00012
BCET-00029	Wonderbook: Book of Spells	English	PAL	N/A	BCET-00029
BCJB-95001	Minna no Golf 5	Japanese	NTSC-J	N/A	BCJB-95001
BCJB-95002	Me Motion	N/A	NTSC-J	N/A	BCJB-95002
BCJB-95003	LittleBigPlanet	Danish / Dutch / English / Finnish / French / German / Italian / Japanese / Norwegian / Portuguese / Spanish / Swedish	NTSC-J	N/A	BCJB-95003
BCJB-95004	Gran Turismo 5: Prologue Spec III	N/A	NTSC-J	N/A	BCJB-95004
BCJB-95006	Torne	N/A	NTSC-J	N/A	BCJB-95006
BCJB-95008	Beat Sketch!	Japanese	NTSC-J	N/A	BCJB-95008
BCJB-95011	Sports Champions	English / Japanese	NTSC-J	N/A	BCJB-95011
BCJB-95013	Torne	N/A	NTSC-J	N/A	BCJB-95013
BCJB-95014	Minna no Golf 6	Japanese	NTSC-J	N/A	BCJB-95014
BCJB-95501	Uncharted: Sabaku ni Nemuru Atlantis	English / Japanese	NTSC-J	N/A	BCJB-95501
BCJB-95503	Gran Turismo 6	N/A	NTSC-J	N/A	BCJB-95503
BCJS-30001	Gran Turismo 5	English / Japanese	NTSC-J	N/A	BCJS-30001
BCJS-30002	Genji: Kamui Souran	Japanese	NTSC-J	N/A	BCJS-30002
BCJS-30003	Resistance: Jinrui Botsuraku no Hi	Dutch / English / French / German / Italian / Japanese / Korean / Portuguese / Spanish	NTSC-J	N/A	BCJS-30003
BCJS-30004	MotorStorm	N/A	NTSC-J	N/A	BCJS-30004
BCJS-30005	Formula One: Championship Edition	Japanese	NTSC-J	N/A	BCJS-30005
BCJS-30006	NBA 07	English	NTSC-J	N/A	BCJS-30006
BCJS-30007	The Eye of Judgment	N/A	NTSC-J	N/A	BCJS-30007
BCJS-30009	FolksSoul: Ushinawareta Denshou	N/A	NTSC-J	N/A	BCJS-30009
BCJS-30010	Boku no Natsuyasumi 3: Kitaguni-hen: Chiisana Boku no Daisougen	Japanese	NTSC-J	N/A	BCJS-30010
BCJS-30011	Minna no Golf 5	Japanese	NTSC-J	N/A	BCJS-30011
BCJS-30012	Rise from Lair	N/A	NTSC-J	N/A	BCJS-30012
BCJS-30014	Ratchet & Clank Future	Chinese / Danish / Dutch / English / Finnish / French / German / Italian / Japanese / Korean / Norwegian / Portuguese / Spanish / Swedish	NTSC-J	N/A	BCJS-30014
BCJS-30015	Uncharted: El Dorado no Hihou	English / Japanese	NTSC-J	N/A	BCJS-30015
BCJS-30016	Heavenly Sword	N/A	NTSC-J	N/A	BCJS-30016
BCJS-30017	Gran Turismo 5: Prologue	Japanese	NTSC-J	N/A	BCJS-30017
BCJS-30018	LittleBigPlanet	Danish / Dutch / English / Finnish / French / German / Italian / Japanese / Norwegian / Portuguese / Spanish / Swedish	NTSC-J	N/A	BCJS-30018
BCJS-30019	MotorStorm Complete	N/A	NTSC-J	N/A	BCJS-30019
BCJS-30020	Siren: New Translation	Japanese	NTSC-J	N/A	BCJS-30020
BCJS-30021	Afrika	Japanese	NTSC-J	N/A	BCJS-30021
BCJS-30022	Demon's Souls	Japanese	NTSC-J	N/A	BCJS-30022
BCJS-30023	Aquanaut's Holiday: Kakusareta Kiroku	Japanese	NTSC-J	N/A	BCJS-30023
BCJS-30024	SOCOM: Confrontation	N/A	NTSC-J	N/A	BCJS-30024
BCJS-30026	Derby Time Online	N/A	NTSC-J	N/A	BCJS-30026
BCJS-30027	MotorStorm II	N/A	NTSC-J	N/A	BCJS-30027
BCJS-30029	Resistance 2	Danish / Dutch / English / Finnish / French / German / Italian / Japanese / Korean / Norwegian / Portuguese / Spanish / Swedish	NTSC-J	N/A	BCJS-30029
BCJS-30030	Shirokishi Monogatari: Inishie no Kodou	Japanese	NTSC-J	N/A	BCJS-30030
BCJS-30032	Killzone 2	Chinese / Danish / Dutch / English / Finnish / French / German / Italian / Japanese / Korean / Norwegian / Polish / Portuguese / Russian / Spanish / Swedish	NTSC-J	N/A	BCJS-30032
BCJS-30033	The Last Guy	N/A	NTSC-J	N/A	BCJS-30033
BCJS-30034	Toro to Morimori	Japanese	NTSC-J	N/A	BCJS-30034
BCJS-30035	Uncharted: Ougontou to Kieta Sendan	English / Japanese	NTSC-J	N/A	BCJS-30035
BCJS-30036	MAG: Massive Action Game	Japanese	NTSC-J	N/A	BCJS-30036
BCJS-30037	inFamous: Akumyou Takaki Otoko	N/A	NTSC-J	N/A	BCJS-30037
BCJS-30038	Ratchet & Clank Future 2	English / Japanese	NTSC-J	N/A	BCJS-30038
BCJS-30039	Shirokishi Monogatari: Inishie no Kodou: EX Edition	N/A	NTSC-J	N/A	BCJS-30039
BCJS-30040	Heavy Rain: Kokoro no Kishimu Toki	N/A	NTSC-J	N/A	BCJS-30040
BCJS-30041	ModNation: Mugen no Kart Oukoku	N/A	NTSC-J	N/A	BCJS-30041
BCJS-30042	Shirokishi Monogatari: Hikari to Yami no Kakusei	Japanese	NTSC-J	N/A	BCJS-30042
BCJS-30050	Gran Turismo 5	English / Japanese	NTSC-J	N/A	BCJS-30050
BCJS-30052	SOCOM 4: U.S. Navy SEALs	N/A	NTSC-J	N/A	BCJS-30052
BCJS-30053	Sports Champions	English / Japanese	NTSC-J	N/A	BCJS-30053
BCJS-30054	Furi Furi! Saru Get You	N/A	NTSC-J	N/A	BCJS-30054
BCJS-30055	Machi Suberi	Japanese	NTSC-J	N/A	BCJS-30055
BCJS-30056	Move de Party	Japanese	NTSC-J	N/A	BCJS-30056
BCJS-30057	Me & My Pet	N/A	NTSC-J	N/A	BCJS-30057
BCJS-30058	LittleBigPlanet 2	Japanese	NTSC-J	N/A	BCJS-30058
BCJS-30060	Shooting Studio	N/A	NTSC-J	N/A	BCJS-30060
BCJS-30061	Sly Cooper Collection	Japanese	NTSC-J	N/A	BCJS-30061
BCJS-30062	Nikudan	English / Japanese	NTSC-J	N/A	BCJS-30062
BCJS-30063	TV Superstar	N/A	NTSC-J	N/A	BCJS-30063
BCJS-30065	Mugen Kairou: Hikari to Kage no Hako	Japanese	NTSC-J	N/A	BCJS-30065
BCJS-30067	Fure! Fure! Bowling	N/A	NTSC-J	N/A	BCJS-30067
BCJS-30068	Tsumiki Bloq	N/A	NTSC-J	N/A	BCJS-30068
BCJS-30069	Tokyo Jungle	Japanese	NTSC-J	N/A	BCJS-30069
BCJS-30070	Ico	Japanese	NTSC-J	N/A	BCJS-30070
BCJS-30071	Wander to Kyozou	Japanese	NTSC-J	N/A	BCJS-30071
BCJS-30072	Gachinko Heroes	N/A	NTSC-J	N/A	BCJS-30072
BCJS-30073	Ico	Japanese	NTSC-J	N/A	BCJS-30073
BCJS-30074	Wander to Kyozou	Japanese	NTSC-J	N/A	BCJS-30074
BCJS-30075	inFamous 2	N/A	NTSC-J	N/A	BCJS-30075
BCJS-30076	Starhawk	N/A	NTSC-J	N/A	BCJS-30076
BCJS-30077	Bleach: Soul Ignition	Japanese	NTSC-J	N/A	BCJS-30077
BCJS-30078	Puppeteer	English / Japanese	NTSC-J	N/A	BCJS-30078
BCJS-30080	God of War: Rakujitsu no Hisoukyoku & Koutan no Kokuin: HD Collection	Japanese	NTSC-J	N/A	BCJS-30080
BCJS-30081	Ratchet & Clank: All 4 One	N/A	NTSC-J	N/A	BCJS-30081
BCJS-30082	Happy Charlie to Soratobu Carnival	N/A	NTSC-J	N/A	BCJS-30082
BCJS-30083	Lord of Sorcery	N/A	NTSC-J	N/A	BCJS-30083
BCJS-30084	Ratchet & Clank 1, 2, 3: Ginga Saikyou Gorgeous Pack	N/A	NTSC-J	N/A	BCJS-30084
BCJS-30085	LittleBigPlanet Karting	N/A	NTSC-J	N/A	BCJS-30085
BCJS-30086	Sports Champions 2	N/A	NTSC-J	N/A	BCJS-30086
BCJS-30087	Wonderbook: Book of Spells	N/A	NTSC-J	N/A	BCJS-30087
BCJS-30088	PlayStation All-Stars Battle Royale	English / Japanese	NTSC-J	N/A	BCJS-30088
BCJS-30089	Minna no Golf 6	Japanese	NTSC-J	N/A	BCJS-30089
BCJS-30093	Rain	Japanese	NTSC-J	N/A	BCJS-30093
BCJS-30094	Ratchet & Clank: Ginga Saikyou Tri-Star Pack	N/A	NTSC-J	N/A	BCJS-30094
BCJS-30095	LittleBigPlanet 3	N/A	NTSC-J	N/A	BCJS-30095
BCJS-30100	Gran Turismo 5: Spec II	N/A	NTSC-J	N/A	BCJS-30100
BCJS-35001	Destiny	English / French / German / Italian / Japanese / Portuguese / Spanish	NTSC-J	N/A	BCJS-35001
BCJS-35002	Destiny	English / French / German / Italian / Japanese / Portuguese / Spanish	NTSC-J	N/A	BCJS-35002
BCJS-35003	Call of Duty: Black Ops III	N/A	NTSC-J	N/A	BCJS-35003
BCJS-37001	God of War III	Japanese	NTSC-J	N/A	BCJS-37001
BCJS-37002	God of War III	Japanese	NTSC-J	N/A	BCJS-37002
BCJS-37003	Killzone 3	English / Japanese	NTSC-J	N/A	BCJS-37003
BCJS-37004	Uncharted: Sabaku ni Nemuru Atlantis	English / Japanese	NTSC-J	N/A	BCJS-37004
BCJS-37006	Resistance 3	English / Japanese	NTSC-J	N/A	BCJS-37006
BCJS-37008	God of War: Ascension	English / Japanese	NTSC-J	N/A	BCJS-37008
BCJS-37010	The Last of Us	English / Japanese	NTSC-J	2013-06-20	BCJS-37010
BCJS-37011	Beyond: Two Souls	N/A	NTSC-J	N/A	BCJS-37011
BCJS-70002	FolksSoul: Ushinawareta Denshou	N/A	NTSC-J	N/A	BCJS-70002
BCJS-70004	Ratchet & Clank Future	Chinese / Danish / Dutch / English / Finnish / French / German / Italian / Japanese / Korean / Norwegian / Portuguese / Spanish / Swedish	NTSC-J	N/A	BCJS-70004
BCJS-70005	Minna no Golf 5	Japanese	NTSC-J	N/A	BCJS-70005
BCJS-70006	Siren: New Translation	Japanese	NTSC-J	N/A	BCJS-70006
BCJS-70007	Uncharted: El Dorado no Hihou	English / Japanese	NTSC-J	N/A	BCJS-70007
BCJS-70008	Afrika	Japanese	NTSC-J	N/A	BCJS-70008
BCJS-70009	LittleBigPlanet	Danish / Dutch / English / Finnish / French / German / Italian / Japanese / Norwegian / Portuguese / Spanish / Swedish	NTSC-J	N/A	BCJS-70009
BCJS-70010	Resistance: Jinrui Botsuraku no Hi	Dutch / English / French / German / Italian / Japanese / Korean / Portuguese / Spanish	NTSC-J	N/A	BCJS-70010
BCJS-70012	Ratchet & Clank Future	Chinese / Danish / Dutch / English / Finnish / French / German / Italian / Japanese / Korean / Norwegian / Portuguese / Spanish / Swedish	NTSC-J	N/A	BCJS-70012
BCJS-70013	Demon's Souls	Japanese	NTSC-J	N/A	BCJS-70013
BCJS-70015	Uncharted: El Dorado no Hihou	English / Japanese	NTSC-J	N/A	BCJS-70015
BCJS-70017	Heavy Rain: Kokoro no Kishimu Toki: PlayStation Move Taiou	N/A	NTSC-J	N/A	BCJS-70017
BCJS-70019	Shirokishi Monogatari: Hikari to Yami no Kakusei	Japanese	NTSC-J	N/A	BCJS-70019
BCJS-70020	Minna no Golf 5	N/A	NTSC-J	N/A	BCJS-70020
BCJS-70021	Uncharted: Ougontou to Kieta Sendan	English / Japanese	NTSC-J	N/A	BCJS-70021
BCJS-70023	inFamous 2	N/A	NTSC-J	N/A	BCJS-70023
BCJS-70024	LittleBigPlanet 2	Japanese	NTSC-J	N/A	BCJS-70024
BCJS-70025	Bleach: Soul Ignition	Japanese	NTSC-J	N/A	BCJS-70025
BCJS-70027	Tokyo Jungle	Japanese	NTSC-J	N/A	BCJS-70027
BCJS-75004	The Last of Us	English / Japanese	NTSC-J	2015-01-22	BCJS-75004
BCJX-96001	Gran Turismo HD Concept	Japanese	NTSC-J	N/A	BCJX-96001
BCJX-96003	PlayStation 3 Special Demo Disc	Japanese	NTSC-J	N/A	BCJX-96003
BCJX-96004	PlayStation 3 Special Demo Disc	Japanese	NTSC-J	N/A	BCJX-96004
BCJX-96005	Motto Asobou: PlayStation Move Taiken Disc	N/A	NTSC-J	N/A	BCJX-96005
BCJX-96008	Ratchet & Clank: All 4 One	N/A	NTSC-J	N/A	BCJX-96008
BCJX-96010	Puppeteer	N/A	NTSC-J	N/A	BCJX-96010
BCKS-10002	MotorStorm	N/A	NTSC-J	N/A	BCKS-10002
BCKS-10006	MLB 07: The Show	English	NTSC-J	N/A	BCKS-10006
BCKS-10011	Lair	Chinese / Danish / Dutch / English / Finnish / French / German / Italian / Japanese / Korean / Norwegian / Portuguese / Spanish / Swedish	NTSC-J	N/A	BCKS-10011
BCKS-10012	Warhawk	N/A	NTSC-J	N/A	BCKS-10012
BCKS-10013	Ninja Gaiden Sigma	English / Japanese	NTSC-J	N/A	BCKS-10013
BCKS-10018	FolksSoul: Ilheobeorin Jeonseung	English / Korean	NTSC-J	N/A	BCKS-10018
BCKS-10024	Beowulf: The Game	English / French / German / Italian / Spanish	NTSC-J	N/A	BCKS-10024
BCKS-10028	The Golden Compass	English	NTSC-J	N/A	BCKS-10028
BCKS-10030	Gran Turismo 5: Prologue	Korean	NTSC-J	N/A	BCKS-10030
BCKS-10039	Ridge Racer 7	English / Japanese	NTSC-J	N/A	BCKS-10039
BCKS-10043	The Club	English / French / Italian / Spanish	NTSC-J	N/A	BCKS-10043
BCKS-10050	Battle Fantasia	Japanese	NTSC-J	N/A	BCKS-10050
BCKS-10059	LittleBigPlanet	N/A	NTSC-J	N/A	BCKS-10059
BCKS-10063	Hakuna Matata	Chinese / English / Korean	NTSC-J	N/A	BCKS-10063
BCKS-10065	Sonic Unleashed	English / French / German / Italian / Japanese / Spanish	NTSC-U	N/A	BCKS-10065
BCKS-10071	Demon's Souls	Chinese / English / Korean	NTSC-J	N/A	BCKS-10071
BCKS-10084	Uncharted: Drake's Fortune	Chinese / English / Korean	NTSC-J	N/A	BCKS-10084
BCKS-10093	God of War Collection	English	NTSC-U	N/A	BCKS-10093
BCKS-10094	WipEout HD Fury	Chinese / Korean	NTSC-J	N/A	BCKS-10094
BCKS-10096	Gran Turismo 5	Chinese / English / Korean	NTSC-J	N/A	BCKS-10096
BCKS-10097	EyePet	N/A	NTSC-J	N/A	BCKS-10097
BCKS-10099	MAG	English / French / German / Italian / Japanese / Korean / Polish / Portuguese / Russian / Spanish	NTSC-J	N/A	BCKS-10099
BCKS-10100	Bayonetta	English / French / German / Italian / Japanese / Spanish	NTSC-J	N/A	BCKS-10100
BCKS-10111	Ryuu ga Gotoku 4: Densetsu o Tsugu Mono	Japanese	NTSC-J	N/A	BCKS-10111
BCKS-10112	No More Heroes: Eiyuu-tachi no Rakuen	Japanese	NTSC-J	N/A	BCKS-10112
BCKS-10113	Heavy Rain	Chinese / English / Korean	NTSC-J	N/A	BCKS-10113
BCKS-10121	MLB 10: The Show	English	NTSC-U	N/A	BCKS-10121
BCKS-10128	Front Mission Evolved	English / French / German / Italian / Spanish	NTSC-J	N/A	BCKS-10128
BCKS-10138	TV Superstars	N/A	NTSC-J	N/A	BCKS-10138
BCKS-10140	Start the Party!	N/A	NTSC-J	N/A	BCKS-10140
BCKS-10141	Kung Fu Rider	N/A	NTSC-J	N/A	BCKS-10141
BCKS-10148	Echochrome II	Chinese / English / Korean	NTSC-J	N/A	BCKS-10148
BCKS-10161	Catherine	Korean	NTSC-J	N/A	BCKS-10161
BCKS-10178	Magye Jeongi Disgaea 4	Korean	NTSC-J	N/A	BCKS-10178
BCKS-10195	Call of Duty: Modern Warfare 3	English	NTSC-U	N/A	BCKS-10195
BCKS-10202	Disney Universe	English / French / Spanish	NTSC-U	N/A	BCKS-10202
BCKS-10207	Final Fantasy XIII-2	Chinese / English / Korean	NTSC-J	N/A	BCKS-10207
BCKS-10216	Sorcery	Chinese / English / Korean	NTSC-J	N/A	BCKS-10216
BCKS-10217	Tokyo Jungle	Chinese / Korean	NTSC-J	N/A	BCKS-10217
BCKS-10220	Prototype 2	English / French	NTSC-U	N/A	BCKS-10220
BCKS-10231	Sports Champions 2	N/A	NTSC-J	N/A	BCKS-10231
BCKS-10238	Disney Epic Mickey 2: The Power of Two	English / French / Portuguese / Spanish	NTSC-U	N/A	BCKS-10238
BCKS-10241	Tomb Raider	Chinese / English / Korean	NTSC-J	N/A	BCKS-10241
BCKS-10245	Wonderbook: Book of Spells	N/A	NTSC-J	N/A	BCKS-10245
BCKS-10254	Final Fantasy X | X-2: HD Remaster	Chinese / Korean	NTSC-J	N/A	BCKS-10254
BCKS-10264	Disgaea D2	Chinese / Korean	NTSC-J	N/A	BCKS-10264
BCKS-10276	The Evil Within	Korean	NTSC-J	N/A	BCKS-10276
BCKS-15001	Final Fantasy XIII	Japanese	NTSC-J	N/A	BCKS-15001
BCKS-15002	Final Fantasy XIII	Japanese	NTSC-J	N/A	BCKS-15002
BCKS-15003	God of War III	Korean	NTSC-J	N/A	BCKS-15003
BCKS-15004	Final Fantasy XIII	Chinese / English / Korean	NTSC-J	N/A	BCKS-15004
BCKS-15007	God of War III	Korean	NTSC-J	N/A	BCKS-15007
BCKS-15008	Final Fantasy XIII	Chinese / English / Korean	NTSC-J	N/A	BCKS-15008
BCKS-15011	Uncharted 3: Drake's Deception: Game of the Year Edition	Chinese / English / Korean	NTSC-J	N/A	BCKS-15011
BCKS-15012	God of War: Ascension	Chinese / English / Korean	NTSC-J	N/A	BCKS-15012
BCKS-15013	The Last of Us	Chinese / English / Korean	NTSC-J	2013-06-14	BCKS-15013
BCKS-15014	Beyond: Two Souls	Chinese / English / Korean	NTSC-J	N/A	BCKS-15014
BCKS-93001	Tekken Hybrid	English / French / German / Italian / Japanese / Korean / Spanish	NTSC-J	N/A	BCKS-93001
BCUS-00236	MLB 15: The Show	English	NTSC-U	N/A	BCUS-00236
BCUS-01089	MLB The Show 16	English	NTSC-U	N/A	BCUS-01089
BCUS-81138	LittleBigPlanet 3	English / Portuguese / Spanish	NTSC-U	N/A	BCUS-81138
BCUS-90142	Mercenaries 2: World in Flames	English / French / German / Italian / Russian / Spanish	NTSC-U	N/A	BCUS-90142
BCUS-90143	Tomb Raider: Underworld	Dutch / English / French / German / Italian / Spanish	NTSC-U	N/A	BCUS-90143
BCUS-90162	Call of Duty: Black Ops	English / French	NTSC-U	N/A	BCUS-90162
BCUS-90190	The Ico & Shadow of the Colossus Collection	English / French / Spanish	NTSC-U	N/A	BCUS-90190
BCUS-90259	Ratchet & Clank: All 4 One	English / French / Spanish	NTSC-U	N/A	BCUS-90259
BCUS-90260	LittleBigPlanet 2: Special Edition	English / French / Portuguese / Spanish	NTSC-U	N/A	BCUS-90260
BCUS-90490	Sports Champions / Medieval Moves: Deadmund's Quest Combo Disc	English / French / Portuguese / Spanish	NTSC-U	N/A	BCUS-90490
BCUS-90637	MLB 12: The Show	English	NTSC-U	N/A	BCUS-90637
BCUS-90660	PlayStation Move Game Demo Disc Volume 2	English / French / Spanish	NTSC-U	N/A	BCUS-90660
BCUS-90664	Resistance 2	Danish / Dutch / English / Finnish / French / German / Italian / Japanese / Korean / Norwegian / Portuguese / Spanish / Swedish	NTSC-U	N/A	BCUS-90664
BCUS-90762	PlayStation Move Game Demo Disc Volume 3	English / French / Spanish	NTSC-U	N/A	BCUS-90762
BCUS-94344	SingStar Latino	English / Portuguese / Spanish	NTSC-U	N/A	BCUS-94344
BCUS-98102	NBA 07	English	NTSC-U	N/A	BCUS-98102
BCUS-98103	Uncharted: Drake's Fortune	Danish / Dutch / English / Finnish / French / German / Italian / Norwegian / Portuguese / Spanish / Swedish	NTSC-U	N/A	BCUS-98103
BCUS-98106	Twisted Metal	English / French / Spanish	NTSC-U	N/A	BCUS-98106
BCUS-98107	Resistance: Fall of Man	Dutch / English / French / German / Italian / Japanese / Korean / Portuguese / Spanish	NTSC-U	N/A	BCUS-98107
BCUS-98109	MLB 07: The Show	English	NTSC-U	N/A	BCUS-98109
BCUS-98110	MAG	N/A	NTSC-U	N/A	BCUS-98110
BCUS-98111	God of War III	English	NTSC-U	N/A	BCUS-98111
BCUS-98112	Lair	English	NTSC-U	N/A	BCUS-98112
BCUS-98114	Gran Turismo 5	English / French / Japanese / Portuguese / Spanish	NTSC-U	N/A	BCUS-98114
BCUS-98115	Hot Shots Golf: Out of Bounds	English	NTSC-U	N/A	BCUS-98115
BCUS-98116	Killzone 2	Danish / Dutch / English / Finnish / French / German / Italian / Norwegian / Polish / Portuguese / Russian / Spanish / Swedish	NTSC-U	N/A	BCUS-98116
BCUS-98117	Warhawk	English	NTSC-U	N/A	BCUS-98117
BCUS-98119	inFamous	English / French / Spanish	NTSC-U	N/A	BCUS-98119
BCUS-98120	Resistance 2	Danish / Dutch / English / Finnish / French / German / Italian / Japanese / Korean / Norwegian / Portuguese / Spanish / Swedish	NTSC-U	N/A	BCUS-98120
BCUS-98123	Uncharted 2: Among Thieves	English / French / Spanish	NTSC-U	N/A	BCUS-98123
BCUS-98124	Ratchet & Clank Future: A Crack in Time	English / French / Spanish	NTSC-U	N/A	BCUS-98124
BCUS-98125	inFamous 2	English / French / Portuguese / Spanish	NTSC-U	N/A	BCUS-98125
BCUS-98127	Ratchet & Clank Future: Tools of Destruction	Chinese / Danish / Dutch / English / Finnish / French / German / Italian / Japanese / Korean / Norwegian / Portuguese / Spanish / Swedish	NTSC-U	N/A	BCUS-98127
BCUS-98131	Genji: Days of the Blade	English	NTSC-U	N/A	BCUS-98131
BCUS-98132	Heavenly Sword	English / French / German / Italian / Spanish	NTSC-U	N/A	BCUS-98132
BCUS-98133	The Eye of Judgment	English / French / German / Italian / Japanese / Spanish	NTSC-U	N/A	BCUS-98133
BCUS-98135	SOCOM 4: U.S. Navy SEALs	English / French / Portuguese / Spanish	NTSC-U	N/A	BCUS-98135
BCUS-98137	MotorStorm	English / French / Spanish	NTSC-U	N/A	BCUS-98137
BCUS-98141	MLB 08: The Show	English	NTSC-U	N/A	BCUS-98141
BCUS-98142	Formula One: Championship Edition	English	NTSC-U	N/A	BCUS-98142
BCUS-98144	NBA 08 featuring Games of the Week	English	NTSC-U	N/A	BCUS-98144
BCUS-98145	Buzz! Quiz TV	English	NTSC-U	N/A	BCUS-98145
BCUS-98146	White Knight Chronicles: International Edition	English / French / Spanish	NTSC-U	N/A	BCUS-98146
BCUS-98147	Folklore	English / French / German / Italian / Spanish	NTSC-U	N/A	BCUS-98147
BCUS-98148	LittleBigPlanet	Danish / Dutch / English / Finnish / French / German / Italian / Norwegian / Portuguese / Spanish / Swedish	NTSC-U	N/A	BCUS-98148
BCUS-98151	SingStar	Danish / Dutch / English / Finnish / French / German / Italian / Norwegian / Portuguese / Spanish / Swedish	NTSC-U	N/A	BCUS-98151
BCUS-98152	SOCOM: U.S. Navy SEALs: Confrontation	Danish / Dutch / English / Finnish / French / German / Italian / Japanese / Korean / Norwegian / Portuguese / Russian / Spanish / Swedish	NTSC-U	N/A	BCUS-98152
BCUS-98153	Ratchet & Clank Future: Tools of Destruction	Dutch / English / French / German / Italian / Japanese / Korean / Portuguese / Spanish	NTSC-U	N/A	BCUS-98153
BCUS-98155	MotorStorm: Pacific Rift	English / French / Spanish	NTSC-U	N/A	BCUS-98155
BCUS-98158	Gran Turismo 5: Prologue	English / French	NTSC-U	N/A	BCUS-98158
BCUS-98161	SingStar	Danish / Dutch / English / Finnish / French / German / Italian / Norwegian / Portuguese / Spanish / Swedish	NTSC-U	N/A	BCUS-98161
BCUS-98162	Warhawk	English	NTSC-U	N/A	BCUS-98162
BCUS-98164	Heavy Rain	English / French / Portuguese / Spanish	NTSC-U	N/A	BCUS-98164
BCUS-98165	NBA 09: The Inside	English	NTSC-U	N/A	BCUS-98165
BCUS-98167	ModNation Racers	English / French / Spanish	NTSC-U	N/A	BCUS-98167
BCUS-98169	PlayStation 3 System Software Update (Version 2.0)	English / French	NTSC-U	N/A	BCUS-98169
BCUS-98174	The Last of Us	English / French / Portuguese / Spanish	NTSC-U	2013-06-14	BCUS-98174
BCUS-98175	Ratchet & Clank: All 4 One	English / French / Spanish	NTSC-U	N/A	BCUS-98175
BCUS-98176	Resistance 3	English / French / Spanish	NTSC-U	N/A	BCUS-98176
BCUS-98177	Sports Champions	English / French / Portuguese / Spanish	NTSC-U	N/A	BCUS-98177
BCUS-98180	MLB 09: The Show	English	NTSC-U	N/A	BCUS-98180
BCUS-98181	Starhawk	English / French / Portuguese / Spanish	NTSC-U	N/A	BCUS-98181
BCUS-98183	SOCOM: U.S. Navy SEALs: Confrontation	Danish / Dutch / English / Finnish / French / German / Italian / Japanese / Korean / Norwegian / Portuguese / Russian / Spanish / Swedish	NTSC-U	N/A	BCUS-98183
BCUS-98186	SingStar Vol. 2	Danish / Dutch / English / Finnish / French / German / Italian / Norwegian / Portuguese / Spanish / Swedish	NTSC-U	N/A	BCUS-98186
BCUS-98190	Resistance 2	Danish / Dutch / English / Finnish / French / German / Italian / Japanese / Korean / Norwegian / Portuguese / Spanish / Swedish	NTSC-U	N/A	BCUS-98190
BCUS-98192	SingStar ABBA	Danish / Dutch / English / Finnish / French / German / Italian / Norwegian / Portuguese / Spanish / Swedish	NTSC-U	N/A	BCUS-98192
BCUS-98199	LittleBigPlanet	Chinese / Danish / Dutch / English / Finnish / French / German / Italian / Japanese / Korean / Norwegian / Portuguese / Spanish / Swedish	NTSC-U	N/A	BCUS-98199
BCUS-98203	Sorcery	English / French / Spanish	NTSC-U	N/A	BCUS-98203
BCUS-98206	SingStar Queen	Danish / Dutch / English / Finnish / French / German / Italian / Norwegian / Portuguese / Russian / Spanish / Swedish	NTSC-U	N/A	BCUS-98206
BCUS-98207	MLB 10: The Show	English	NTSC-U	N/A	BCUS-98207
BCUS-98208	LittleBigPlanet: Game of the Year Edition	Chinese / Danish / Dutch / English / Finnish / French / German / Italian / Japanese / Korean / Norwegian / Portuguese / Russian / Spanish / Swedish	NTSC-U	N/A	BCUS-98208
BCUS-98209	Buzz! Quiz World	English	NTSC-U	N/A	BCUS-98209
BCUS-98214	EyePet	English / French / Portuguese / Spanish	NTSC-U	N/A	BCUS-98214
BCUS-98215	Buzz! Quiz World	English	NTSC-U	N/A	BCUS-98215
BCUS-98220	Start the Party!	English / French / Portuguese / Spanish	NTSC-U	N/A	BCUS-98220
BCUS-98222	The Shoot	English / French / Portuguese / Spanish	NTSC-U	N/A	BCUS-98222
BCUS-98224	TV Superstars	English / French / Portuguese / Spanish	NTSC-U	N/A	BCUS-98224
BCUS-98227	Puppeteer	English / French / Portuguese / Spanish	NTSC-U	N/A	BCUS-98227
BCUS-98229	God of War Collection	English	NTSC-U	N/A	BCUS-98229
BCUS-98232	God of War: Ascension	English / French / Portuguese / Spanish	NTSC-U	N/A	BCUS-98232
BCUS-98233	Uncharted 3: Drake's Deception	English / French / Portuguese / Spanish	NTSC-U	N/A	BCUS-98233
BCUS-98234	Killzone 3	Chinese / Danish / Dutch / English / Finnish / French / German / Italian / Japanese / Korean / Norwegian / Polish / Portuguese / Russian / Spanish / Swedish / Turkish	NTSC-U	N/A	BCUS-98234
BCUS-98235	EyePet & Friends	English / French / Portuguese / Spanish	NTSC-U	N/A	BCUS-98235
BCUS-98242	MotorStorm: Apocalypse	Danish / Dutch / English / Finnish / French / German / Italian / Korean / Norwegian / Polish / Portuguese / Russian / Spanish / Swedish	NTSC-U	N/A	BCUS-98242
BCUS-98245	LittleBigPlanet 2	English / French / Portuguese / Spanish	NTSC-U	N/A	BCUS-98245
BCUS-98246	The Sly Collection	English / French / Spanish	NTSC-U	N/A	BCUS-98246
BCUS-98247	Sly Cooper: Thieves in Time	English / French / Portuguese / Spanish	NTSC-U	N/A	BCUS-98247
BCUS-98248	PlayStation Move Heroes	English / French / Spanish	NTSC-U	N/A	BCUS-98248
BCUS-98251	MLB 11: The Show	English	NTSC-U	N/A	BCUS-98251
BCUS-98253	God of War Collection	English / French / German / Italian / Russian / Spanish	PAL	N/A	BCUS-98253
BCUS-98254	LittleBigPlanet Karting	English / French / Portuguese / Spanish	NTSC-U	N/A	BCUS-98254
BCUS-98255	The Fight: Lights Out	English / French / Portuguese / Spanish	NTSC-U	N/A	BCUS-98255
BCUS-98257	Uncharted 2: Among Thieves	English / French / Spanish	NTSC-U	N/A	BCUS-98257
BCUS-98259	The Ico & Shadow of the Colossus Collection	English / French / Spanish	NTSC-U	N/A	BCUS-98259
BCUS-98261	High Velocity Bowling	English / French / Spanish	NTSC-U	N/A	BCUS-98261
BCUS-98266	SingStar Dance	Danish / Dutch / English / Finnish / French / German / Italian / Norwegian / Polish / Portuguese / Russian / Spanish / Swedish	NTSC-U	N/A	BCUS-98266
BCUS-98269	Wonderbook: Walking with Dinosaurs	English / French / Portuguese / Spanish	NTSC-U	N/A	BCUS-98269
BCUS-98270	Kung Fu Rider	English / French / Portuguese / Spanish	NTSC-U	N/A	BCUS-98270
BCUS-98271	Carnival Island	English / French / Spanish	NTSC-U	N/A	BCUS-98271
BCUS-98278	Sports Champions 2	English / French / Portuguese / Spanish	NTSC-U	N/A	BCUS-98278
BCUS-98279	Medieval Moves: Deadmund's Quest	English / French / Portuguese / Spanish	NTSC-U	N/A	BCUS-98279
BCUS-98280	Heavy Rain: Director's Cut	English / French / Portuguese / Spanish	NTSC-U	N/A	BCUS-98280
BCUS-98281	Jak and Daxter Collection	English / French / Spanish	NTSC-U	N/A	BCUS-98281
BCUS-98282	Ratchet & Clank Collection	English / French / Spanish	NTSC-U	N/A	BCUS-98282
BCUS-98286	Killzone 3	Chinese / Danish / Dutch / English / Finnish / French / German / Italian / Japanese / Korean / Norwegian / Polish / Portuguese / Russian / Spanish / Swedish / Turkish	NTSC-U	N/A	BCUS-98286
BCUS-98289	God of War: Origins Collection	English / French / Spanish	NTSC-U	N/A	BCUS-98289
BCUS-98295	MLB 12: The Show	English	NTSC-U	N/A	BCUS-98295
BCUS-98296	Gran Turismo 6	English / French / Japanese	NTSC-U	N/A	BCUS-98296
BCUS-98298	Beyond: Two Souls	English / French	NTSC-U	N/A	BCUS-98298
BCUS-98359	Wonderbook: Book of Spells	Czech / Danish / Dutch / English / Finnish / French / German / Italian / Norwegian / Polish / Portuguese / Russian / Spanish / Swedish / Turkish	NTSC-U	N/A	BCUS-98359
BCUS-98362	LittleBigPlanet 3	English / French	NTSC-U	N/A	BCUS-98362
BCUS-98365	Everybody Dance	Danish / Dutch / English / Finnish / French / German / Italian / Norwegian / Polish / Portuguese / Russian / Spanish / Swedish	NTSC-U	N/A	BCUS-98365
BCUS-98368	PlayStation Move Puzzle Collection	English / French / Portuguese / Spanish	NTSC-U	N/A	BCUS-98368
BCUS-98369	PlayStation Move Indoor Sports Collection	N/A	NTSC-U	N/A	BCUS-98369
BCUS-98372	LittleBigPlanet 2: Special Edition	English / French / Portuguese / Spanish	NTSC-U	N/A	BCUS-98372
BCUS-98377	Journey Collector's Edition	English	NTSC-U	N/A	BCUS-98377
BCUS-98379	Uncharted 3: Drake's Deception	English / French / Portuguese / Spanish	NTSC-U	N/A	BCUS-98379
BCUS-98380	Ratchet & Clank: Full Frontal Assault	English / French / Spanish	NTSC-U	N/A	BCUS-98380
BCUS-98394	Gran Turismo 5: XL Edition	English / French / Japanese / Portuguese / Spanish	NTSC-U	N/A	BCUS-98394
BCUS-98466	Everybody Dance 2	Danish / Dutch / English / Finnish / French / German / Italian / Norwegian / Polish / Portuguese / Russian / Spanish / Swedish	PAL	N/A	BCUS-98466
BCUS-98472	PlayStation All-Stars Battle Royale	English / French / Portuguese / Spanish	NTSC-U	N/A	BCUS-98472
BCUS-98473	MLB 13: The Show	English	NTSC-U	N/A	BCUS-98473
BCUS-99075	Killzone Trilogy (Killzone | Killzone 2)	N/A	NTSC-U	N/A	BCUS-99075
BCUS-99086	Uncharted 3: Drake's Deception: Game of the Year Edition	English / French / Portuguese / Spanish	NTSC-U	N/A	BCUS-99086
BCUS-99089	LittleBigPlanet Karting	English / French / Portuguese / Spanish	NTSC-U	N/A	BCUS-99089
BCUS-99134	Beyond: Two Souls	English / Portuguese / Spanish	NTSC-U	N/A	BCUS-99134
BCUS-99189	Wonderbook: Book of Potions	English / French / Portuguese / Spanish	NTSC-U	N/A	BCUS-99189
BCUS-99192	Invizimals: El Reino Escondido	English / French / Portuguese / Spanish	PAL	N/A	BCUS-99192
BCUS-99195	MLB 14: The Show	English	NTSC-U	N/A	BCUS-99195
BCUS-99198	The Last of Us	English / French / Portuguese / Spanish	NTSC-U	2013-06-14	BCUS-99198
BCUS-99205	Best of PlayStation Network Vol. 1	English	NTSC-U	N/A	BCUS-99205
BCUS-99245	Ratchet & Clank: Into the Nexus	English / French / Spanish	NTSC-U	N/A	BCUS-99245
BCUS-99247	Gran Turismo 6	English / Portuguese / Spanish	NTSC-U	N/A	BCUS-99247
BCUS-99277	Everybody Dance 3	Danish / Dutch / English / Finnish / French / German / Italian / Norwegian / Polish / Portuguese / Russian / Spanish / Swedish	PAL	N/A	BCUS-99277
BLAS-50001	Mobile Suit Gundam: Target in Sight	English / Japanese	NTSC-J	N/A	BLAS-50001
BLAS-50003	Need for Speed: Carbon	English	NTSC-J	N/A	BLAS-50003
BLAS-50010	Virtua Fighter 5	N/A	NTSC-J	N/A	BLAS-50010
BLAS-50027	FIFA 08	English	NTSC-J	N/A	BLAS-50027
BLAS-50036	World Soccer Winning Eleven 2008	English / Japanese	NTSC-J	N/A	BLAS-50036
BLAS-50038	Assassin's Creed	English / French / German / Italian / Spanish	NTSC-J	N/A	BLAS-50038
BLAS-50039	Burnout Paradise	English	NTSC-J	N/A	BLAS-50039
BLAS-50044	Ryuu ga Gotoku: Kenzan!	Japanese	NTSC-J	N/A	BLAS-50044
BLAS-50045	Tom Clancy's Rainbow Six: Vegas 2	English / French / German / Italian / Spanish	NTSC-U	N/A	BLAS-50045
BLAS-50052	UEFA Euro 2008: Austria-Switzerland	English	NTSC-J	N/A	BLAS-50052
BLAS-50053	Initial D: Extreme Stage	Japanese	NTSC-J	N/A	BLAS-50053
BLAS-50054	Dragon Ball Z: Burst Limit	Japanese	NTSC-J	N/A	BLAS-50054
BLAS-50068	Shin Sangoku Musou 5	Chinese	NTSC-J	N/A	BLAS-50068
BLAS-50071	FIFA 09	English / French / Spanish	NTSC-U	N/A	BLAS-50071
BLAS-50080	Need for Speed: Undercover	English / French / Spanish	NTSC-U	N/A	BLAS-50080
BLAS-50082	Sonic Unleashed	English / French / German / Italian / Japanese / Spanish	NTSC-U	N/A	BLAS-50082
BLAS-50086	World Soccer Winning Eleven 2009	English / Japanese	NTSC-J	N/A	BLAS-50086
BLAS-50102	Resident Evil 5 ~ Biohazard 5	English / French / German / Italian / Japanese / Spanish	NTSC-J	N/A	BLAS-50102
BLAS-50105	Command & Conquer: Red Alert 3: Ultimate Edition	English / French	NTSC-U	N/A	BLAS-50105
BLAS-50112	Disney/Pixar Up	English / French	NTSC-U	N/A	BLAS-50112
BLAS-50113	UFC 2009 Undisputed	English / French	NTSC-U	N/A	BLAS-50113
BLAS-50115	Shin Sangoku Musou 5: Empires	Chinese	NTSC-J	N/A	BLAS-50115
BLAS-50130	Musou Orochi Z	Chinese	NTSC-J	N/A	BLAS-50130
BLAS-50131	Prince of Persia	Dutch / English / French / German / Italian / Spanish	NTSC-U	N/A	BLAS-50131
BLAS-50134	Madden NFL 10	English	NTSC-U	N/A	BLAS-50134
BLAS-50145	FIFA 10	Czech / Danish / Dutch / English / French / German / Hungarian / Italian / Norwegian / Polish / Portuguese / Russian / Spanish / Swedish	PAL	N/A	BLAS-50145
BLAS-50150	Dragon Age: Origins	English / French / German / Italian / Spanish	NTSC-U	N/A	BLAS-50150
BLAS-50153	World Soccer Winning Eleven 2010	English / Japanese	NTSC-J	N/A	BLAS-50153
BLAS-50159	Assassin's Creed II	English / French / Italian / Spanish	NTSC-U	N/A	BLAS-50159
BLAS-50171	Darksiders	English / French / Spanish	NTSC-U	N/A	BLAS-50171
BLAS-50173	Lost Planet 2	English / French / German / Italian / Japanese / Korean / Spanish	PAL	N/A	BLAS-50173
BLAS-50178	Resident Evil 5: Gold Edition	English / French / German / Italian / Japanese / Spanish	NTSC-U	N/A	BLAS-50178
BLAS-50179	BioShock 2	English / French / Spanish	NTSC-U	N/A	BLAS-50179
BLAS-50201	2010 FIFA World Cup South Africa	English / French / Spanish	NTSC-U	N/A	BLAS-50201
BLAS-50220	Sengoku Basara 3	Japanese	NTSC-J	N/A	BLAS-50220
BLAS-50221	Madden NFL 11	English	NTSC-U	N/A	BLAS-50221
BLAS-50229	FIFA 11	Czech / Danish / Dutch / English / French / German / Hungarian / Italian / Norwegian / Polish / Portuguese / Russian / Spanish / Swedish	PAL	N/A	BLAS-50229
BLAS-50231	World Soccer Winning Eleven 2011	Chinese / English	NTSC-J	N/A	BLAS-50231
BLAS-50248	Castlevania: Lords of Shadow	English / French / German / Italian / Spanish	NTSC-J	N/A	BLAS-50248
BLAS-50274	F.E.A.R. 3	English / French / German / Italian / Japanese / Korean / Polish / Portuguese / Russian / Spanish	NTSC-U	N/A	BLAS-50274
BLAS-50284	Grand Theft Auto IV & Episodes from Liberty City	English / French / German / Italian / Spanish	NTSC-U	N/A	BLAS-50284
BLAS-50287	Hokuto Musou International	Japanese	NTSC-J	N/A	BLAS-50287
BLAS-50308	Shin Sangoku Musou 6	Chinese	NTSC-J	N/A	BLAS-50308
BLAS-50321	Dance on Broadway	N/A	NTSC-J	N/A	BLAS-50321
BLAS-50341	Duke Nukem Forever	English	PAL	N/A	BLAS-50341
BLAS-50342	L.A. Noire	English / French / German / Italian / Spanish	NTSC-U	N/A	BLAS-50342
BLAS-50356	Captain America: Super Soldier	English / French / German / Italian / Spanish	NTSC-J	N/A	BLAS-50356
BLAS-50364	Sengoku Musou 3: Empires	Japanese	NTSC-J	N/A	BLAS-50364
BLAS-50370	FIFA 12	Czech / Danish / Dutch / English / French / German / Hungarian / Italian / Norwegian / Polish / Portuguese / Russian / Spanish / Swedish	PAL	N/A	BLAS-50370
BLAS-50371	Tales of Xillia	Japanese	NTSC-J	N/A	BLAS-50371
BLAS-50381	Battlefield 3	Chinese / English	NTSC-J	N/A	BLAS-50381
BLAS-50383	Metal Gear Solid: HD Collection	English / French / Spanish	NTSC-U	N/A	BLAS-50383
BLAS-50388	NBA 2K12	English / French / German / Italian / Japanese / Spanish	NTSC-U	N/A	BLAS-50388
BLAS-50397	Dark Souls	Chinese / English / Korean	NTSC-J	N/A	BLAS-50397
BLAS-50404	The Elder Scrolls V: Skyrim	English / French / Spanish	NTSC-U	N/A	BLAS-50404
BLAS-50416	The Lord of the Rings: War in the North	English / French / Portuguese	NTSC-J	N/A	BLAS-50416
BLAS-50418	Assassin's Creed: Revelations	English / French / Portuguese / Spanish	NTSC-U	N/A	BLAS-50418
BLAS-50431	Resident Evil: Operation Raccoon City	Dutch / English / French / German / Italian / Polish / Russian / Spanish	NTSC-U	N/A	BLAS-50431
BLAS-50433	Dragon's Dogma	English / French / German / Italian / Japanese / Spanish	NTSC-U	N/A	BLAS-50433
BLAS-50434	Binary Domain	English / Japanese	NTSC-U	N/A	BLAS-50434
BLAS-50450	One Piece: Kaizoku Musou	Japanese	NTSC-J	N/A	BLAS-50450
BLAS-50455	Street Fighter X Tekken	Chinese / English / Japanese / Korean	NTSC-J	N/A	BLAS-50455
BLAS-50456	Silent Hill: Downpour	English / French / German / Italian / Portuguese / Spanish	NTSC-U	N/A	BLAS-50456
BLAS-50478	Tom Clancy's Rainbow Six: Vegas + Tom Clancy's Splinter Cell: Double Agent	English / French / German / Italian / Spanish	PAL	N/A	BLAS-50478
BLAS-50485	Resident Evil 6	English / French / German / Italian / Polish / Portuguese / Russian / Spanish	NTSC-U	N/A	BLAS-50485
BLAS-50490	Darksiders II	English / French	NTSC-J	N/A	BLAS-50490
BLAS-50494	Assassin's Creed III	English	PAL	N/A	BLAS-50494
BLAS-50502	Atelier Ayesha	Chinese	NTSC-J	N/A	BLAS-50502
BLAS-50514	FIFA 13	Czech / Danish / Dutch / English / French / German / Hungarian / Italian / Norwegian / Polish / Portuguese / Russian / Spanish / Swedish	PAL	N/A	BLAS-50514
BLAS-50517	Battlefield 3	English / French	NTSC-U	N/A	BLAS-50517
BLAS-50525	NBA 2K13	Chinese / English / French / German / Italian / Japanese / Spanish	NTSC-U	N/A	BLAS-50525
BLAS-50531	Doom 3: BFG Edition	English / French / Spanish	NTSC-U	N/A	BLAS-50531
BLAS-50534	LEGO The Lord of the Rings	English / French / Portuguese / Spanish	NTSC-U	N/A	BLAS-50534
BLAS-50538	Dragon Ball Z: Budokai HD Collection	English / French / Spanish	NTSC-J	N/A	BLAS-50538
BLAS-50543	Far Cry 3	English / Polish / Russian	PAL	N/A	BLAS-50543
BLAS-50544	Shin Sangoku Musou 6: Empires	Chinese	NTSC-J	N/A	BLAS-50544
BLAS-50546	The Elder Scrolls V: Skyrim	Chinese	NTSC-J	N/A	BLAS-50546
BLAS-50548	Mass Effect	English / French / Spanish	NTSC-U	N/A	BLAS-50548
BLAS-50549	Mass Effect 2	English / French / German / Italian / Russian / Spanish	NTSC-U	N/A	BLAS-50549
BLAS-50550	Mass Effect 3	English / French / German / Italian / Japanese / Polish / Russian / Spanish	NTSC-U	N/A	BLAS-50550
BLAS-50552	Ryuu ga Gotoku 5: Yume, Kanaeshi Mono	Japanese	NTSC-J	N/A	BLAS-50552
BLAS-50555	Kidou Senshi Gundam: Extreme Vs.	Japanese	NTSC-J	N/A	BLAS-50555
BLAS-50566	Metal Gear Rising: Revengeance	English / French / German / Italian / Japanese / Portuguese / Spanish	NTSC-U	N/A	BLAS-50566
BLAS-50568	Dead Space 3	English / French / Spanish	NTSC-U	N/A	BLAS-50568
BLAS-50573	Aliens: Colonial Marines	English / French / German / Italian / Polish / Spanish	NTSC-U	N/A	BLAS-50573
BLAS-50575	Pro Yakyuu Spirits 2013	Japanese	NTSC-J	N/A	BLAS-50575
BLAS-50597	One Piece: Kaizoku Musou 2	Chinese	NTSC-J	N/A	BLAS-50597
BLAS-50598	Resident Evil: Revelations	Dutch / English / French / German / Italian / Japanese / Polish / Portuguese / Russian / Spanish	NTSC-U	N/A	BLAS-50598
BLAS-50601	Star Trek	English / French / German / Italian / Russian / Spanish	NTSC-U	N/A	BLAS-50601
BLAS-50612	Tom Clancy's Splinter Cell: Blacklist	Chinese / English / Japanese / Korean	NTSC-J	N/A	BLAS-50612
BLAS-50615	Assassin's Creed III	English	PAL	N/A	BLAS-50615
BLAS-50619	World Soccer Winning Eleven 2014	Chinese / English	NTSC-J	N/A	BLAS-50619
BLAS-50623	Lost Planet 3	English / French / German / Italian / Japanese / Polish / Portuguese / Russian / Spanish	NTSC-U	N/A	BLAS-50623
BLAS-50624	The Elder Scrolls V: Skyrim: Legendary Edition	Chinese	NTSC-J	N/A	BLAS-50624
BLAS-50637	FIFA 14	Czech / Danish / Dutch / English / French / German / Hungarian / Italian / Norwegian / Polish / Portuguese / Russian / Spanish / Swedish	PAL	N/A	BLAS-50637
BLAS-50639	Grand Theft Auto V	Chinese / English / French / Korean / Portuguese / Spanish	NTSC-U	N/A	BLAS-50639
BLAS-50640	Dark Souls II	Chinese / English / Korean	NTSC-J	N/A	BLAS-50640
BLAS-50641	NBA 2K14	Chinese / English / French / German / Italian / Japanese / Spanish	NTSC-U	N/A	BLAS-50641
BLAS-50649	Batman: Arkham Origins	English / French / German / Italian / Korean / Polish / Russian / Spanish	NTSC-U	N/A	BLAS-50649
BLAS-50660	Assassin's Creed IV: Black Flag	Chinese / English / Japanese / Korean	NTSC-J	N/A	BLAS-50660
BLAS-50664	Shin Rorona no Atelier: Hajimari no Monogatari: Arland no Renkinjutsushi	N/A	NTSC-J	N/A	BLAS-50664
BLAS-50666	Tekken Tag Tournament 2	English / French / German / Italian / Japanese / Korean / Russian / Spanish	NTSC-J	N/A	BLAS-50666
BLAS-50675	Sengoku Basara 4	Japanese	NTSC-J	N/A	BLAS-50675
BLAS-50676	Musou Orochi 2 Ultimate	Chinese	NTSC-J	N/A	BLAS-50676
BLAS-50684	Dragon Ball Z: Battle of Z	Japanese	NTSC-J	N/A	BLAS-50684
BLAS-50685	Ryuu ga Gotoku: Ishin!	Japanese	NTSC-J	N/A	BLAS-50685
BLAS-50698	Nobunaga no Yabou: Souzou	Chinese	NTSC-J	N/A	BLAS-50698
BLAS-50699	One Piece: Unlimited World R	Chinese	NTSC-J	N/A	BLAS-50699
BLAS-50710	Mobile Suit Gundam: Side Stories	Chinese	NTSC-J	N/A	BLAS-50710
BLAS-50718	Watch Dogs	Chinese / English / Japanese / Korean	NTSC-J	N/A	BLAS-50718
BLAS-50729	Caladrius Blaze	Japanese	NTSC-J	N/A	BLAS-50729
BLAS-50734	Eiyuu Densetsu: Sen no Kiseki	Chinese	NTSC-J	N/A	BLAS-50734
BLAS-50740	Eiyuu Densetsu: Sen no Kiseki II	Chinese	NTSC-J	N/A	BLAS-50740
BLAS-50743	Shin Sangoku Musou 7: Empires	Japanese	NTSC-J	N/A	BLAS-50743
BLAS-50744	World Soccer Winning Eleven 2015	Chinese / English / Korean	NTSC-J	N/A	BLAS-50744
BLAS-50745	Shining Resonance	Chinese	NTSC-J	N/A	BLAS-50745
BLAS-50753	Dengeki Bunko: Fighting Climax	Japanese	NTSC-J	N/A	BLAS-50753
BLAS-50756	LEGO Harry Potter: Years 1-4	Danish / English / French / German / Italian / Spanish	NTSC-J	N/A	BLAS-50756
BLAS-50762	LEGO Batman 3: Beyond Gotham	English / French / Portuguese / Spanish	NTSC-U	N/A	BLAS-50762
BLAS-50763	Biohazard: HD Remaster	English / French / German / Italian / Japanese / Spanish	NTSC-J	N/A	BLAS-50763
BLAS-50768	Call of Duty: Advanced Warfare	English / French / German / Italian / Spanish	NTSC-U	N/A	BLAS-50768
BLAS-55006	UFC Undisputed 2010	English / French	NTSC-U	N/A	BLAS-55006
BLED-00339	FIFA 09	Czech / French / German / Hungarian / Italian / Polish / Portuguese / Russian / Spanish	PAL	N/A	BLED-00339
BLED-00702	FIFA 10	Czech / Danish / Dutch / English / French / German / Hungarian / Italian / Norwegian / Polish / Portuguese / Russian / Spanish / Swedish	PAL	N/A	BLED-00702
BLED-01075	FIFA 11	Czech / Danish / Dutch / English / French / German / Hungarian / Italian / Norwegian / Polish / Portuguese / Russian / Spanish / Swedish	PAL	N/A	BLED-01075
BLED-01094	Vanquish	English / French / German / Italian / Japanese / Spanish	PAL	N/A	BLED-01094
BLED-01438	FIFA 12	Czech / Danish / Dutch / English / French / German / Hungarian / Italian / Norwegian / Polish / Portuguese / Russian / Spanish / Swedish	PAL	N/A	BLED-01438
BLES-00012	Tiger Woods PGA Tour 07	English	PAL	N/A	BLES-00012
BLES-00013	Marvel: Ultimate Alliance	English / Italian	PAL	N/A	BLES-00013
BLES-00014	Tony Hawk's Project 8	English / French / German / Italian / Spanish	PAL	N/A	BLES-00014
BLES-00015	Full Auto 2: Battlelines	English / French / German / Italian / Spanish	PAL	N/A	BLES-00015
BLES-00016	Call of Duty 3	English	PAL	N/A	BLES-00016
BLES-00017	Call of Duty 3	German	PAL	N/A	BLES-00017
BLES-00019	Untold Legends: Dark Kingdom	English / French / German / Italian / Spanish	PAL	N/A	BLES-00019
BLES-00020	Need for Speed: Carbon	English / French / German / Italian / Spanish	PAL	N/A	BLES-00020
BLES-00021	Call of Duty 3	French / Italian / Spanish	PAL	N/A	BLES-00021
BLES-00023	Blazing Angels: Squadrons of WWII	English / French / German / Italian / Spanish	PAL	N/A	BLES-00023
BLES-00024	Tom Clancy's Splinter Cell: Double Agent	English / French / German / Italian / Spanish	PAL	N/A	BLES-00024
BLES-00025	NBA 2K7	English / French / German / Italian / Spanish	PAL	N/A	BLES-00025
BLES-00026	Fight Night Round 3	English / French	PAL	N/A	BLES-00026
BLES-00027	Virtua Tennis 3	English / French / German / Italian / Spanish	PAL	N/A	BLES-00027
BLES-00028	Sonic the Hedgehog	English / French / German / Italian / Japanese / Spanish	PAL	N/A	BLES-00028
BLES-00029	Virtua Fighter 5	English / French / German / Italian / Japanese / Spanish	PAL	N/A	BLES-00029
BLES-00033	NHL 2K7	English / French / German / Italian / Spanish	PAL	N/A	BLES-00033
BLES-00034	Mobile Suit Gundam: Target in Sight	English / Japanese	PAL	N/A	BLES-00034
BLES-00035	F.E.A.R.: First Encounter Assault Recon	English / French / Italian / Spanish	PAL	N/A	BLES-00035
BLES-00036	F.E.A.R.: First Encounter Assault Recon	German	PAL	N/A	BLES-00036
BLES-00038	NBA Street Homecourt	English / French	PAL	N/A	BLES-00038
BLES-00039	Armored Core 4	English / French / Italian	PAL	N/A	BLES-00039
BLES-00041	World Snooker Championship 2007	English	PAL	N/A	BLES-00041
BLES-00042	Def Jam: Icon	English / French	PAL	N/A	BLES-00042
BLES-00043	The Godfather: The Don's Edition	English	PAL	N/A	BLES-00043
BLES-00044	Le Parrain: Edition du Don	French	PAL	N/A	BLES-00044
BLES-00045	Il Padrino: The Don's Edition	Italian	PAL	N/A	BLES-00045
BLES-00046	Der Pate: Die Don-Edition	German	PAL	N/A	BLES-00046
BLES-00047	El Padrino: Don Corleone	Spanish	PAL	N/A	BLES-00047
BLES-00048	The Elder Scrolls IV: Oblivion	English / French / German / Italian / Spanish	PAL	N/A	BLES-00048
BLES-00049	Enchanted Arms	English	PAL	N/A	BLES-00049
BLES-00054	Tom Clancy's Rainbow Six: Vegas	English / French / German / Italian / Spanish	PAL	N/A	BLES-00054
BLES-00055	Spider-Man 3	English	PAL	N/A	BLES-00055
BLES-00056	Spider-Man 3	French / German / Italian / Spanish	PAL	N/A	BLES-00056
BLES-00058	The Darkness	English / French / German / Italian / Spanish	PAL	N/A	BLES-00058
BLES-00059	The Darkness	English / German	PAL	N/A	BLES-00059
BLES-00061	Spider-Man 3	English	PAL	N/A	BLES-00061
BLES-00062	Spider-Man 3	French / German / Italian / Spanish	PAL	N/A	BLES-00062
BLES-00066	Disney Pirates of the Caribbean: At World's End	English / French / German / Italian / Spanish	PAL	N/A	BLES-00066
BLES-00067	Tom Clancy's Ghost Recon: Advanced Warfighter 2	English / French / German / Italian / Spanish	PAL	N/A	BLES-00067
BLES-00070	Harry Potter and the Order of the Phoenix	English	PAL	N/A	BLES-00070
BLES-00071	Harry Potter and the Order of the Phoenix	Dutch / English / French / German / Italian / Spanish	PAL	N/A	BLES-00071
BLES-00072	Ninja Gaiden Sigma	English / French / German / Italian / Spanish	PAL	N/A	BLES-00072
BLES-00073	Burnout Paradise	English	PAL	N/A	BLES-00073
BLES-00074	Burnout Paradise	French / German / Italian / Spanish	PAL	N/A	BLES-00074
BLES-00075	Fantastic Four: Rise of the Silver Surfer	English / French / German / Italian / Spanish	PAL	N/A	BLES-00075
BLES-00076	Conan	English / French / German / Italian / Spanish	PAL	N/A	BLES-00076
BLES-00077	Conan	English / German	PAL	N/A	BLES-00077
BLES-00079	Disney/Pixar Ratatouille	Danish / English / Greek / Italian / Norwegian / Swedish	PAL	N/A	BLES-00079
BLES-00080	Disney/Pixar Ratatouille	Dutch / French / German / Portuguese / Spanish	PAL	N/A	BLES-00080
BLES-00082	Surf's Up	English / French / Spanish	PAL	N/A	BLES-00082
BLES-00083	Surf's Up	English / French / German / Italian / Spanish	PAL	N/A	BLES-00083
BLES-00089	Disney/Pixar Ratatouille	English	PAL	N/A	BLES-00089
BLES-00090	Hellboy: The Science of Evil	English / French / German / Italian / Spanish	PAL	N/A	BLES-00090
BLES-00092	Transformers: The Game	English	PAL	N/A	BLES-00092
BLES-00093	Transformers: The Game	German / Italian	PAL	N/A	BLES-00093
BLES-00094	Transformers: The Game	French / Spanish	PAL	N/A	BLES-00094
BLES-00095	Colin McRae: DiRT	English / French / German / Italian / Spanish	PAL	N/A	BLES-00095
BLES-00097	NASCAR 08	English	PAL	N/A	BLES-00097
BLES-00102	Madden NFL 08	English	PAL	N/A	BLES-00102
BLES-00103	Blazing Angels 2: Secret Missions of WWII	English / French / German / Italian / Spanish	PAL	N/A	BLES-00103
BLES-00105	Tiger Woods PGA Tour 08	English	PAL	N/A	BLES-00105
BLES-00107	Sega Rally	English / French / German / Italian / Japanese / Russian / Spanish	PAL	N/A	BLES-00107
BLES-00108	Sega Rally	Russian	PAL	N/A	BLES-00108
BLES-00110	PES 2008: Pro Evolution Soccer	English / French / German / Italian / Portuguese / Spanish	PAL	N/A	BLES-00110
BLES-00111	Tiger Woods PGA Tour 08	French	PAL	N/A	BLES-00111
BLES-00113	Bladestorm: The Hundred Years' War	English / French / German / Italian / Spanish	PAL	N/A	BLES-00113
BLES-00118	NHL 08	English / Finnish / German / Swedish	PAL	N/A	BLES-00118
BLES-00119	NBA Live 08	English / French / German / Italian / Spanish	PAL	N/A	BLES-00119
BLES-00120	Clive Barker's Jericho	English / French / German / Italian / Spanish	PAL	N/A	BLES-00120
BLES-00121	LEGO Star Wars: The Complete Saga	English / French / Spanish	PAL	N/A	BLES-00121
BLES-00124	Skate.	English	PAL	N/A	BLES-00124
BLES-00125	Skate.	English / French / German / Italian / Spanish	PAL	N/A	BLES-00125
BLES-00130	Tony Hawk's Proving Ground	English / French / German / Italian / Spanish	PAL	N/A	BLES-00130
BLES-00131	NHL 2K8	English / French / German / Italian / Spanish	PAL	N/A	BLES-00131
BLES-00132	FIFA 08	English	PAL	N/A	BLES-00132
BLES-00133	FIFA 08	Dutch / English / French / German / Italian / Spanish / Swedish	PAL	N/A	BLES-00133
BLES-00134	Guitar Hero III: Legends of Rock	English / French / German / Italian / Spanish	PAL	N/A	BLES-00134
BLES-00135	Stuntman: Ignition	English / French / German / Italian / Spanish	PAL	N/A	BLES-00135
BLES-00136	WWE SmackDown vs. Raw 2008	English	PAL	N/A	BLES-00136
BLES-00137	WWE SmackDown vs. Raw 2008	English / French / German / Italian / Spanish	PAL	N/A	BLES-00137
BLES-00138	NBA 2K8	English / French / German / Italian / Spanish	PAL	N/A	BLES-00138
BLES-00139	World Series of Poker 2008: Battle for the Bracelets	English	PAL	N/A	BLES-00139
BLES-00140	FIFA 08	Russian	PAL	N/A	BLES-00140
BLES-00142	The Simpsons Game	English / French / Italian / Spanish	PAL	N/A	BLES-00142
BLES-00143	Juiced 2: Hot Import Nights	English / French / German / Italian / Spanish	PAL	N/A	BLES-00143
BLES-00144	John Woo Presents Stranglehold	English / French / German / Italian / Spanish	PAL	N/A	BLES-00144
BLES-00145	John Woo Presents Stranglehold	English / French / German / Italian / Spanish	PAL	N/A	BLES-00145
BLES-00146	Die Simpsons: Das Spiel	German	PAL	N/A	BLES-00146
BLES-00147	Dynasty Warriors: Gundam	English / French / German / Italian / Spanish	PAL	N/A	BLES-00147
BLES-00148	Call of Duty 4: Modern Warfare	English	PAL	N/A	BLES-00148
BLES-00149	Call of Duty 4: Modern Warfare	German	PAL	N/A	BLES-00149
BLES-00150	X-Men Origins: Wolverine: Uncaged Edition	English / French / Italian / Spanish	PAL	N/A	BLES-00150
BLES-00153	The Orange Box	English	PAL	N/A	BLES-00153
BLES-00154	Call of Duty 4: Modern Warfare	French	PAL	N/A	BLES-00154
BLES-00155	Call of Duty 4: Modern Warfare	Spanish	PAL	N/A	BLES-00155
BLES-00156	Call of Duty 4: Modern Warfare	Italian	PAL	N/A	BLES-00156
BLES-00157	Haze	English / French / Italian / Spanish	PAL	N/A	BLES-00157
BLES-00158	Assassin's Creed	English / French / German / Italian / Spanish	PAL	N/A	BLES-00158
BLES-00159	TimeShift	English / French / Italian / Spanish	PAL	N/A	BLES-00159
BLES-00160	TimeShift	German	PAL	N/A	BLES-00160
BLES-00161	Beowulf: The Game	English / French / German / Italian / Spanish	PAL	N/A	BLES-00161
BLES-00162	Disney/Pixar Cars: Mater-National Championship	Dutch / English / French / German / Italian / Spanish	PAL	N/A	BLES-00162
BLES-00163	The Elder Scrolls IV: Oblivion: Game of the Year Edition	English / French / German / Italian / Spanish	PAL	N/A	BLES-00163
BLES-00164	Haze	English / German	PAL	N/A	BLES-00164
BLES-00166	Ferrari Challenge: Trofeo Pirelli	English / French / German / Italian / Spanish	PAL	N/A	BLES-00166
BLES-00167	Kane & Lynch: Dead Men	English / French / German / Italian / Spanish	PAL	N/A	BLES-00167
BLES-00168	Army of Two	English / French / German / Italian / Spanish	PAL	N/A	BLES-00168
BLES-00169	Haze	Russian	PAL	N/A	BLES-00169
BLES-00171	The Orange Box	English / German	PAL	N/A	BLES-00171
BLES-00172	The Orange Box	French	PAL	N/A	BLES-00172
BLES-00174	Medal of Honor: Airborne	English / French / German / Italian / Spanish	PAL	N/A	BLES-00174
BLES-00175	Need for Speed: ProStreet	English	PAL	N/A	BLES-00175
BLES-00176	Need for Speed: ProStreet	Danish / Dutch / English / Finnish / French / German / Italian / Norwegian / Spanish / Swedish	PAL	N/A	BLES-00176
BLES-00177	Need for Speed: ProStreet	Russian	PAL	N/A	BLES-00177
BLES-00178	MX vs. ATV Untamed	English	PAL	N/A	BLES-00178
BLES-00179	MX vs. ATV Extrême Limite	French	PAL	N/A	BLES-00179
BLES-00180	The Golden Compass	Danish / Dutch / English / French / German / Italian / Norwegian / Spanish / Swedish	PAL	N/A	BLES-00180
BLES-00182	Conflict: Denied Ops	English / French / Italian / Spanish	PAL	N/A	BLES-00182
BLES-00183	Conflict: Denied Ops	German	PAL	N/A	BLES-00183
BLES-00184	Enemy Territory: Quake Wars	English / French / German / Italian / Spanish	PAL	N/A	BLES-00184
BLES-00186	Devil May Cry 4	English / French / German / Italian / Japanese / Spanish	PAL	N/A	BLES-00186
BLES-00187	Turok	English / French / German / Italian / Spanish	PAL	N/A	BLES-00187
BLES-00188	FIFA Street 3	English / French / German / Italian / Spanish	PAL	N/A	BLES-00188
BLES-00189	Soldier of Fortune: Payback	English	PAL	N/A	BLES-00189
BLES-00190	Soldier of Fortune: Payback	English	PAL	N/A	BLES-00190
BLES-00191	BlackSite	English / French / German / Italian / Spanish	PAL	N/A	BLES-00191
BLES-00192	The Club	English / French / Italian / Spanish	PAL	N/A	BLES-00192
BLES-00193	The Club	Russian	PAL	N/A	BLES-00193
BLES-00194	The History Channel: Battle for the Pacific	English	PAL	N/A	BLES-00194
BLES-00196	Turning Point: Fall of Liberty	English / Italian / Spanish	PAL	N/A	BLES-00196
BLES-00197	Turning Point: Fall of Liberty	French / German	PAL	N/A	BLES-00197
BLES-00198	Lost Planet: Extreme Condition	English / French / German / Italian / Japanese / Korean / Spanish	PAL	N/A	BLES-00198
BLES-00199	Assassin's Creed	Russian	PAL	N/A	BLES-00199
BLES-00200	Unreal Tournament III	English / French / German / Italian / Spanish	PAL	N/A	BLES-00200
BLES-00201	Unreal Tournament III	English / German	PAL	N/A	BLES-00201
BLES-00215	Dynasty Warriors 6	English / French / German / Italian / Spanish	PAL	N/A	BLES-00215
BLES-00218	NFL Tour	English	PAL	N/A	BLES-00218
BLES-00219	Condemned 2	English / French / Italian / Spanish	PAL	N/A	BLES-00219
BLES-00221	Lost	English / French / German / Italian / Spanish	PAL	N/A	BLES-00221
BLES-00222	Dark Sector	English / French / German / Spanish	PAL	N/A	BLES-00222
BLES-00223	Dark Sector	English / Italian	PAL	N/A	BLES-00223
BLES-00227	UEFA Euro 2008: Austria-Switzerland	Dutch / English / French / German / Italian / Portuguese / Russian / Spanish / Swedish	PAL	N/A	BLES-00227
BLES-00228	Rock Band	English / French / German / Italian / Spanish	PAL	N/A	BLES-00228
BLES-00229	Grand Theft Auto IV	English / French / German / Italian / Spanish	PAL	N/A	BLES-00229
BLES-00231	Dragon Ball Z: Burst Limit	English / French / German / Italian / Spanish	PAL	N/A	BLES-00231
BLES-00232	Sega Superstars Tennis	English / French / German / Italian / Spanish	PAL	N/A	BLES-00232
BLES-00237	Tom Clancy's Rainbow Six: Vegas 2	English / French / German / Italian / Spanish	PAL	N/A	BLES-00237
BLES-00238	Sid Meier's Civilization Revolution	English / French / German / Italian / Spanish	PAL	N/A	BLES-00238
BLES-00239	Vampire Rain: Altered Species	English / French / German / Italian / Spanish	PAL	N/A	BLES-00239
BLES-00241	Guitar Hero: Aerosmith	English / French / German / Italian / Spanish	PAL	N/A	BLES-00241
BLES-00242	Viking: Battle for Asgard	English / French / German / Italian / Spanish	PAL	N/A	BLES-00242
BLES-00243	DreamWorks Kung Fu Panda	Dutch / English / French / German / Spanish / Swedish	PAL	N/A	BLES-00243
BLES-00244	DreamWorks Kung Fu Panda	English / Italian	PAL	N/A	BLES-00244
BLES-00246	Metal Gear Solid 4: Guns of the Patriots	English / French / German / Italian / Spanish	PAL	N/A	BLES-00246
BLES-00247	Iron Man	English / French / German / Italian / Spanish	PAL	N/A	BLES-00247
BLES-00248	Tom Clancy's Rainbow Six: Vegas 2	English / French / German / Italian / Spanish	PAL	N/A	BLES-00248
BLES-00249	Robert Ludlum's The Bourne Conspiracy	English / French / German / Italian / Spanish	PAL	N/A	BLES-00249
BLES-00250	Robert Ludlum's Das Bourne Komplott	English / French / German / Italian / Spanish	PAL	N/A	BLES-00250
BLES-00251	The Chronicles of Narnia: Prince Caspian	English / French / Spanish	PAL	N/A	BLES-00251
BLES-00252	The Chronicles of Narnia: Prince Caspian	Dutch / German / Italian	PAL	N/A	BLES-00252
BLES-00253	Battle Fantasia	English / French / German / Italian / Spanish	PAL	N/A	BLES-00253
BLES-00254	LEGO Indiana Jones: The Original Adventures	Danish / English / French / German / Italian / Spanish	PAL	N/A	BLES-00254
BLES-00255	Monster Madness: Grave Danger	English / French / German / Italian / Spanish	PAL	N/A	BLES-00255
BLES-00256	Race Driver: Grid	English / French / German / Italian / Spanish	PAL	N/A	BLES-00256
BLES-00257	Overlord: Raising Hell	English / French / German / Italian / Spanish	PAL	N/A	BLES-00257
BLES-00258	Grand Theft Auto IV	English / French / German / Italian / Spanish	PAL	N/A	BLES-00258
BLES-00259	Battlefield: Bad Company	English / French / German / Italian / Spanish	PAL	N/A	BLES-00259
BLES-00261	Battlefield: Bad Company	English / French / German / Italian / Spanish	PAL	N/A	BLES-00261
BLES-00262	Star Wars: The Force Unleashed	English / French / German / Italian / Spanish	PAL	N/A	BLES-00262
BLES-00263	Robert Ludlum's Konspiraciya Borna	English / Russian	PAL	N/A	BLES-00263
BLES-00268	NASCAR 09	English	PAL	N/A	BLES-00268
BLES-00269	Prototype	English / French / Italian / Spanish	PAL	N/A	BLES-00269
BLES-00271	G1 Jockey 4 2008	English	PAL	N/A	BLES-00271
BLES-00276	Top Spin 3	English / French / German / Italian / Spanish	PAL	N/A	BLES-00276
BLES-00277	Disney/Pixar WALL-E	English	PAL	N/A	BLES-00277
BLES-00278	Disney/Pixar WALL-E	Arabic / English	PAL	N/A	BLES-00278
BLES-00279	Disney/Pixar WALL-E	Russian	PAL	N/A	BLES-00279
BLES-00280	Disney/Pixar WALL-E	Dutch / French / German	PAL	N/A	BLES-00280
BLES-00281	Disney/Pixar WALL-E	Greek / Italian	PAL	N/A	BLES-00281
BLES-00282	Dragon Ball Z: Burst Limit	English / French / German / Italian / Spanish	PAL	N/A	BLES-00282
BLES-00283	Disney/Pixar WALL-E	English / Portuguese / Spanish	PAL	N/A	BLES-00283
BLES-00285	Madden NFL 09	English	PAL	N/A	BLES-00285
BLES-00286	Beijing 2008	English / French / German / Italian / Spanish	PAL	N/A	BLES-00286
BLES-00288	Assassin's Creed	Polish	PAL	N/A	BLES-00288
BLES-00289	The Incredible Hulk	English / French / German / Italian / Spanish	PAL	N/A	BLES-00289
BLES-00290	WSC Real 09: World Snooker Championship	English	PAL	N/A	BLES-00290
BLES-00291	FaceBreaker	English / French / German	PAL	N/A	BLES-00291
BLES-00295	Tiger Woods PGA Tour 09	English	PAL	N/A	BLES-00295
BLES-00296	Soulcalibur IV	English / French / German / Italian / Japanese / Spanish	PAL	N/A	BLES-00296
BLES-00297	Dark Sector	English	PAL	N/A	BLES-00297
BLES-00298	NHL 09	Czech / English / Finnish / French / German / Russian / Swedish	PAL	N/A	BLES-00298
BLES-00299	Guitar Hero World Tour	English / French / German / Italian / Spanish	PAL	N/A	BLES-00299
BLES-00300	TNA Impact! Total Nonstop Action Wrestling	English / French / German / Italian / Spanish	PAL	N/A	BLES-00300
BLES-00302	NBA Live 09	English / French / German / Italian / Spanish	PAL	N/A	BLES-00302
BLES-00307	Silent Hill: Homecoming	English / French / German / Italian / Spanish	PAL	N/A	BLES-00307
BLES-00308	Dead Space	Czech / English / Hungarian / Polish / Russian	PAL	N/A	BLES-00308
BLES-00309	Dead Space	French / German	PAL	N/A	BLES-00309
BLES-00310	Dead Space	Italian / Spanish	PAL	N/A	BLES-00310
BLES-00311	The Chronicles of Riddick: Assault on Dark Athena	English / French / German / Italian / Spanish	PAL	N/A	BLES-00311
BLES-00314	FIFA 09	Danish / Dutch / English / Norwegian / Swedish	PAL	N/A	BLES-00314
BLES-00315	FIFA 09	Czech / French / German / Hungarian / Italian / Polish / Portuguese / Russian / Spanish	PAL	N/A	BLES-00315
BLES-00316	BioShock	English / French / German / Italian / Spanish	PAL	N/A	BLES-00316
BLES-00317	BioShock	English / German	PAL	N/A	BLES-00317
BLES-00318	Brothers in Arms: Hell's Highway	English / French / Italian / Spanish	PAL	N/A	BLES-00318
BLES-00319	Brothers in Arms: Hell's Highway	English / German	PAL	N/A	BLES-00319
BLES-00322	Mirror's Edge	English / French / German / Italian / Russian / Spanish	PAL	N/A	BLES-00322
BLES-00323	Mercenaries 2: World in Flames	English / French / German / Italian / Russian / Spanish	PAL	N/A	BLES-00323
BLES-00324	Far Cry 2	English / French / German / Italian / Spanish	PAL	N/A	BLES-00324
BLES-00325	Far Cry 2	Polish / Russian	PAL	N/A	BLES-00325
BLES-00326	Tom Clancy's EndWar	English / French / German / Italian / Spanish	PAL	N/A	BLES-00326
BLES-00327	Pure	Dutch / English / French / German / Italian / Spanish	PAL	N/A	BLES-00327
BLES-00328	Mercenaries 2: World in Flames	English / German	PAL	N/A	BLES-00328
BLES-00329	Fracture	English / French / German / Italian / Japanese / Korean / Spanish	PAL	N/A	BLES-00329
BLES-00330	Tom Clancy's H.A.W.X	English / French / German / Italian / Spanish	PAL	N/A	BLES-00330
BLES-00332	LEGO Batman: The Videogame	Danish / English / French / German / Italian / Spanish	PAL	N/A	BLES-00332
BLES-00333	Fallout 3	English	PAL	N/A	BLES-00333
BLES-00334	Fallout 3	French	PAL	N/A	BLES-00334
BLES-00335	Fallout 3	Italian	PAL	N/A	BLES-00335
BLES-00336	Fallout 3	German	PAL	N/A	BLES-00336
BLES-00337	Fallout 3	Spanish	PAL	N/A	BLES-00337
BLES-00338	PES 2009: Pro Evolution Soccer	English / French / German / Italian / Portuguese / Spanish	PAL	N/A	BLES-00338
BLES-00353	NHL 2K9	English / French / German / Italian / Spanish	PAL	N/A	BLES-00353
BLES-00354	Call of Duty: World at War	English / French	PAL	N/A	BLES-00354
BLES-00355	Call of Duty: World at War	German	PAL	N/A	BLES-00355
BLES-00357	Call of Duty: World at War	Italian / Spanish	PAL	N/A	BLES-00357
BLES-00359	Baja: Edge of Control	English / French / German / Italian / Spanish	PAL	N/A	BLES-00359
BLES-00360	WWE SmackDown vs. Raw 2009	English	PAL	N/A	BLES-00360
BLES-00361	WWE SmackDown vs. Raw 2009	English / French / German / Italian / Spanish	PAL	N/A	BLES-00361
BLES-00362	Midnight Club: Los Angeles	English / French / German / Italian / Spanish	PAL	N/A	BLES-00362
BLES-00368	SBK 08: Superbike World Championship	English / French / German / Italian / Spanish	PAL	N/A	BLES-00368
BLES-00370	Armored Core: For Answer	English / French / Spanish	PAL	N/A	BLES-00370
BLES-00371	Naruto: Ultimate Ninja Storm	English / French / German / Italian / Spanish	PAL	N/A	BLES-00371
BLES-00372	Valkyria Chronicles	English	PAL	N/A	BLES-00372
BLES-00373	Saints Row 2	Danish / Dutch / English / French / German / Italian / Spanish / Swedish	PAL	N/A	BLES-00373
BLES-00374	Saints Row 2	English / German	PAL	N/A	BLES-00374
BLES-00377	Saints Row 2	English / Russian	PAL	N/A	BLES-00377
BLES-00378	Disney Sing It	Dutch / English / French / German / Italian / Spanish	PAL	N/A	BLES-00378
BLES-00380	Disney Sing It	Danish / English / Norwegian / Swedish	PAL	N/A	BLES-00380
BLES-00382	The Legend of Spyro: Dawn of the Dragon	Danish / Dutch / English / Finnish / French / German / Italian / Norwegian / Spanish / Swedish	PAL	N/A	BLES-00382
BLES-00383	The Legend of Spyro: Dawn of the Dragon	English / Russian	PAL	N/A	BLES-00383
BLES-00384	NBA 2K9	English / French / German / Italian / Spanish	PAL	N/A	BLES-00384
BLES-00385	Rock Band 2	English / French / German / Italian / Spanish	PAL	N/A	BLES-00385
BLES-00387	Monopoly	Dutch / English / French / German / Spanish	PAL	N/A	BLES-00387
BLES-00389	Prince of Persia	Dutch / English / French / German / Italian / Spanish	PAL	N/A	BLES-00389
BLES-00390	Prince of Persia	Polish / Russian	PAL	N/A	BLES-00390
BLES-00391	Golden Axe: Beast Rider	English / French / Italian / Spanish	PAL	N/A	BLES-00391
BLES-00392	Spider-Man: Web of Shadows	English / French / German / Italian / Spanish	PAL	N/A	BLES-00392
BLES-00394	DreamWorks Madagascar: Escape 2 Africa	Dutch / English / French / German / Italian / Spanish / Swedish	PAL	N/A	BLES-00394
BLES-00395	DreamWorks Madagascar: Escape 2 Africa	Russian	PAL	N/A	BLES-00395
BLES-00396	MotoGP 08	English / French / German / Italian / Spanish	PAL	N/A	BLES-00396
BLES-00397	Blitz: The League II	English	PAL	N/A	BLES-00397
BLES-00398	Fallout 3	Polish	PAL	N/A	BLES-00398
BLES-00399	Fallout 3	German	PAL	N/A	BLES-00399
BLES-00400	Fallout 3	Russian	PAL	N/A	BLES-00400
BLES-00401	Rapala Fishing Frenzy 2009	English	PAL	N/A	BLES-00401
BLES-00402	Cabela's Dangerous Adventures	English	PAL	N/A	BLES-00402
BLES-00403	Shaun White Snowboarding	English / French / German / Italian / Spanish	PAL	N/A	BLES-00403
BLES-00404	Call of Duty: World at War	Russian	PAL	N/A	BLES-00404
BLES-00405	Legendary	English / French / German / Italian / Spanish	PAL	N/A	BLES-00405
BLES-00406	007: Quantum of Solace	English / French / German / Italian / Spanish	PAL	N/A	BLES-00406
BLES-00407	007: Kvant Miloserdiya	Russian	PAL	N/A	BLES-00407
BLES-00408	ShellShock 2: Blood Trails	English / French / German / Italian / Spanish	PAL	N/A	BLES-00408
BLES-00409	Tomb Raider: Underworld	Dutch / English / French / German / Italian / Spanish	PAL	N/A	BLES-00409
BLES-00410	Sacred 2: Fallen Angel	English / French / German / Italian / Spanish	PAL	N/A	BLES-00410
BLES-00411	007: Quantum of Solace	English / French / German / Italian / Spanish	PAL	N/A	BLES-00411
BLES-00412	The Lord of the Rings: Conquest	English / French / German / Italian / Norwegian / Spanish / Swedish	PAL	N/A	BLES-00412
BLES-00414	Disney Bolt	English / Italian / Spanish	PAL	N/A	BLES-00414
BLES-00415	Disney Bolt	Russian	PAL	N/A	BLES-00415
BLES-00416	Disney Bolt	Dutch / French / German	PAL	N/A	BLES-00416
BLES-00418	Rise of the Argonauts	English / French / German / Italian / Spanish	PAL	N/A	BLES-00418
BLES-00420	Brain Challenge	Dutch / English / French / German / Italian / Spanish	PAL	N/A	BLES-00420
BLES-00421	Score International Baja 1000: World Championship Off Road Racing	English	PAL	N/A	BLES-00421
BLES-00422	Alone in the Dark: Inferno	English / French / German / Italian / Spanish	PAL	N/A	BLES-00422
BLES-00424	Harry Potter and the Half-Blood Prince	Dutch / English / Finnish / French / German / Italian / Norwegian / Portuguese / Russian / Spanish / Swedish	PAL	N/A	BLES-00424
BLES-00425	Sonic Unleashed	English / French / German / Italian / Japanese / Spanish	PAL	N/A	BLES-00425
BLES-00441	Mortal Kombat vs. DC Universe	English / French / German / Italian / Spanish	PAL	N/A	BLES-00441
BLES-00442	Disney Sing It: High School Musical 3: Senior Year	Dutch / English / French / German / Italian / Spanish	PAL	N/A	BLES-00442
BLES-00443	Disney Sing It: High School Musical 3: Senior Year	Danish / English / Norwegian / Swedish	PAL	N/A	BLES-00443
BLES-00444	Eternal Sonata	English / French / German / Italian / Spanish	PAL	N/A	BLES-00444
BLES-00445	Shaun White Snowboarding	Polish / Russian	PAL	N/A	BLES-00445
BLES-00447	X-Blades	English	PAL	N/A	BLES-00447
BLES-00449	Need for Speed: Undercover	English	PAL	N/A	BLES-00449
BLES-00450	Need for Speed: Undercover	Czech / Danish / Dutch / English / Finnish / French / German / Hungarian / Italian / Norwegian / Polish / Russian / Spanish / Swedish	PAL	N/A	BLES-00450
BLES-00451	Rock Band: Song Pack 2	English / French / German / Italian / Spanish	PAL	N/A	BLES-00451
BLES-00452	Disgaea 3: Absence of Justice	English / French	PAL	N/A	BLES-00452
BLES-00453	AC/DC Live: Rock Band	English / French / German / Italian / Spanish	PAL	N/A	BLES-00453
BLES-00455	Burnout Paradise: The Ultimate Box	English / French / German / Italian / Japanese / Spanish	PAL	N/A	BLES-00455
BLES-00457	Call of Duty: World at War	Polish	PAL	N/A	BLES-00457
BLES-00460	Silent Hill: Homecoming	English / French / German / Italian / Spanish	PAL	N/A	BLES-00460
BLES-00461	Skate 2	Dutch / English / French / German / Italian / Spanish	PAL	N/A	BLES-00461
BLES-00462	Burnout Paradise: The Ultimate Box	Polish / Russian	PAL	N/A	BLES-00462
BLES-00464	F.E.A.R. 2: Project Origin	English / French / German / Italian / Spanish	PAL	N/A	BLES-00464
BLES-00465	Bionic Commando	English / French / German / Italian / Spanish	PAL	N/A	BLES-00465
BLES-00466	The Millennium European Paintball Series: Championship Paintball 2009	English	PAL	N/A	BLES-00466
BLES-00467	Destroy All Humans! Path of the Furon	English / French / German / Italian / Spanish	PAL	N/A	BLES-00467
BLES-00471	F.E.A.R. 2: Project Origin	English / French / German / Italian / Spanish	PAL	N/A	BLES-00471
BLES-00472	50 Cent: Blood on the Sand	English / French / German	PAL	N/A	BLES-00472
BLES-00473	X-Blades	Czech / English / French / German / Hungarian / Italian / Polish / Romanian / Russian / Spanish	PAL	N/A	BLES-00473
BLES-00474	Rock Revolution	Danish / English / Finnish / French / German / Italian / Norwegian / Spanish / Swedish	PAL	N/A	BLES-00474
BLES-00475	Sega Mega Drive Ultimate Collection	English / French / German / Italian / Spanish	PAL	N/A	BLES-00475
BLES-00477	The Godfather II	Czech / Dutch / English / Polish / Russian / Spanish	PAL	N/A	BLES-00477
BLES-00478	The Godfather II	French / German / Italian	PAL	N/A	BLES-00478
BLES-00479	Guitar Hero: Metallica	English / French / German / Italian / Spanish	PAL	N/A	BLES-00479
BLES-00480	Wheelman	English / French / German / Italian / Spanish	PAL	N/A	BLES-00480
BLES-00481	Street Fighter IV	English / French / German / Italian / Spanish	PAL	N/A	BLES-00481
BLES-00485	Resident Evil 5	English / French / German / Italian / Japanese / Spanish	PAL	N/A	BLES-00485
BLES-00486	Tom Clancy's H.A.W.X	Polish	PAL	N/A	BLES-00486
BLES-00487	Tom Clancy's EndWar	Polish / Russian	PAL	N/A	BLES-00487
BLES-00488	Trivial Pursuit	English / French / German / Italian / Spanish	PAL	N/A	BLES-00488
BLES-00489	Skate 2	German	PAL	N/A	BLES-00489
BLES-00490	DreamWorks Monsters vs. Aliens	Dutch / English / French / German / Italian / Spanish / Swedish	PAL	N/A	BLES-00490
BLES-00492	WWE Legends of WrestleMania	English / French / German / Italian / Spanish	PAL	N/A	BLES-00492
BLES-00495	Eat Lead: The Return of Matt Hazard	English / French / German / Italian / Spanish	PAL	N/A	BLES-00495
BLES-00496	Red Faction: Guerrilla	English / French / German / Italian / Spanish	PAL	N/A	BLES-00496
BLES-00497	Red Faction: Guerrilla	German	PAL	N/A	BLES-00497
BLES-00498	Red Faction: Guerrilla	Arabic / Czech / English / Polish / Russian	PAL	N/A	BLES-00498
BLES-00501	Der Pate II	German	PAL	N/A	BLES-00501
BLES-00503	Batman: Arkham Asylum	English / French / German / Italian / Spanish	PAL	N/A	BLES-00503
BLES-00504	Wanted: Weapons of Fate	English / French / German / Italian / Spanish	PAL	N/A	BLES-00504
BLES-00506	Command & Conquer: Red Alert 3: Ultimate Edition	English / Russian	PAL	N/A	BLES-00506
BLES-00507	Command & Conquer: Red Alert 3: Ultimate Edition	Italian / Spanish	PAL	N/A	BLES-00507
BLES-00508	Command & Conquer: Red Alert 3: Ultimate Edition	French / German	PAL	N/A	BLES-00508
BLES-00512	Mini Ninjas	Dutch / English / French / German / Italian / Spanish	PAL	N/A	BLES-00512
BLES-00513	Stormrise	English / French / Italian / Spanish	PAL	N/A	BLES-00513
BLES-00514	Stormrise	Russian	PAL	N/A	BLES-00514
BLES-00515	Stormrise	English / German	PAL	N/A	BLES-00515
BLES-00516	Afro Samurai	English / French / Italian / Spanish	PAL	N/A	BLES-00516
BLES-00517	Just Cause 2	English / French / German / Italian / Spanish	PAL	N/A	BLES-00517
BLES-00521	Mafia II	English / French / German / Italian / Spanish	PAL	N/A	BLES-00521
BLES-00522	Ice Age 3: Dawn of the Dinosaurs	Dutch / English / French / German / Spanish / Swedish	PAL	N/A	BLES-00522
BLES-00523	L'Era Glaciale 3: L'Alba dei Dinosauri	Italian	PAL	N/A	BLES-00523
BLES-00525	Lednikovyj period 3: E'ra dinozavrov	Russian	PAL	N/A	BLES-00525
BLES-00526	Damnation	English / French / German / Italian / Spanish	PAL	N/A	BLES-00526
BLES-00527	Wanted: Weapons of Fate	German	PAL	N/A	BLES-00527
BLES-00528	Dynasty Warriors: Gundam 2	English / French / German / Italian / Spanish	PAL	N/A	BLES-00528
BLES-00529	Superstars V8 Racing	English / French / German / Italian / Spanish	PAL	N/A	BLES-00529
BLES-00530	Tiger Woods PGA Tour 10	English	PAL	N/A	BLES-00530
BLES-00532	The Beatles: Rock Band	English / French / German / Italian / Spanish	PAL	N/A	BLES-00532
BLES-00533	Sacred 2: Fallen Angel	Polish	PAL	N/A	BLES-00533
BLES-00535	Trivial Pursuit	Danish / Finnish / Norwegian / Swedish	PAL	N/A	BLES-00535
BLES-00536	SBK 09: Superbike World Championship	English / French / German / Italian / Spanish	PAL	N/A	BLES-00536
BLES-00537	Terminator Salvation	Dutch / English / French / German / Italian / Portuguese / Spanish	PAL	N/A	BLES-00537
BLES-00538	Fight Night Round 4	English / French / German	PAL	N/A	BLES-00538
BLES-00539	UFC 2009 Undisputed	English / French / German / Italian / Spanish	PAL	N/A	BLES-00539
BLES-00540	Dynasty Warriors 6: Empires	English / French / German	PAL	N/A	BLES-00540
BLES-00541	Disney/Pixar Up	English / French	PAL	N/A	BLES-00541
BLES-00542	Disney/Pixar Up	Spanish	PAL	N/A	BLES-00542
BLES-00544	Disney/Pixar Oben	German	PAL	N/A	BLES-00544
BLES-00546	Marvel: Ultimate Alliance 2	English	PAL	N/A	BLES-00546
BLES-00549	Guitar Hero: Greatest Hits	English / French / German / Italian / Spanish	PAL	N/A	BLES-00549
BLES-00550	Disney/Pixar Up	Italian	PAL	N/A	BLES-00550
BLES-00552	Disney/Pixar Up	Polish	PAL	N/A	BLES-00552
BLES-00553	Leisure Suit Larry: Box Office Bust	English / French / German / Italian / Spanish	PAL	N/A	BLES-00553
BLES-00554	The Chronicles of Riddick: Assault on Dark Athena	English / French / German / Italian / Spanish	PAL	N/A	BLES-00554
BLES-00556	Call of Juarez: Bound in Blood	English / French / German / Italian / Spanish	PAL	N/A	BLES-00556
BLES-00557	Wheelman	English / French / German / Italian / Spanish	PAL	N/A	BLES-00557
BLES-00559	Fritz Chess	English / French / German / Italian / Spanish	PAL	N/A	BLES-00559
BLES-00560	Singularity	English / French / Italian / Spanish	PAL	N/A	BLES-00560
BLES-00561	Singularity	German	PAL	N/A	BLES-00561
BLES-00562	Brütal Legend	English / French / German / Italian / Spanish	PAL	N/A	BLES-00562
BLES-00564	Wolfenstein	English / French / Italian / Spanish	PAL	N/A	BLES-00564
BLES-00565	Virtua Tennis 2009	English / French / German / Italian / Spanish	PAL	N/A	BLES-00565
BLES-00566	Wolfenstein	German	PAL	N/A	BLES-00566
BLES-00567	NHL 10	Czech / English / Finnish / French / German / Russian / Swedish	PAL	N/A	BLES-00567
BLES-00570	Fuel	English / French / German / Italian / Spanish	PAL	N/A	BLES-00570
BLES-00572	Disney G-Force	Dutch / English / French / Spanish	PAL	N/A	BLES-00572
BLES-00573	Disney G-Force	German / Italian	PAL	N/A	BLES-00573
BLES-00575	Disney G-Force	Russian	PAL	N/A	BLES-00575
BLES-00576	Guitar Hero 5	English / French / German / Italian / Spanish	PAL	N/A	BLES-00576
BLES-00577	Transformers: Revenge of the Fallen	English / French / German / Italian / Spanish	PAL	N/A	BLES-00577
BLES-00578	Guitar Hero: Van Halen	English / French / German / Italian / Spanish	PAL	N/A	BLES-00578
BLES-00580	Overlord II	English / French / German / Italian / Spanish	PAL	N/A	BLES-00580
BLES-00581	Supercar Challenge	English / French / German / Italian / Spanish	PAL	N/A	BLES-00581
BLES-00582	Rogue Warrior	English / French / German / Italian / Spanish	PAL	N/A	BLES-00582
BLES-00584	Planet 51: The Game	English / French / German / Italian / Spanish	PAL	N/A	BLES-00584
BLES-00585	Aliens vs. Predator	English / French / German / Italian / Spanish	PAL	N/A	BLES-00585
BLES-00586	Aliens vs. Predator	Russian	PAL	N/A	BLES-00586
BLES-00588	Hannah Montana: The Movie	English / Italian	PAL	N/A	BLES-00588
BLES-00589	Hannah Montana: The Movie	Dutch / French / German / Spanish	PAL	N/A	BLES-00589
BLES-00590	G.I. Joe: The Rise of Cobra	English / French / German / Italian / Spanish	PAL	N/A	BLES-00590
BLES-00592	Red Faction: Guerrilla	English	PAL	N/A	BLES-00592
BLES-00594	Agarest: Generations of War	English	PAL	N/A	BLES-00594
BLES-00595	Madden NFL 10	English	PAL	N/A	BLES-00595
BLES-00597	Operation Flashpoint: Dragon Rising	English / French / German / Italian / Spanish	PAL	N/A	BLES-00597
BLES-00599	Bayonetta	English / French / German / Italian / Japanese / Spanish	PAL	N/A	BLES-00599
BLES-00600	Winter Sports 2010: The Great Tournament	English / French / German / Italian / Spanish	PAL	N/A	BLES-00600
BLES-00602	DJ Hero	English / French / German / Italian / Spanish	PAL	N/A	BLES-00602
BLES-00604	Kane & Lynch 2: Dog Days	English / French / Italian / Spanish	PAL	N/A	BLES-00604
BLES-00605	Watchmen: The End Is Nigh: Parts 1 and 2	English / French / German / Italian / Spanish	PAL	N/A	BLES-00605
BLES-00610	The King of Fighters XII	English / French / German / Italian / Japanese / Spanish	PAL	N/A	BLES-00610
BLES-00613	Watchmen: The End Is Nigh: Parts 1 and 2	English / French / German / Italian / Spanish	PAL	N/A	BLES-00613
BLES-00615	FIFA 10	Czech / Danish / Dutch / English / French / German / Hungarian / Italian / Norwegian / Polish / Portuguese / Russian / Spanish / Swedish	PAL	N/A	BLES-00615
BLES-00618	Cloudy with a Chance of Meatballs	English	PAL	N/A	BLES-00618
BLES-00619	Cloudy with a Chance of Meatballs	English / French / German / Italian / Spanish	PAL	N/A	BLES-00619
BLES-00620	Disney/Pixar Cars: Race-O-Rama	English / French / German / Italian / Spanish	PAL	N/A	BLES-00620
BLES-00635	Tekken 6	English / French / German / Italian / Japanese / Korean / Russian / Spanish	PAL	N/A	BLES-00635
BLES-00636	LEGO Rock Band	Danish / English / French / German / Italian / Spanish	PAL	N/A	BLES-00636
BLES-00637	NBA Live 10	English / French / German / Italian / Spanish	PAL	N/A	BLES-00637
BLES-00638	Disney Sing It: Pop Hits	Dutch / English / French / German / Italian / Spanish	PAL	N/A	BLES-00638
BLES-00639	Ashes Cricket 2009	English	PAL	N/A	BLES-00639
BLES-00648	IL-2 Sturmovik: Birds of Prey	English / French / German / Italian / Spanish	PAL	N/A	BLES-00648
BLES-00649	Il-2 Shturmovik: Krylatye xishhniki	Russian	PAL	N/A	BLES-00649
BLES-00650	Cross Edge	English	PAL	N/A	BLES-00650
BLES-00651	WWE SmackDown vs. Raw 2010	English / French / German / Italian / Spanish	PAL	N/A	BLES-00651
BLES-00652	Midnight Club: Los Angeles: Complete Edition	English / French / German / Italian / Spanish	PAL	N/A	BLES-00652
BLES-00654	NHL 2K10	English / Finnish / French / German / Swedish	PAL	N/A	BLES-00654
BLES-00655	NBA 2K10	English / French / German / Italian / Spanish	PAL	N/A	BLES-00655
BLES-00658	Katamari Forever	English / French / Italian / Spanish	PAL	N/A	BLES-00658
BLES-00659	Army of Two: The 40th Day	English / French / German / Italian / Spanish	PAL	N/A	BLES-00659
BLES-00660	Vancouver 2010	English / French / German / Italian / Spanish	PAL	N/A	BLES-00660
BLES-00661	Wolfenstein	Russian	PAL	N/A	BLES-00661
BLES-00662	MX vs. ATV Reflex	English / French / German / Italian / Spanish	PAL	N/A	BLES-00662
BLES-00667	James Cameron's Avatar: The Game	Dutch / English / French / German / Italian / Spanish	PAL	N/A	BLES-00667
BLES-00668	Top Spin 4	English / French / German / Italian / Spanish	PAL	N/A	BLES-00668
BLES-00669	Assassin's Creed II	Danish / Dutch / English / French / German / Italian / Norwegian / Spanish / Swedish	PAL	N/A	BLES-00669
BLES-00670	Assassin's Creed II	English / Italian	PAL	N/A	BLES-00670
BLES-00673	Colin McRae: DiRT 2	English / French / German / Italian / Spanish	PAL	N/A	BLES-00673
BLES-00676	Saw	English / French / German / Italian / Spanish	PAL	N/A	BLES-00676
BLES-00678	Star Wars: The Force Unleashed: Ultimate Sith Edition	English / French / German / Italian / Spanish	PAL	N/A	BLES-00678
BLES-00679	Heroes over Europe	English / French / German / Italian / Spanish	PAL	N/A	BLES-00679
BLES-00680	Red Dead Redemption	English / French / German / Italian / Spanish	PAL	N/A	BLES-00680
BLES-00681	Need for Speed: Shift	English	PAL	N/A	BLES-00681
BLES-00682	Need for Speed: Shift	Dutch / English / French / German / Italian / Spanish	PAL	N/A	BLES-00682
BLES-00683	Call of Duty: Modern Warfare 2	English	PAL	N/A	BLES-00683
BLES-00684	Call of Duty: Modern Warfare 2	French	PAL	N/A	BLES-00684
BLES-00685	Call of Duty: Modern Warfare 2	Italian	PAL	N/A	BLES-00685
BLES-00686	Call of Duty: Modern Warfare 2	German	PAL	N/A	BLES-00686
BLES-00687	Call of Duty: Modern Warfare 2	Spanish	PAL	N/A	BLES-00687
BLES-00688	PES 2010: Pro Evolution Soccer	Dutch / English / Greek / Russian / Swedish	PAL	N/A	BLES-00688
BLES-00689	PES 2010: Pro Evolution Soccer	French / German / Italian / Portuguese / Spanish	PAL	N/A	BLES-00689
BLES-00690	Call of Duty: Modern Warfare 2	Polish	PAL	N/A	BLES-00690
BLES-00691	Call of Duty: Modern Warfare 2	Russian	PAL	N/A	BLES-00691
BLES-00692	Star Wars: The Clone Wars: Republic Heroes	English / French / German / Italian / Spanish	PAL	N/A	BLES-00692
BLES-00693	Dragon Ball: Raging Blast	English / French / German / Italian / Spanish	PAL	N/A	BLES-00693
BLES-00694	Karaoke Revolution	Danish / English / Finnish / French / German / Italian / Norwegian / Portuguese / Russian / Spanish / Swedish	PAL	N/A	BLES-00694
BLES-00695	Tornado Outbreak	English / French / German / Italian / Spanish	PAL	N/A	BLES-00695
BLES-00696	Fairytale Fights	English / French / German / Italian / Spanish	PAL	N/A	BLES-00696
BLES-00697	Borderlands	English / French / German / Italian / Spanish	PAL	N/A	BLES-00697
BLES-00698	Borderlands	English / French / German / Italian / Spanish	PAL	N/A	BLES-00698
BLES-00699	Dragon Age: Origins	English / French / German / Italian / Spanish	PAL	N/A	BLES-00699
BLES-00700	Dragon Age: Origins	Polish	PAL	N/A	BLES-00700
BLES-00704	Alpha Protocol	English / French / German / Italian / Spanish	PAL	N/A	BLES-00704
BLES-00705	Darksiders	English / French / German / Italian / Spanish	PAL	N/A	BLES-00705
BLES-00706	Tony Hawk: Ride	English / German / Italian / Spanish	PAL	N/A	BLES-00706
BLES-00707	WET	English / French / German / Italian / Spanish	PAL	N/A	BLES-00707
BLES-00708	WET	English / German	PAL	N/A	BLES-00708
BLES-00709	Grand Slam Tennis 2	English / French / German / Italian / Spanish	PAL	N/A	BLES-00709
BLES-00710	Lost Planet 2	English / French / German / Italian / Japanese / Korean / Spanish	PAL	N/A	BLES-00710
BLES-00711	Band Hero	English / French / German / Italian / Spanish	PAL	N/A	BLES-00711
BLES-00712	Way of the Samurai 3	English / French / German	PAL	N/A	BLES-00712
BLES-00713	Dante's Inferno	English / French / Spanish	PAL	N/A	BLES-00713
BLES-00714	Dante's Inferno	English / French / German / Italian / Spanish	PAL	N/A	BLES-00714
BLES-00720	LEGO Harry Potter: Years 1-4	Danish / English / French / German / Italian / Spanish	PAL	N/A	BLES-00720
BLES-00721	Dragon Age: Nachalo	Russian	PAL	N/A	BLES-00721
BLES-00723	Dark Void	English / French / German / Italian / Spanish	PAL	N/A	BLES-00723
BLES-00724	Where the Wild Things Are: The Videogame	English / French / German / Italian / Spanish	PAL	N/A	BLES-00724
BLES-00725	Pure Football	Dutch / English / French / German / Italian / Spanish	PAL	N/A	BLES-00725
BLES-00728	BioShock 2	English / French / German / Italian / Spanish	PAL	N/A	BLES-00728
BLES-00730	Dragon Age: Origins	English	PAL	N/A	BLES-00730
BLES-00731	Scene It? Bright Lights! Big Screen!	English	PAL	N/A	BLES-00731
BLES-00732	Scene It? Ganz großes Kino!	German	PAL	N/A	BLES-00732
BLES-00733	Scene It? Estrellas en la Pantalla Gigante	Spanish	PAL	N/A	BLES-00733
BLES-00734	Scene It? Lumières ! Action !	French	PAL	N/A	BLES-00734
BLES-00735	DreamWorks Madagascar Kartz	Dutch / English / French / German / Italian / Spanish / Swedish	PAL	N/A	BLES-00735
BLES-00736	Ninja Gaiden Sigma 2	English / French / German / Italian / Spanish	PAL	N/A	BLES-00736
BLES-00737	Fallout 3: Game of the Year Edition	English	PAL	N/A	BLES-00737
BLES-00738	Fallout 3: Game of the Year Edition	French	PAL	N/A	BLES-00738
BLES-00739	Fallout 3: Game of the Year Edition	German	PAL	N/A	BLES-00739
BLES-00740	Fallout 3: Game of the Year Edition	Italian	PAL	N/A	BLES-00740
BLES-00741	Fallout 3: Game of the Year Edition	Spanish	PAL	N/A	BLES-00741
BLES-00742	Fallout 3: Game of the Year Edition	German	PAL	N/A	BLES-00742
BLES-00743	The Saboteur	English / French / German / Italian / Polish / Russian	PAL	N/A	BLES-00743
BLES-00744	The Saboteur	French	PAL	N/A	BLES-00744
BLES-00745	The Saboteur	German	PAL	N/A	BLES-00745
BLES-00749	Dead Island	English / French / German / Italian / Polish / Spanish	PAL	N/A	BLES-00749
BLES-00750	Sonic & Sega All-Stars Racing	English / French / German / Italian / Spanish	PAL	N/A	BLES-00750
BLES-00751	Assassin's Creed II	Italian / Polish / Russian	PAL	N/A	BLES-00751
BLES-00753	James Cameron's Avatar: The Game	English / French / Spanish	PAL	N/A	BLES-00753
BLES-00755	Tom Clancy's Rainbow Six: Vegas 2: Complete Edition	English / French / German / Italian / Spanish	PAL	N/A	BLES-00755
BLES-00756	MotoGP 09/10	English / French / German / Italian / Spanish	PAL	N/A	BLES-00756
BLES-00758	Bakugan: Battle Brawlers	Dutch / English / French / German / Italian / Spanish / Swedish	PAL	N/A	BLES-00758
BLES-00759	Blur	English / French / German / Italian / Spanish	PAL	N/A	BLES-00759
BLES-00760	Skate 3	Dutch / English / French / German / Italian / Spanish	PAL	N/A	BLES-00760
BLES-00761	Disney TRON: Evolution	Dutch / English / French / German / Italian / Spanish	PAL	N/A	BLES-00761
BLES-00763	LEGO Indiana Jones 2: The Adventure Continues	Danish / English / French / German / Italian / Spanish	PAL	N/A	BLES-00763
BLES-00765	Prison Break: The Conspiracy	English / French / German / Italian / Spanish	PAL	N/A	BLES-00765
BLES-00766	Prison Break: The Conspiracy	English	PAL	N/A	BLES-00766
BLES-00767	Star Ocean: The Last Hope International	English / French / German / Italian / Japanese / Spanish	NTSC-U	N/A	BLES-00767
BLES-00769	Nat Geo Quiz! Wild Life	English / French / German / Italian / Spanish	PAL	N/A	BLES-00769
BLES-00770	Super Street Fighter IV	English / French / German / Italian / Japanese / Korean / Spanish	PAL	N/A	BLES-00770
BLES-00771	Superstars V8: Next Challenge	English / French / German / Italian / Spanish	PAL	N/A	BLES-00771
BLES-00772	Arthur and the Revenge of Maltazard	Dutch / English / French / German / Italian / Spanish	PAL	N/A	BLES-00772
BLES-00773	Battlefield: Bad Company 2	English / French / German / Italian / Russian / Spanish	PAL	N/A	BLES-00773
BLES-00774	SBK X: Superbike World Championship	English / French / German / Italian / Spanish	PAL	N/A	BLES-00774
BLES-00775	Tom Clancy's Rainbow Six: Vegas 2: Complete Edition	English / French / German / Italian / Spanish	PAL	N/A	BLES-00775
BLES-00776	Venetica	English / French / German / Italian / Spanish	PAL	N/A	BLES-00776
BLES-00777	Rugby League Live	English / French	PAL	N/A	BLES-00777
BLES-00779	Battlefield: Bad Company 2	English / French / German / Italian / Russian / Spanish	PAL	N/A	BLES-00779
BLES-00780	Split/Second: Velocity	English / French / German / Italian / Spanish	PAL	N/A	BLES-00780
BLES-00781	Split/Second: Velocity	Russian	PAL	N/A	BLES-00781
BLES-00782	Scene It? Ciak! Si Gira!	Italian	PAL	N/A	BLES-00782
BLES-00783	Final Fantasy XIII	English / French / German / Italian / Spanish	PAL	N/A	BLES-00783
BLES-00785	R.U.S.E.	English / French / German / Italian / Polish / Spanish	PAL	N/A	BLES-00785
BLES-00786	R.U.S.E.	English	PAL	N/A	BLES-00786
BLES-00787	Green Day: Rock Band	English / French / German / Italian / Spanish	PAL	N/A	BLES-00787
BLES-00788	Front Mission Evolved	English / French / German / Italian / Spanish	PAL	N/A	BLES-00788
BLES-00789	Resonance of Fate	English / French / German / Italian / Japanese / Spanish	PAL	N/A	BLES-00789
BLES-00793	Saw	English / French / German / Italian / Spanish	PAL	N/A	BLES-00793
BLES-00796	2010 FIFA World Cup South Africa	Dutch / English / French / German / Italian / Spanish	PAL	N/A	BLES-00796
BLES-00798	DreamWorks How to Train Your Dragon	English / French / German / Italian / Spanish	PAL	N/A	BLES-00798
BLES-00801	Guitar Hero: Warriors of Rock	English / French / German / Italian / Spanish	PAL	N/A	BLES-00801
BLES-00816	Resident Evil 5: Gold Edition	English / French / German / Italian / Japanese / Spanish	PAL	N/A	BLES-00816
BLES-00817	Brink	English	PAL	N/A	BLES-00817
BLES-00820	BlazBlue: Calamity Trigger	Chinese / English / French / German / Italian / Japanese / Korean / Spanish	PAL	N/A	BLES-00820
BLES-00822	History: Great Battles Medieval	English / French / German / Italian / Spanish	PAL	N/A	BLES-00822
BLES-00824	Dead to Rights: Retribution	English / French / Italian / Spanish	PAL	N/A	BLES-00824
BLES-00825	Dynasty Warriors: Strikeforce	English / French / German	PAL	N/A	BLES-00825
BLES-00826	Nier	English / French / German	PAL	N/A	BLES-00826
BLES-00827	Batman: Arkham Asylum: Game of the Year Edition	English / French / German / Italian / Spanish	PAL	N/A	BLES-00827
BLES-00832	Sengoku Basara: Samurai Heroes	English / French / German / Italian / Spanish	NTSC-U	N/A	BLES-00832
BLES-00833	Transformers: War for Cybertron	English / French / German / Italian / Spanish	PAL	N/A	BLES-00833
BLES-00834	Yakuza 3	English	PAL	N/A	BLES-00834
BLES-00837	DreamWorks Shrek Forever After	Dutch / English / French / German / Spanish / Swedish	PAL	N/A	BLES-00837
BLES-00838	DreamWorks Shrek e Vissero Felici e Contenti	Italian	PAL	N/A	BLES-00838
BLES-00839	Prince of Persia: The Forgotten Sands	Dutch / English / French / German / Italian / Spanish	PAL	N/A	BLES-00839
BLES-00840	Prince of Persia: The Forgotten Sands	English	PAL	N/A	BLES-00840
BLES-00841	Clash of the Titans: The Videogame	English / French / German / Italian / Spanish	PAL	N/A	BLES-00841
BLES-00842	UFC Undisputed 2010	English / French / German / Italian / Spanish	PAL	N/A	BLES-00842
BLES-00845	Two Worlds II	English / French / German / Italian / Polish / Russian / Spanish	PAL	N/A	BLES-00845
BLES-00860	Medal of Honor	English / French / German / Italian / Polish / Russian / Spanish	PAL	N/A	BLES-00860
BLES-00861	Last Rebellion	English	PAL	N/A	BLES-00861
BLES-00867	DreamWorks Megamind: Ultimate Showdown	English / French / German / Italian / Spanish	PAL	N/A	BLES-00867
BLES-00868	Quantum Theory	English / French / German / Italian / Spanish	PAL	N/A	BLES-00868
BLES-00870	Tiger Woods PGA Tour 11	English	PAL	N/A	BLES-00870
BLES-00875	3D Dot Game Heroes	English	PAL	N/A	BLES-00875
BLES-00876	Disney/Pixar Toy Story 3	Dutch / English / French / German / Italian / Spanish	PAL	N/A	BLES-00876
BLES-00877	Disney/Pixar Istoriya igrushek: Bol'shoj pobeg	Russian	PAL	N/A	BLES-00877
BLES-00878	Disney/Pixar Toy Story 3	Arabic / English	PAL	N/A	BLES-00878
BLES-00884	Test Drive Unlimited 2	English / French / German / Italian / Spanish	PAL	N/A	BLES-00884
BLES-00885	Iron Man 2: The Video Game	English / French / German / Italian / Spanish	PAL	N/A	BLES-00885
BLES-00887	Grand Theft Auto: Episodes from Liberty City	English / French / German / Italian / Spanish	PAL	N/A	BLES-00887
BLES-00888	World of Outlaws: Sprint Cars	English	PAL	N/A	BLES-00888
BLES-00889	Disney Sing It: Family Hits	Dutch / English / French / German / Italian / Spanish	PAL	N/A	BLES-00889
BLES-00891	Driver: San Francisco	Danish / Dutch / English / French / German / Italian / Norwegian / Spanish / Swedish	PAL	N/A	BLES-00891
BLES-00892	Driver: San Francisco	English	PAL	N/A	BLES-00892
BLES-00893	Star Wars: The Force Unleashed II	English / French / German / Italian / Spanish	PAL	N/A	BLES-00893
BLES-00895	Marvel Super Hero Squad: The Infinity Gauntlet	English / French / German / Italian / Spanish	PAL	N/A	BLES-00895
BLES-00896	DJ Hero 2	English / French / German / Italian / Spanish	PAL	N/A	BLES-00896
BLES-00897	Assassin's Creed II: Game of the Year Edition	English / Italian	PAL	N/A	BLES-00897
BLES-00898	Assassin's Creed II: Game of the Year Edition	Italian / Polish / Russian	PAL	N/A	BLES-00898
BLES-00899	Assassin's Creed II: Game of the Year Edition	Danish / Dutch / English / French / German / Italian / Norwegian / Spanish / Swedish	PAL	N/A	BLES-00899
BLES-00900	Quantum Theory	N/A	PAL	N/A	BLES-00900
BLES-00901	Fallout: New Vegas	English	PAL	N/A	BLES-00901
BLES-00902	Fallout: New Vegas	French	PAL	N/A	BLES-00902
BLES-00903	Fallout: New Vegas	German	PAL	N/A	BLES-00903
BLES-00904	Fallout: New Vegas	Italian	PAL	N/A	BLES-00904
BLES-00905	Fallout: New Vegas	Spanish	PAL	N/A	BLES-00905
BLES-00906	Prince of Persia: The Forgotten Sands	Polish / Russian	PAL	N/A	BLES-00906
BLES-00909	Assassin's Creed: Brotherhood	Danish / Dutch / English / French / German / Italian / Norwegian / Portuguese / Spanish / Swedish	PAL	N/A	BLES-00909
BLES-00910	Assassin's Creed: Brotherhood	English / Italian	PAL	N/A	BLES-00910
BLES-00911	Assassin's Creed: Brotherhood	Italian / Polish / Russian	PAL	N/A	BLES-00911
BLES-00912	Virtua Tennis 4	English / French / German / Italian / Spanish	PAL	N/A	BLES-00912
BLES-00914	Nail'd	English / French / German / Italian / Spanish	PAL	N/A	BLES-00914
BLES-00916	Madden NFL 11	English	PAL	N/A	BLES-00916
BLES-00917	F1 2010	English / French / German / Italian / Spanish	PAL	N/A	BLES-00917
BLES-00918	F1 2010	Polish / Russian	PAL	N/A	BLES-00918
BLES-00919	Majin and the Forsaken Kingdom	Dutch / English / French / German / Italian / Portuguese / Russian / Spanish	PAL	N/A	BLES-00919
BLES-00921	International Cricket 2010	English	PAL	N/A	BLES-00921
BLES-00922	Tom Clancy's Ghost Recon: Future Soldier	Danish / Dutch / English / French / German / Italian / Norwegian / Portuguese / Spanish / Swedish	PAL	N/A	BLES-00922
BLES-00924	Tom Clancy's Ghost Recon: Future Soldier	English / Polish / Russian	PAL	N/A	BLES-00924
BLES-00925	Disney TRON: Evolution	Polish / Russian	PAL	N/A	BLES-00925
BLES-00926	Batman: Arkham City	English / French / German / Italian / Japanese / Korean / Polish / Portuguese / Russian / Spanish	PAL	N/A	BLES-00926
BLES-00927	Vanquish	English / French / German / Italian / Japanese / Spanish	PAL	N/A	BLES-00927
BLES-00928	Tom Clancy's H.A.W.X. 2	English / French / German / Italian / Polish / Spanish	PAL	N/A	BLES-00928
BLES-00929	Tom Clancy's H.A.W.X. 2	English	PAL	N/A	BLES-00929
BLES-00931	Harry Potter and the Deathly Hallows: Part 1	English / French / German / Italian / Polish / Russian / Spanish	PAL	N/A	BLES-00931
BLES-00932	Demon's Souls	English / French / German / Italian / Spanish	PAL	N/A	BLES-00932
BLES-00933	L.A. Noire	English / French / German / Italian / Spanish	PAL	N/A	BLES-00933
BLES-00934	LEGO Star Wars III: The Clone Wars	Danish / English / French / German / Italian / Spanish	PAL	N/A	BLES-00934
BLES-00936	MySims SkyHeroes	Dutch / English / French / German / Italian / Spanish	PAL	N/A	BLES-00936
BLES-00937	Apache: Air Assault	English / French / German / Spanish	PAL	N/A	BLES-00937
BLES-00940	Mafia II	Czech / Polish / Russian	PAL	N/A	BLES-00940
BLES-00941	Battle vs. Chess	Czech / English / French / German / Hungarian / Italian / Polish / Russian / Spanish	PAL	N/A	BLES-00941
BLES-00942	Max Payne 3	English / French / German / Italian / Russian / Spanish	PAL	N/A	BLES-00942
BLES-00944	Backbreaker	English	PAL	N/A	BLES-00944
BLES-00945	Naughty Bear	English / French / German / Italian / Spanish	PAL	N/A	BLES-00945
BLES-00946	Spider-Man: Shattered Dimensions	English / French / German / Italian / Spanish	PAL	N/A	BLES-00946
BLES-00947	Kane & Lynch 2: Dog Days	English / German	PAL	N/A	BLES-00947
BLES-00948	Dead Rising 2	English / French / Italian / Japanese / Korean / Spanish	PAL	N/A	BLES-00948
BLES-00949	Need for Speed: Hot Pursuit	Dutch / English / French / German / Italian / Spanish	PAL	N/A	BLES-00949
BLES-00950	Need for Speed: Hot Pursuit	English / Polish / Russian	PAL	N/A	BLES-00950
BLES-00951	Driver: San Francisco	Polish / Russian	PAL	N/A	BLES-00951
BLES-00952	Naruto Shippuden: Ultimate Ninja Storm 2	English / French / German / Italian / Spanish	PAL	N/A	BLES-00952
BLES-00953	Disney Sing It: Party Hits	Dutch / English / French / German / Italian / Spanish	PAL	N/A	BLES-00953
BLES-00954	Monopoly Streets	Dutch / English / French / German / Italian / Spanish	PAL	N/A	BLES-00954
BLES-00955	Mafia II	English	PAL	N/A	BLES-00955
BLES-00957	Rapala Pro Bass Fishing	English / French / German / Italian / Spanish	PAL	N/A	BLES-00957
BLES-00962	Homefront	Dutch / English / French / German / Italian / Polish / Russian / Spanish	PAL	N/A	BLES-00962
BLES-00963	F.E.A.R. 3	English / French / German / Italian / Japanese / Korean / Polish / Portuguese / Russian / Spanish	PAL	N/A	BLES-00963
BLES-00964	Legend of the Guardians: The Owls of Ga'Hoole	Dutch / English / French / German / Italian / Portuguese / Spanish	PAL	N/A	BLES-00964
BLES-00965	EA Sports Active 2: Personal Trainer	Dutch / English / French / German / Italian / Spanish	PAL	N/A	BLES-00965
BLES-00966	Truth or Lies	English / German	PAL	N/A	BLES-00966
BLES-00971	Trinity Universe	English	PAL	N/A	BLES-00971
BLES-00972	CSI: Crime Scene Investigation: Fatal Conspiracy	English / French / German / Italian / Spanish	PAL	N/A	BLES-00972
BLES-00973	Hasbro Family Game Night Vol 3	Dutch / English / French / German / Italian / Spanish	PAL	N/A	BLES-00973
BLES-00977	Get Fit with Mel B: See the Difference	Dutch / English / French / German / Italian / Spanish	PAL	N/A	BLES-00977
BLES-00978	Dragon Ball: Raging Blast 2	English / French / German / Italian / Spanish	PAL	N/A	BLES-00978
BLES-00983	Def Jam: Rapstar	English / French / German / Italian / Portuguese / Spanish	PAL	N/A	BLES-00983
BLES-00984	NHL 11	Czech / English / Finnish / French / German / Russian / Swedish	PAL	N/A	BLES-00984
BLES-00986	Rock Band 3	English / French / German / Italian / Spanish	PAL	N/A	BLES-00986
BLES-00987	EA Sports MMA	English / French / German / Japanese / Spanish	PAL	N/A	BLES-00987
BLES-00989	Enslaved: Odyssey to the West	English / French / German / Italian / Spanish	PAL	N/A	BLES-00989
BLES-00990	Enslaved: Odyssey to the West	English	PAL	N/A	BLES-00990
BLES-00991	Red Faction: Armageddon	English / French / German / Italian / Russian / Spanish	PAL	N/A	BLES-00991
BLES-00992	WRC: FIA World Rally Championship	English / French / German / Italian / Spanish	PAL	N/A	BLES-00992
BLES-00995	WWE All Stars	English / French / German / Italian / Spanish	PAL	N/A	BLES-00995
BLES-00997	JASF: Jane's Advanced Strike Fighters	English / French / German / Italian / Spanish	PAL	N/A	BLES-00997
BLES-00998	The Lord of the Rings: Aragorn's Quest	Dutch / English / French / German / Italian / Spanish	PAL	N/A	BLES-00998
BLES-01000	Racket Sports	English / French / German / Italian / Spanish	PAL	N/A	BLES-01000
BLES-01001	Knights Contract	English / French / German / Italian / Spanish	PAL	N/A	BLES-01001
BLES-01002	Tony Hawk: Shred	English / French / German / Italian / Spanish	PAL	N/A	BLES-01002
BLES-01003	Shaun White Skateboarding	Danish / Dutch / English / French / German / Italian / Norwegian / Polish / Spanish / Swedish	PAL	N/A	BLES-01003
BLES-01004	Shaun White Skateboarding	English	PAL	N/A	BLES-01004
BLES-01008	NBA 2K11	English / French / German / Italian / Japanese / Spanish	PAL	N/A	BLES-01008
BLES-01009	Mindjack	English / French / German / Italian / Japanese / Spanish	NTSC-U	N/A	BLES-01009
BLES-01011	Summer Challenge: Athletics Tournament	English / French / German / Italian / Spanish	PAL	N/A	BLES-01011
BLES-01016	The Sims 3	Dutch / English / French / German / Italian / Polish / Russian / Spanish	PAL	N/A	BLES-01016
BLES-01017	007: Blood Stone	English / French / German	PAL	N/A	BLES-01017
BLES-01020	PES 2011: Pro Evolution Soccer	English	PAL	N/A	BLES-01020
BLES-01021	PES 2011: Pro Evolution Soccer	Dutch / English / Russian / Swedish / Turkish	PAL	N/A	BLES-01021
BLES-01022	PES 2011: Pro Evolution Soccer	French / German / Greek / Italian / Portuguese / Spanish	PAL	N/A	BLES-01022
BLES-01025	The X Factor	Dutch / English / French / German / Italian	PAL	N/A	BLES-01025
BLES-01026	Marvel vs. Capcom 3: Fate of Two Worlds	English / French / German / Italian / Japanese / Spanish	PAL	N/A	BLES-01026
BLES-01030	Atelier Rorona: The Alchemist of Arland	English / French	PAL	N/A	BLES-01030
BLES-01031	Call of Duty: Black Ops	English / French	PAL	N/A	BLES-01031
BLES-01032	Call of Duty: Black Ops	Italian / Spanish	PAL	N/A	BLES-01032
BLES-01033	Call of Duty: Black Ops	German	PAL	N/A	BLES-01033
BLES-01034	Call of Duty: Black Ops	Polish	PAL	N/A	BLES-01034
BLES-01035	Call of Duty: Black Ops	Russian	PAL	N/A	BLES-01035
BLES-01036	Bakugan: Defenders of the Core	Dutch / English / French / German / Italian / Spanish / Swedish	PAL	N/A	BLES-01036
BLES-01037	National Geographic: Challenge!	English / French / German / Italian / Spanish	PAL	N/A	BLES-01037
BLES-01038	AFL Live	English	PAL	N/A	BLES-01038
BLES-01039	Fight Night Champion	English / French / German	PAL	N/A	BLES-01039
BLES-01040	Dead Space 2	English / French / German	PAL	N/A	BLES-01040
BLES-01041	Dead Space 2	English / Italian / Russian / Spanish	PAL	N/A	BLES-01041
BLES-01044	Create	Dutch / English / French / German / Italian / Spanish	PAL	N/A	BLES-01044
BLES-01045	WWE SmackDown vs. Raw 2011	English / French / German / Italian / Spanish	PAL	N/A	BLES-01045
BLES-01046	Blood Drive	English	NTSC-U	N/A	BLES-01046
BLES-01047	Castlevania: Lords of Shadow	English / French / German / Italian / Spanish	PAL	N/A	BLES-01047
BLES-01050	Saw II: Flesh & Blood	English / French / German / Italian / Spanish	PAL	N/A	BLES-01050
BLES-01051	Williams Pinball Classics	English / French / German / Spanish	PAL	N/A	BLES-01051
BLES-01057	Fallout: New Vegas	German	PAL	N/A	BLES-01057
BLES-01059	FIFA 11	Czech / Danish / Dutch / English / French / German / Hungarian / Italian / Norwegian / Polish / Portuguese / Russian / Spanish / Swedish	PAL	N/A	BLES-01059
BLES-01060	Crysis 2	Czech / English / French / German / Italian / Polish / Russian / Spanish / Turkish	PAL	N/A	BLES-01060
BLES-01061	Winter Sports 2011: Go for Gold	English / French / German / Italian / Spanish	PAL	N/A	BLES-01061
BLES-01062	Fist of the North Star: Ken's Rage	English / French / German / Italian / Spanish	PAL	N/A	BLES-01062
BLES-01066	Shift 2: Unleashed	English / French / German / Italian / Polish / Russian / Spanish	PAL	N/A	BLES-01066
BLES-01067	Medal of Honor	English / German	PAL	N/A	BLES-01067
BLES-01068	Dance Dance Revolution: New Moves	English / French / German / Italian / Spanish	PAL	N/A	BLES-01068
BLES-01069	Thor: God of Thunder	English / French / German / Italian / Spanish	PAL	N/A	BLES-01069
BLES-01071	Def Jam: Rapstar	English	PAL	N/A	BLES-01071
BLES-01074	London 2012	English / French / German / Italian / Spanish	PAL	N/A	BLES-01074
BLES-01076	Dragon Age: Origins: Ultimate Edition	English / French / German / Italian / Spanish	PAL	N/A	BLES-01076
BLES-01079	Monster Jam: Path of Destruction	Dutch / English / French / German / Italian	PAL	N/A	BLES-01079
BLES-01080	Yoostar 2: In the Movies	English / French / German / Italian / Spanish	PAL	N/A	BLES-01080
BLES-01081	Yakuza 4	English	PAL	N/A	BLES-01081
BLES-01084	Dragon Age II	English / French / German / Italian / Polish / Russian / Spanish	PAL	N/A	BLES-01084
BLES-01088	MySims SkyHeroes	Dutch / English / French / German / Italian / Spanish	PAL	N/A	BLES-01088
BLES-01089	John Daly's ProStroke Golf	English / French / German / Italian / Spanish	PAL	N/A	BLES-01089
BLES-01090	PDC World Championship Darts: Pro Tour	Dutch / English / French / German / Italian / Spanish	PAL	N/A	BLES-01090
BLES-01092	Prince of Persia Trilogy	English / French / German / Italian / Spanish	PAL	N/A	BLES-01092
BLES-01093	Mafia II: Extended Edition	Czech / Polish / Russian	PAL	N/A	BLES-01093
BLES-01100	MotoGP 10/11	English / French / German / Italian / Spanish	PAL	N/A	BLES-01100
BLES-01101	No More Heroes: Heroes' Paradise	English / French / German / Italian / Spanish	PAL	N/A	BLES-01101
BLES-01102	Ar tonelico Qoga: Knell of Ar Ciel	English	PAL	N/A	BLES-01102
BLES-01105	Call of Duty: Black Ops	German	PAL	N/A	BLES-01105
BLES-01106	Medal of Honor	English / French	PAL	N/A	BLES-01106
BLES-01107	Medal of Honor	English / German	PAL	N/A	BLES-01107
BLES-01108	Medal of Honor	English	PAL	N/A	BLES-01108
BLES-01110	Ben 10: Ultimate Alien: Cosmic Destruction	English / French / German / Italian / Spanish	PAL	N/A	BLES-01110
BLES-01112	Cabela's Dangerous Hunts 2011	English / French / German / Italian / Spanish	PAL	N/A	BLES-01112
BLES-01114	Child of Eden	English / French / German / Italian / Spanish	PAL	N/A	BLES-01114
BLES-01116	Green Lantern: Rise of the Manhunters	Dutch / English / French / German / Italian / Spanish	PAL	N/A	BLES-01116
BLES-01119	BlazBlue: Continuum Shift	English / French / German / Italian / Spanish	PAL	N/A	BLES-01119
BLES-01120	Splatterhouse	English / French / German / Italian / Spanish	PAL	N/A	BLES-01120
BLES-01128	Grand Theft Auto IV & Episodes from Liberty City	English / French / German / Italian / Spanish	PAL	N/A	BLES-01128
BLES-01129	Final Fantasy XIV Online: A Realm Reborn	English / French / German / Japanese	PAL	N/A	BLES-01129
BLES-01130	Brunswick Pro Bowling	English / French / German / Italian / Spanish	PAL	N/A	BLES-01130
BLES-01132	Mortal Kombat	English / French / German / Italian / Portuguese / Spanish	PAL	N/A	BLES-01132
BLES-01133	Mass Effect 2	English / French / German / Italian / Russian / Spanish	PAL	N/A	BLES-01133
BLES-01134	Bulletstorm	English / French / German / Italian / Polish / Russian / Spanish	PAL	N/A	BLES-01134
BLES-01135	Michael Jackson: The Experience	Dutch / English / French / German / Italian / Spanish	PAL	N/A	BLES-01135
BLES-01136	Michael Jackson: The Experience	English	PAL	N/A	BLES-01136
BLES-01137	Far Cry 3	Danish / Dutch / English / French / German / Italian / Norwegian / Portuguese / Spanish / Swedish	PAL	N/A	BLES-01137
BLES-01138	Far Cry 3	English / Polish / Russian	PAL	N/A	BLES-01138
BLES-01139	Rio	Danish / Dutch / English / French / German / Italian / Spanish / Swedish	PAL	N/A	BLES-01139
BLES-01145	Mayhem	English / French / German / Italian / Spanish	PAL	N/A	BLES-01145
BLES-01146	Tom Clancy's Splinter Cell Trilogy	English / French / German / Italian / Spanish	PAL	N/A	BLES-01146
BLES-01147	Duke Nukem Forever	English / French / German / Italian / Spanish	PAL	N/A	BLES-01147
BLES-01148	WSC Real 11: World Snooker Championship	English	PAL	N/A	BLES-01148
BLES-01149	Dynasty Warriors 7	English / French / German / Italian / Spanish	PAL	N/A	BLES-01149
BLES-01150	Deus Ex: Human Revolution	English	PAL	N/A	BLES-01150
BLES-01151	Deus Ex: Human Revolution	French / German / Italian / Spanish	PAL	N/A	BLES-01151
BLES-01152	Deus Ex: Human Revolution	Polish / Russian	PAL	N/A	BLES-01152
BLES-01153	Transformers: Fall of Cybertron	English / French / German / Italian / Spanish	PAL	N/A	BLES-01153
BLES-01157	Spec Ops: The Line	English / French / German / Italian / Spanish	PAL	N/A	BLES-01157
BLES-01159	Zumba Fitness	English / French / German / Italian / Spanish	PAL	N/A	BLES-01159
BLES-01160	de Blob 2	English / French / German / Italian / Spanish	PAL	N/A	BLES-01160
BLES-01161	Dungeon Siege III	English / French / German / Italian / Spanish	PAL	N/A	BLES-01161
BLES-01162	NBA Jam	English	PAL	N/A	BLES-01162
BLES-01163	El Shaddai: Ascension of the Metatron	English / French / German / Italian / Japanese / Spanish	PAL	N/A	BLES-01163
BLES-01164	Rango	English / French / German / Italian / Spanish	PAL	N/A	BLES-01164
BLES-01165	Mafia II: Director's Cut	English / French / German / Italian / Spanish	PAL	N/A	BLES-01165
BLES-01166	Mafia II: Director's Cut	English	PAL	N/A	BLES-01166
BLES-01167	Captain America: Super Soldier	English / French / German / Italian / Spanish	PAL	N/A	BLES-01167
BLES-01168	Germany's Next Topmodel 2011	German	PAL	N/A	BLES-01168
BLES-01169	Transformers: Dark of the Moon	English / French / German / Italian / Spanish	PAL	N/A	BLES-01169
BLES-01170	UFC Personal Trainer: The Ultimate Fitness System	Dutch / English / French / German / Spanish	PAL	N/A	BLES-01170
BLES-01171	Operation Flashpoint: Red River	English / French / German / Italian / Spanish	PAL	N/A	BLES-01171
BLES-01177	Tiger Woods PGA Tour 12	English	PAL	N/A	BLES-01177
BLES-01178	Hyperdimension Neptunia	English	PAL	N/A	BLES-01178
BLES-01179	Red Dead Redemption: Undead Nightmare	English / French / German / Italian / Spanish	PAL	N/A	BLES-01179
BLES-01181	The Lord of the Rings: War in the North	English / French / German / Italian / Polish / Portuguese / Russian / Spanish	PAL	N/A	BLES-01181
BLES-01183	Warriors: Legends of Troy	English / French / German / Italian / Spanish	PAL	N/A	BLES-01183
BLES-01184	Trinity: Souls of Zill O'll	English	PAL	N/A	BLES-01184
BLES-01189	Dead Space 2	English / Italian / Russian / Spanish	PAL	N/A	BLES-01189
BLES-01190	Dead Space 2	English / French / German	PAL	N/A	BLES-01190
BLES-01191	My Fitness Coach: Club	English / French / German / Italian / Spanish	PAL	N/A	BLES-01191
BLES-01192	MX vs. ATV Alive	English / French / German / Italian / Spanish	PAL	N/A	BLES-01192
BLES-01193	F.E.A.R. 3	English / French / German / Italian / Japanese / Korean / Polish / Portuguese / Russian / Spanish	PAL	N/A	BLES-01193
BLES-01195	The Tomb Raider Trilogy	Dutch / English / French / German / Italian / Spanish	PAL	N/A	BLES-01195
BLES-01210	Rugby Challenge	English / French / Italian / Spanish	PAL	N/A	BLES-01210
BLES-01211	Binary Domain	English / French / German / Italian / Japanese / Spanish	PAL	N/A	BLES-01211
BLES-01212	Bulletstorm	English / German	PAL	N/A	BLES-01212
BLES-01213	DreamWorks Kung Fu Panda 2	Dutch / English / French / German / Italian / Spanish	PAL	N/A	BLES-01213
BLES-01214	Earth Defense Force: Insect Armageddon	English	PAL	N/A	BLES-01214
BLES-01215	We Dare: Flirty Fun for All	English / French / German / Italian / Spanish	PAL	N/A	BLES-01215
BLES-01216	Rocksmith	Dutch / English / French / German / Italian / Spanish	PAL	N/A	BLES-01216
BLES-01217	Hunter's Trophy	Danish / Dutch / English / Finnish / French / German / Italian / Norwegian / Portuguese / Spanish / Swedish	PAL	N/A	BLES-01217
BLES-01218	My Body Coach 2: Fitness & Dance	Danish / Dutch / English / Finnish / French / German / Italian / Norwegian / Portuguese / Spanish / Swedish	PAL	N/A	BLES-01218
BLES-01219	DreamWorks The Penguins of Madagascar: Dr. Blowhole Returns: Again!	Dutch / English / French / German / Italian / Spanish	PAL	N/A	BLES-01219
BLES-01221	Atelier Totori: The Adventurer of Arland	English	PAL	N/A	BLES-01221
BLES-01222	Portal 2	Chinese / Danish / Dutch / English / Finnish / French / German / Italian / Japanese / Korean / Norwegian / Polish / Portuguese / Russian / Spanish / Swedish	PAL	N/A	BLES-01222
BLES-01223	Rio	English	PAL	N/A	BLES-01223
BLES-01224	Winter Stars	English / French / German / Italian / Spanish	PAL	N/A	BLES-01224
BLES-01225	Disgaea 4: A Promise Unforgotten	English / French	PAL	N/A	BLES-01225
BLES-01226	SBK 2011: FIM Superbike World Championship	English / French / German / Italian / Spanish	PAL	N/A	BLES-01226
BLES-01227	Asura's Wrath	English / French / German / Italian / Japanese / Spanish	PAL	N/A	BLES-01227
BLES-01228	Devil May Cry: HD Collection	English / French / German / Italian / Japanese / Spanish	PAL	N/A	BLES-01228
BLES-01230	Michael Jackson: The Experience	Polish / Russian	PAL	N/A	BLES-01230
BLES-01231	UFC Undisputed 3	English / French / German / Italian / Spanish	PAL	N/A	BLES-01231
BLES-01232	Anarchy Reigns	English / French / Italian / Japanese / Spanish	PAL	N/A	BLES-01232
BLES-01233	Dance on Broadway	English / French / German / Italian / Spanish	PAL	N/A	BLES-01233
BLES-01235	Champion Jockey: G1 Jockey & Gallop Racer	English	PAL	N/A	BLES-01235
BLES-01236	Sonic Generations	English / French / German / Italian / Japanese / Spanish	PAL	N/A	BLES-01236
BLES-01237	Top Gun: Hard Lock	English / French / German / Italian / Spanish	PAL	N/A	BLES-01237
BLES-01239	LEGO Pirates of the Caribbean: The Video Game	Danish / Dutch / English / French / German / Italian / Norwegian / Spanish / Swedish	PAL	N/A	BLES-01239
BLES-01241	LEGO Pirates of the Caribbean: The Video Game	Polish / Russian	PAL	N/A	BLES-01241
BLES-01242	Disney/Pixar Cars 2	Dutch / English / French / German / Italian / Spanish	PAL	N/A	BLES-01242
BLES-01244	Disney/Pixar Cars 2	Danish / English / Finnish	PAL	N/A	BLES-01244
BLES-01245	Disney · Pixar Arabalar 2	Turkish	PAL	N/A	BLES-01245
BLES-01246	Disney/Pixar Cars 2	Polish / Russian	PAL	N/A	BLES-01246
BLES-01250	Soulcalibur V	English / French / German / Italian / Japanese / Russian / Spanish	PAL	N/A	BLES-01250
BLES-01251	Kingdoms of Amalur: Reckoning	English / French / German / Italian / Spanish	PAL	N/A	BLES-01251
BLES-01252	Street Fighter X Tekken	English / French / German / Italian / Russian / Spanish	PAL	N/A	BLES-01252
BLES-01265	Alice: Madness Returns	English / French / German / Italian / Spanish	PAL	N/A	BLES-01265
BLES-01266	Dance! It's Your Stage	Dutch / English / French / German / Italian / Spanish	PAL	N/A	BLES-01266
BLES-01267	Dead Space 2	English / German	PAL	N/A	BLES-01267
BLES-01268	Let's Dance with Mel B	English / French / German / Italian / Spanish	PAL	N/A	BLES-01268
BLES-01269	Final Fantasy XIII-2	English / French / German / Italian / Spanish	PAL	N/A	BLES-01269
BLES-01270	Tiger Woods PGA Tour 12	English	PAL	N/A	BLES-01270
BLES-01271	Generator Rex: Agent of Providence	English / French / German / Italian / Spanish	PAL	N/A	BLES-01271
BLES-01272	Skylanders: Spyro's Adventure	Danish / Dutch / English / Finnish / French / German / Italian / Norwegian / Spanish / Swedish	PAL	N/A	BLES-01272
BLES-01275	Battlefield 3	English / French / German / Italian / Polish / Russian / Spanish	PAL	N/A	BLES-01275
BLES-01276	Shadows of the Damned	English / French / German / Italian / Spanish	PAL	N/A	BLES-01276
BLES-01281	Sniper: Ghost Warrior	English / French / German / Italian / Polish / Russian / Spanish	PAL	N/A	BLES-01281
BLES-01286	Sniper: Ghost Warrior	English / French / German / Italian / Polish / Russian / Spanish	PAL	N/A	BLES-01286
BLES-01287	DiRT 3	English / French / German / Italian / Spanish	PAL	N/A	BLES-01287
BLES-01288	Resident Evil: Operation Raccoon City	Dutch / English / French / German / Italian / Polish / Russian / Spanish	PAL	N/A	BLES-01288
BLES-01290	Sniper Elite V2	English / French / German / Italian / Spanish	PAL	N/A	BLES-01290
BLES-01291	Spider-Man: Edge of Time	English / French / German / Italian / Spanish	PAL	N/A	BLES-01291
BLES-01292	GoldenEye 007: Reloaded	English / French / German / Italian / Spanish	PAL	N/A	BLES-01292
BLES-01294	Red Dead Redemption: Game of the Year Edition	English / French / German / Italian / Spanish	PAL	N/A	BLES-01294
BLES-01295	Arcana Heart 3	English / Japanese	PAL	N/A	BLES-01295
BLES-01296	Le Tour de France	Danish / Dutch / English / French / German / Italian / Spanish	PAL	N/A	BLES-01296
BLES-01297	Duke Nukem Forever	English	PAL	N/A	BLES-01297
BLES-01298	Need for Speed: The Run	Dutch / English / French / German / Italian / Polish / Russian / Spanish	PAL	N/A	BLES-01298
BLES-01299	The Cursed Crusade	English / French / German / Italian / Spanish	PAL	N/A	BLES-01299
BLES-01301	Dynasty Warriors: Gundam 3	English / French / German / Italian / Spanish	PAL	N/A	BLES-01301
BLES-01302	Dead Rising 2: Off the Record	English / French / Italian / Japanese / Korean / Spanish	PAL	N/A	BLES-01302
BLES-01303	NeverDead	English / French / German / Italian / Spanish	PAL	N/A	BLES-01303
BLES-01304	Brink	French / German / Italian / Spanish	PAL	N/A	BLES-01304
BLES-01305	Agarest: Generations of War Zero	English	PAL	N/A	BLES-01305
BLES-01306	The Adventures of Tintin: The Secret of the Unicorn	Danish / Dutch / English / Finnish / French / German / Italian / Norwegian / Spanish / Swedish	PAL	N/A	BLES-01306
BLES-01307	Harry Potter and the Deathly Hallows: Part 2	English / French / German / Italian / Polish / Russian / Spanish	PAL	N/A	BLES-01307
BLES-01308	DreamWorks Puss in Boots	Dutch / English / French / German / Italian / Spanish	PAL	N/A	BLES-01308
BLES-01309	Hunted: The Demon's Forge	English	PAL	N/A	BLES-01309
BLES-01310	Hunted: The Demon's Forge	French / German / Italian / Spanish	PAL	N/A	BLES-01310
BLES-01311	F1 2011	English / French / German / Italian / Spanish	PAL	N/A	BLES-01311
BLES-01314	Bodycount	English / French / German / Italian / Spanish	PAL	N/A	BLES-01314
BLES-01315	Bleach: Soul Resurrección	English / French	PAL	N/A	BLES-01315
BLES-01316	Air Conflicts: Secret Wars	English / French / German / Italian / Spanish	PAL	N/A	BLES-01316
BLES-01320	Madden NFL 12	English	PAL	N/A	BLES-01320
BLES-01321	Major League Baseball 2K11	English	PAL	N/A	BLES-01321
BLES-01322	The Bureau: XCOM Declassified	English / French / German / Italian / Spanish	PAL	N/A	BLES-01322
BLES-01326	The House of the Dead: Overkill: Extended Cut	English / French / Italian / Spanish	PAL	N/A	BLES-01326
BLES-01327	De Snipers: Invisible, Silentadly	Danish / Dutch / English / Finnish / French / German / Italian / Norwegian / Portuguese / Spanish / Swedish	PAL	N/A	BLES-01327
BLES-01328	Disney/Pixar Cars 2	German	PAL	N/A	BLES-01328
BLES-01329	The Elder Scrolls V: Skyrim	English	PAL	N/A	BLES-01329
BLES-01330	The Elder Scrolls V: Skyrim	French / German / Italian / Spanish	PAL	N/A	BLES-01330
BLES-01338	Get Up and Dance	English / French / German / Italian / Spanish	PAL	N/A	BLES-01338
BLES-01340	Obut Pétanque	English / French	PAL	N/A	BLES-01340
BLES-01341	Ridge Racer Unbounded	English / French / German / Italian / Spanish	PAL	N/A	BLES-01341
BLES-01342	Saints Row: The Third	Dutch / English / French / German / Italian / Polish / Russian / Spanish	PAL	N/A	BLES-01342
BLES-01343	Saints Row: The Third	English / German	PAL	N/A	BLES-01343
BLES-01347	Warhammer 40,000: Space Marine	Dutch / English / French / German / Italian / Polish / Russian / Spanish	PAL	N/A	BLES-01347
BLES-01348	LEGO Harry Potter: Years 5-7	Danish / Dutch / English / French / German / Italian / Spanish	PAL	N/A	BLES-01348
BLES-01349	Disney Phineas and Ferb: Across the 2nd Dimension	Dutch / English / French / German / Italian / Spanish	PAL	N/A	BLES-01349
BLES-01350	Disney Phineas and Ferb: Across the 2nd Dimension	Russian	PAL	N/A	BLES-01350
BLES-01351	X-Men: Destiny	English / German	PAL	N/A	BLES-01351
BLES-01352	Call of Juarez: The Cartel	Dutch / English / French / German / Italian / Polish / Russian / Spanish	PAL	N/A	BLES-01352
BLES-01354	Disney Universe	Danish / Dutch / English / French / German / Italian / Norwegian / Spanish / Swedish	PAL	N/A	BLES-01354
BLES-01355	Ultimate Marvel vs. Capcom 3	English / French / German / Italian / Japanese / Spanish	PAL	N/A	BLES-01355
BLES-01356	Dragon's Dogma	English / French / German / Italian / Spanish	PAL	N/A	BLES-01356
BLES-01357	NHL 12	Czech / English / Finnish / French / German / Russian / Swedish	PAL	N/A	BLES-01357
BLES-01358	Rugby World Cup 2011	English / French / Italian	PAL	N/A	BLES-01358
BLES-01364	Family Game Night 4: The Game Show	English	PAL	N/A	BLES-01364
BLES-01366	Disney Universe	Polish / Russian	PAL	N/A	BLES-01366
BLES-01367	Supremacy MMA	English / French / German / Italian / Spanish	PAL	N/A	BLES-01367
BLES-01368	The Sims 3: Pets	Dutch / English / French / German / Italian / Polish / Russian / Spanish	PAL	N/A	BLES-01368
BLES-01371	Syndicate	English / French / German / Italian / Russian / Spanish	PAL	N/A	BLES-01371
BLES-01373	DreamWorks Super Star Kartz	Dutch / English / French / German / Italian / Spanish / Swedish	PAL	N/A	BLES-01373
BLES-01376	Disney Phineas and Ferb: Across the 2nd Dimension	Dutch / English / French / German / Italian / Spanish	PAL	N/A	BLES-01376
BLES-01377	Rage	English	PAL	N/A	BLES-01377
BLES-01378	Rage	French / German / Italian / Spanish	PAL	N/A	BLES-01378
BLES-01379	Marvel Super Hero Squad: Comic Combat	Dutch / English / French / German / Italian / Spanish	PAL	N/A	BLES-01379
BLES-01381	FIFA 12	Czech / Danish / Dutch / English / French / German / Hungarian / Italian / Norwegian / Polish / Portuguese / Russian / Spanish / Swedish	PAL	N/A	BLES-01381
BLES-01383	Everyone Sing	English / French / German / Italian / Spanish	PAL	N/A	BLES-01383
BLES-01384	Assassin's Creed: Revelations	Danish / Dutch / English / French / German / Italian / Norwegian / Portuguese / Spanish / Swedish	PAL	N/A	BLES-01384
BLES-01385	Assassin's Creed: Revelations	English / Polish / Russian	PAL	N/A	BLES-01385
BLES-01386	Rayman Origins	Dutch / English / French / German / Italian / Spanish	PAL	N/A	BLES-01386
BLES-01387	Rayman Origins	English	PAL	N/A	BLES-01387
BLES-01388	The Darkness II	English / French / German / Italian / Spanish	PAL	N/A	BLES-01388
BLES-01389	The Darkness II	English / German / Japanese	PAL	N/A	BLES-01389
BLES-01390	The Darkness II	English	PAL	N/A	BLES-01390
BLES-01391	uDraw Studio: Instant Artist	Dutch / English / French / German / Italian / Spanish	PAL	N/A	BLES-01391
BLES-01392	Ace Combat: Assault Horizon	English / French / German / Italian / Spanish	PAL	N/A	BLES-01392
BLES-01393	Ace Combat: Assault Horizon	English / Russian	PAL	N/A	BLES-01393
BLES-01395	Blades of Time	English / French / German / Italian / Russian / Spanish	PAL	N/A	BLES-01395
BLES-01396	Dark Souls	English / French / German / Italian / Spanish	PAL	N/A	BLES-01396
BLES-01397	Birds of Steel	English / French / German / Italian / Russian / Spanish	PAL	N/A	BLES-01397
BLES-01398	Risen 2: Dark Waters	English / French / German / Italian / Polish / Russian / Spanish	PAL	N/A	BLES-01398
BLES-01399	Yakuza: Dead Souls	English	PAL	N/A	BLES-01399
BLES-01401	Dragon Ball Z: Ultimate Tenkaichi	English / French / German / Italian / Spanish	PAL	N/A	BLES-01401
BLES-01402	Dark Souls	English	PAL	N/A	BLES-01402
BLES-01403	Hitman: Absolution	English / French / Spanish	PAL	N/A	BLES-01403
BLES-01406	PES 2012: Pro Evolution Soccer	English	PAL	N/A	BLES-01406
BLES-01407	PES 2012: Pro Evolution Soccer	Arabic / Dutch / English / Russian / Swedish / Turkish	PAL	N/A	BLES-01407
BLES-01408	PES 2012: Pro Evolution Soccer	French / German / Greek / Italian / Portuguese / Spanish	PAL	N/A	BLES-01408
BLES-01409	The King of Fighters XIII	Chinese / English / French / German / Italian / Japanese / Korean / Spanish	PAL	N/A	BLES-01409
BLES-01410	Grease Dance	English / French / German / Italian / Spanish	PAL	N/A	BLES-01410
BLES-01411	Cabela's Big Game Hunter 2012	English / French / German / Italian / Spanish	PAL	N/A	BLES-01411
BLES-01412	Cabela's Survival: Shadows of Katmai	English / French / German / Italian / Spanish	PAL	N/A	BLES-01412
BLES-01413	Monkey Island: Special Edition Collection	English / French / German / Italian / Spanish	PAL	N/A	BLES-01413
BLES-01414	Test Drive: Ferrari Racing Legends	English / French / German / Italian / Spanish	PAL	N/A	BLES-01414
BLES-01416	Wanted Corp.	English / French / German / Italian / Spanish	PAL	N/A	BLES-01416
BLES-01417	Resident Evil: Operation Raccoon City	English / French / German / Italian / Spanish	PAL	N/A	BLES-01417
BLES-01418	NBA 2K12	English / French / German / Italian / Japanese / Spanish	PAL	N/A	BLES-01418
BLES-01419	Metal Gear Solid: HD Collection	English / French / German / Italian / Spanish	PAL	N/A	BLES-01419
BLES-01420	Cyberbike 2: Cycling Sports	Danish / Dutch / English / Finnish / French / German / Italian / Norwegian / Portuguese / Spanish / Swedish	PAL	N/A	BLES-01420
BLES-01421	Saint Seiya: Sanctuary Battle	English / French / Italian / Spanish	PAL	N/A	BLES-01421
BLES-01425	Happy Feet Two	Dutch / English / French / German / Italian / Spanish	PAL	N/A	BLES-01425
BLES-01426	Rage	Russian	PAL	N/A	BLES-01426
BLES-01427	Crash Time 4: The Syndicate	English / French / German	PAL	N/A	BLES-01427
BLES-01428	Call of Duty: Modern Warfare 3	English	PAL	N/A	BLES-01428
BLES-01429	Call of Duty: Modern Warfare 3	French	PAL	N/A	BLES-01429
BLES-01430	Call of Duty: Modern Warfare 3	Italian	PAL	N/A	BLES-01430
BLES-01431	Call of Duty: Modern Warfare 3	German	PAL	N/A	BLES-01431
BLES-01432	Call of Duty: Modern Warfare 3	Spanish	PAL	N/A	BLES-01432
BLES-01433	Call of Duty: Modern Warfare 3	Russian	PAL	N/A	BLES-01433
BLES-01434	Call of Duty: Modern Warfare 3	Polish	PAL	N/A	BLES-01434
BLES-01437	SSX	English / French / German / Italian / Spanish	PAL	N/A	BLES-01437
BLES-01439	WWE '12	English / French / German / Italian / Spanish	PAL	N/A	BLES-01439
BLES-01440	Armored Core V	English / French / German / Italian / Spanish	PAL	N/A	BLES-01440
BLES-01442	WRC 2: FIA World Rally Championship	English / French / German / Italian / Spanish	PAL	N/A	BLES-01442
BLES-01444	Schlag den Raab: Das 2. Spiel	German	PAL	N/A	BLES-01444
BLES-01445	Tiger Woods PGA Tour 13	English	PAL	N/A	BLES-01445
BLES-01446	Silent Hill: Downpour	English / French / German / Italian / Portuguese / Spanish	PAL	N/A	BLES-01446
BLES-01447	Just Dance Kids	English / French / German / Italian / Spanish	PAL	N/A	BLES-01447
BLES-01451	Ferrari Challenge: Trofeo Pirelli with Supercar Challenge	English / French / German / Italian / Spanish	PAL	N/A	BLES-01451
BLES-01453	Ferrari: The Race Experience	English / French / German / Italian / Spanish	PAL	N/A	BLES-01453
BLES-01455	Aliens: Colonial Marines	English / French / German / Italian / Polish / Spanish	PAL	N/A	BLES-01455
BLES-01459	Catherine	English / French / German / Italian / Spanish	PAL	N/A	BLES-01459
BLES-01460	NCIS: Based on the TV Series	English / French / German / Italian / Spanish	PAL	N/A	BLES-01460
BLES-01461	Motionsports Adrenaline	Dutch / English / French / German / Italian / Spanish	PAL	N/A	BLES-01461
BLES-01462	Mass Effect 3	English / French / German / Italian / Japanese / Polish / Russian / Spanish	PAL	N/A	BLES-01462
BLES-01463	Captain Morgane and the Golden Turtle	English / French / German / Italian / Spanish	PAL	N/A	BLES-01463
BLES-01464	The Adventures of Tintin: The Secret of the Unicorn	Polish / Russian	PAL	N/A	BLES-01464
BLES-01465	Resident Evil 6	English / French / German / Italian / Polish / Portuguese / Russian / Spanish	PAL	N/A	BLES-01465
BLES-01466	Assassin's Creed: Revelations	English / Polish / Russian	PAL	N/A	BLES-01466
BLES-01467	Assassin's Creed: Revelations	Danish / Dutch / English / French / German / Italian / Norwegian / Portuguese / Spanish / Swedish	PAL	N/A	BLES-01467
BLES-01468	Cabela's Adventure Camp	Dutch / English / French / German / Italian / Spanish	PAL	N/A	BLES-01468
BLES-01469	Ben 10: Galactic Racing	English / French / German / Italian / Spanish	PAL	N/A	BLES-01469
BLES-01470	Order Up!!	English / French / German / Italian / Spanish	PAL	N/A	BLES-01470
BLES-01471	The Cube	English / Italian / Spanish	PAL	N/A	BLES-01471
BLES-01472	Rugby League Live 2	English / French	PAL	N/A	BLES-01472
BLES-01474	Pictionary: Ultimate Edition	Dutch / English / French / German / Italian / Spanish	PAL	N/A	BLES-01474
BLES-01475	Fallout: New Vegas: Ultimate Edition	English	PAL	N/A	BLES-01475
BLES-01476	Fallout: New Vegas: Ultimate Edition	French	PAL	N/A	BLES-01476
BLES-01477	Fallout: New Vegas: Ultimate Edition	Italian	PAL	N/A	BLES-01477
BLES-01478	Fallout: New Vegas: Ultimate Edition	German	PAL	N/A	BLES-01478
BLES-01479	Fallout: New Vegas: Ultimate Edition	Spanish	PAL	N/A	BLES-01479
BLES-01481	Naruto Shippuden: Ultimate Ninja Storm Generations	English / French / German / Italian / Spanish	PAL	N/A	BLES-01481
BLES-01484	Two Worlds II: Game of the Year Edition	English / French / German / Italian / Polish / Spanish	PAL	N/A	BLES-01484
BLES-01485	The Testament of Sherlock Holmes	English / French / German / Italian / Polish / Russian / Spanish	PAL	N/A	BLES-01485
BLES-01486	Ski-Doo Snowmobile Challenge	English / French	PAL	N/A	BLES-01486
BLES-01487	BlazBlue: Continuum Shift Extend	Chinese / English / Japanese / Korean	PAL	N/A	BLES-01487
BLES-01488	L.A. Noire: The Complete Edition	English / French / German / Italian / Spanish	PAL	N/A	BLES-01488
BLES-01490	Tiger Woods PGA Tour 13	English	PAL	N/A	BLES-01490
BLES-01492	Sacred 3	English / French / German / Italian / Spanish	PAL	N/A	BLES-01492
BLES-01493	FIFA Street	English / French / German / Italian / Spanish	PAL	N/A	BLES-01493
BLES-01494	The Ultimate Battle of the Sexes: Quiz & Play!	Dutch / English / French / German / Italian	PAL	N/A	BLES-01494
BLES-01495	Inversion	English / French / German / Italian / Spanish	PAL	N/A	BLES-01495
BLES-01496	Dynasty Warriors 7: Xtreme Legends	English	PAL	N/A	BLES-01496
BLES-01500	Absolute Supercars	English / French / German / Italian / Spanish	PAL	N/A	BLES-01500
BLES-01501	Putty Squad	English / French / German / Italian / Spanish	PAL	N/A	BLES-01501
BLES-01504	Silent Hill: HD Collection	English / French / German / Italian / Spanish	PAL	N/A	BLES-01504
BLES-01506	Just Dance 3	English / French / German / Italian / Spanish	PAL	N/A	BLES-01506
BLES-01507	Hyperdimension Neptunia mk2	English	PAL	N/A	BLES-01507
BLES-01508	Mortal Kombat: Komplete Edition	English / French / German / Italian / Portuguese / Spanish	PAL	N/A	BLES-01508
BLES-01510	Rayman Origins	Polish / Russian	PAL	N/A	BLES-01510
BLES-01512	Captain Morgane and the Golden Turtle	French / Italian	PAL	N/A	BLES-01512
BLES-01516	LEGO The Lord of the Rings	Danish / Dutch / English / French / German / Italian / Polish / Russian / Spanish	PAL	N/A	BLES-01516
BLES-01517	Hitman HD Trilogy	English / French / German / Italian / Spanish	PAL	N/A	BLES-01517
BLES-01520	Battleship	English / French / German / Italian / Spanish	PAL	N/A	BLES-01520
BLES-01521	LEGO Harry Potter: Years 5-7	English / Polish / Russian	PAL	N/A	BLES-01521
BLES-01522	Just Dance 3	English / French / German / Italian / Spanish	PAL	N/A	BLES-01522
BLES-01524	Ninja Gaiden 3	Chinese / English / French / German / Italian / Japanese / Spanish	PAL	N/A	BLES-01524
BLES-01525	Lollipop Chainsaw	English / French / German / Italian / Portuguese / Russian / Spanish	PAL	N/A	BLES-01525
BLES-01527	Sniper: Ghost Warrior 2	English / French / German / Italian / Polish / Russian / Spanish	PAL	N/A	BLES-01527
BLES-01528	Summer Stars 2012	English / French / German / Italian / Spanish	PAL	N/A	BLES-01528
BLES-01529	Adidas miCoach	English / French / German / Italian / Spanish	PAL	N/A	BLES-01529
BLES-01532	Prototype 2	English / French / German	PAL	N/A	BLES-01532
BLES-01533	Prototype 2	Italian / Spanish	PAL	N/A	BLES-01533
BLES-01534	Prototype 2	Russian	PAL	N/A	BLES-01534
BLES-01535	Prototype 2	Polish	PAL	N/A	BLES-01535
BLES-01536	Prototype 2	German	PAL	N/A	BLES-01536
BLES-01542	Disney/Pixar Brave	Dutch / English / French / German / Italian / Spanish	PAL	N/A	BLES-01542
BLES-01547	The Amazing Spider-Man	English / French / German / Italian / Spanish	PAL	N/A	BLES-01547
BLES-01548	DiRT 3: Complete Edition	English / French / German / Italian / Spanish	PAL	N/A	BLES-01548
BLES-01549	MIB: Alien Crisis	English / French / German / Italian / Spanish	PAL	N/A	BLES-01549
BLES-01550	Rune Factory: Oceans	English / French / German	PAL	N/A	BLES-01550
BLES-01551	MUD: FIM Motocross World Championship	English / French / German / Italian / Spanish	PAL	N/A	BLES-01551
BLES-01554	Zone of the Enders HD Collection	English / French / German / Italian / Spanish	PAL	N/A	BLES-01554
BLES-01555	Ni no Kuni: Wrath of the White Witch	English / French / German / Italian / Spanish	PAL	N/A	BLES-01555
BLES-01562	Le Tour de France 2012	Danish / Dutch / English / French / German / Italian / Spanish	PAL	N/A	BLES-01562
BLES-01563	Damage Inc.: Pacific Squadron WWII	English / French / German / Italian / Spanish	PAL	N/A	BLES-01563
BLES-01578	DiRT Showdown	English / French / German / Italian / Spanish	PAL	N/A	BLES-01578
BLES-01579	Game of Thrones	English / French / Italian / Spanish	PAL	N/A	BLES-01579
BLES-01580	Game of Thrones	English / German / Polish / Russian	PAL	N/A	BLES-01580
BLES-01581	Ride to Hell: Retribution	English / French / German / Italian / Spanish	PAL	N/A	BLES-01581
BLES-01582	Assassin's Creed II: Game of the Year Edition + Assassin's Creed	Danish / Dutch / English / French / German / Italian / Norwegian / Spanish / Swedish	PAL	N/A	BLES-01582
BLES-01586	Of Orcs and Men	English / French / German / Italian / Spanish	PAL	N/A	BLES-01586
BLES-01587	Batman: Arkham City: Game of the Year Edition	English / French / German / Italian / Japanese / Korean / Polish / Portuguese / Russian / Spanish	PAL	N/A	BLES-01587
BLES-01588	Warriors Orochi 3	English	PAL	N/A	BLES-01588
BLES-01590	Tom Clancy's Rainbow Six: Vegas 2: Complete Edition + Tom Clancy's Ghost Recon: Advanced Warfighter 2	English / French / German / Italian / Spanish	PAL	N/A	BLES-01590
BLES-01591	Tom Clancy's Rainbow Six: Vegas + Tom Clancy's Splinter Cell: Double Agent	English / French / German / Italian / Spanish	PAL	N/A	BLES-01591
BLES-01593	Atelier Meruru: The Apprentice of Arland	English	PAL	N/A	BLES-01593
BLES-01596	Back to the Future: The Game	English / French / German	PAL	N/A	BLES-01596
BLES-01597	Darksiders II	Dutch / English / French / German / Italian / Polish / Russian / Spanish	PAL	N/A	BLES-01597
BLES-01601	Bejeweled 3	English / French / German / Italian / Spanish	PAL	N/A	BLES-01601
BLES-01602	Heavy Fire: Afghanistan	English / French / German / Italian / Spanish	PAL	N/A	BLES-01602
BLES-01603	Madden NFL 13	English	PAL	N/A	BLES-01603
BLES-01604	Air Conflicts: Pacific Carriers	English / French / German / Italian / Russian / Spanish	PAL	N/A	BLES-01604
BLES-01610	Worms Collection	English / French / German / Italian / Spanish	PAL	N/A	BLES-01610
BLES-01613	LEGO Batman 2: DC Super Heroes	Danish / Dutch / English / French / German / Italian / Polish / Russian / Spanish	PAL	N/A	BLES-01613
BLES-01614	007 Legends	English / French / German	PAL	N/A	BLES-01614
BLES-01617	Tales of Graces f	English / French / German	PAL	N/A	BLES-01617
BLES-01618	Novyj Chelovek-Pauk	Russian	PAL	N/A	BLES-01618
BLES-01620	Crash Time 5: Undercover	English / German	PAL	N/A	BLES-01620
BLES-01622	Cartoon Network: Punch Time Explosion XL	English / French / German / Italian / Spanish	PAL	N/A	BLES-01622
BLES-01623	Dead or Alive 5	English / French / German / Italian / Japanese / Spanish	PAL	N/A	BLES-01623
BLES-01624	DreamWorks Madagascar 3: Europe's Most Wanted	Dutch / English / French / German / Italian / Russian / Spanish	PAL	N/A	BLES-01624
BLES-01625	Family Guy: Back to the Multiverse	English / German / Italian / Spanish	PAL	N/A	BLES-01625
BLES-01627	Disney Epic Mickey 2: The Power of Two	Dutch / English / French / German / Italian / Portuguese / Russian / Spanish	PAL	N/A	BLES-01627
BLES-01628	Disney Epic Mickey 2: The Power of Two	Arabic / Czech / Danish / English / Norwegian / Polish / Swedish / Turkish	PAL	N/A	BLES-01628
BLES-01630	Disney/Pixar Brave	Danish / English / Norwegian / Swedish	PAL	N/A	BLES-01630
BLES-01632	Disney/Pixar Brave	Polish / Russian	PAL	N/A	BLES-01632
BLES-01636	Medal of Honor: Warfighter	English / French / German / Italian / Polish / Russian / Spanish	PAL	N/A	BLES-01636
BLES-01639	Sleeping Dogs	Polish / Russian	PAL	N/A	BLES-01639
BLES-01641	Hitman: Absolution	English / Russian	PAL	N/A	BLES-01641
BLES-01643	Agarest: Generations of War 2	English	PAL	N/A	BLES-01643
BLES-01644	Castlevania: Lords of Shadow 2	English / French / German / Italian / Portuguese / Spanish	PAL	N/A	BLES-01644
BLES-01646	Sonic & All-Stars Racing Transformed	English / French / German / Italian / Spanish	PAL	N/A	BLES-01646
BLES-01647	SBK Generations	English / French / German / Italian / Spanish	PAL	N/A	BLES-01647
BLES-01649	Crysis 3	Czech / English / French / German / Italian / Polish / Russian / Spanish / Turkish	PAL	N/A	BLES-01649
BLES-01654	Enemy Front	English / French / German / Italian / Polish / Russian / Spanish	PAL	N/A	BLES-01654
BLES-01655	Enemy Front	German	PAL	N/A	BLES-01655
BLES-01656	Max Payne 3	English / German	PAL	N/A	BLES-01656
BLES-01657	Dragon Age: Inquisition	English / French / German / Italian / Polish / Russian / Spanish	PAL	N/A	BLES-01657
BLES-01658	Dragon Ball Z: Budokai HD Collection	English / French / German / Italian / Spanish	PAL	N/A	BLES-01658
BLES-01659	Need for Speed: Most Wanted: A Criterion Game	Arabic / Dutch / English / French / German / Italian / Polish / Russian / Spanish	PAL	N/A	BLES-01659
BLES-01660	Need for Speed: Most Wanted: A Criterion Game	English	PAL	N/A	BLES-01660
BLES-01661	Sleeping Dogs	English / French / German	PAL	N/A	BLES-01661
BLES-01662	Sleeping Dogs	Italian / Spanish	PAL	N/A	BLES-01662
BLES-01664	F1 2012	English / French / German / Italian / Spanish	PAL	N/A	BLES-01664
BLES-01665	F1 2012	Polish / Russian	PAL	N/A	BLES-01665
BLES-01667	Assassin's Creed III	Danish / Dutch / English / Finnish / French / German / Italian / Norwegian / Portuguese / Spanish / Swedish	PAL	N/A	BLES-01667
BLES-01668	Assassin's Creed III	English	PAL	N/A	BLES-01668
BLES-01669	Assassin's Creed III	Czech / Hungarian / Polish / Russian	PAL	N/A	BLES-01669
BLES-01671	Hunter's Trophy 2: Europa	English / French / German / Italian / Spanish	PAL	N/A	BLES-01671
BLES-01672	One Piece: Pirate Warriors	English / French / German / Italian / Spanish	PAL	N/A	BLES-01672
BLES-01673	Injustice: Gods Among Us	English / French / German / Italian / Polish / Portuguese / Russian / Spanish	PAL	N/A	BLES-01673
BLES-01674	Dishonored	English	PAL	N/A	BLES-01674
BLES-01675	Dishonored	French / German / Italian / Spanish	PAL	N/A	BLES-01675
BLES-01676	FIFA 13	Czech / Danish / Dutch / English / French / German / Hungarian / Italian / Norwegian / Polish / Portuguese / Russian / Spanish / Swedish	PAL	N/A	BLES-01676
BLES-01678	Doom 3: BFG Edition	English	PAL	N/A	BLES-01678
BLES-01679	Doom 3: BFG Edition	French / German / Italian / Spanish	PAL	N/A	BLES-01679
BLES-01681	Dead Island: Game of the Year Edition	English / French / German / Italian / Polish / Spanish	PAL	N/A	BLES-01681
BLES-01682	Way of the Samurai 4	English / Japanese	PAL	N/A	BLES-01682
BLES-01683	Resident Evil 6	English / French / German / Italian / Polish / Portuguese / Russian / Spanish	PAL	N/A	BLES-01683
BLES-01684	Borderlands 2	English / French / German / Italian / Spanish	PAL	N/A	BLES-01684
BLES-01685	Lost Planet 3	English / French / German / Italian / Japanese / Polish / Portuguese / Russian / Spanish	PAL	N/A	BLES-01685
BLES-01686	Ice Age 4: Continental Drift: Arctic Games	Dutch / English / French / German / Spanish / Swedish	PAL	N/A	BLES-01686
BLES-01687	L'Era Glaciale 4: Continenti alla Deriva: Giochi Polari	Italian	PAL	N/A	BLES-01687
BLES-01688	Ice Age 4: Continental Drift: Arctic Games	Russian	PAL	N/A	BLES-01688
BLES-01689	Skylanders: Giants	Danish / Dutch / English / Finnish / French / German / Italian / Norwegian / Spanish / Swedish	PAL	N/A	BLES-01689
BLES-01690	007 Legends	Russian	PAL	N/A	BLES-01690
BLES-01691	NHL 13	Czech / English / Finnish / French / German / Russian / Swedish	PAL	N/A	BLES-01691
BLES-01696	Obut Pétanque 2	English / French	PAL	N/A	BLES-01696
BLES-01697	Alien: Isolation	English / French / German / Italian / Polish / Russian / Spanish	PAL	N/A	BLES-01697
BLES-01698	DmC: Devil May Cry	Dutch / English / French / German / Italian / Polish / Portuguese / Russian / Spanish	PAL	N/A	BLES-01698
BLES-01699	WWE '13	English / French / German / Italian / Spanish	PAL	N/A	BLES-01699
BLES-01701	Remember Me	Chinese / English / French / German / Italian / Polish / Portuguese / Russian / Spanish	PAL	N/A	BLES-01701
BLES-01702	Tekken Tag Tournament 2	English / French / German / Italian / Japanese / Korean / Russian / Spanish	PAL	N/A	BLES-01702
BLES-01703	Schlag den Raab: Das 3. Spiel	German	PAL	N/A	BLES-01703
BLES-01704	Sleeping Dogs	English / French / German	PAL	N/A	BLES-01704
BLES-01705	BioShock Infinite	English / French / German / Italian / Spanish	PAL	N/A	BLES-01705
BLES-01707	Port Royale 3	English / French / German / Italian / Spanish	PAL	N/A	BLES-01707
BLES-01708	PES 2013: Pro Evolution Soccer	English	PAL	N/A	BLES-01708
BLES-01709	PES 2013: Pro Evolution Soccer	Arabic / Dutch / English / Russian / Swedish / Turkish	PAL	N/A	BLES-01709
BLES-01710	PES 2013: Pro Evolution Soccer	French / German / Greek / Italian	PAL	N/A	BLES-01710
BLES-01711	XCOM: Enemy Unknown	English / French / German / Italian / Korean / Spanish	PAL	N/A	BLES-01711
BLES-01712	XCOM: Enemy Unknown	Polish / Russian	PAL	N/A	BLES-01712
BLES-01713	NBA 2K13	Chinese / English / French / German / Italian / Japanese / Spanish	PAL	N/A	BLES-01713
BLES-01714	Dishonored	Czech / Hungarian / Polish / Russian	PAL	N/A	BLES-01714
BLES-01715	F1 Race Stars	English / French / German / Italian / Polish / Spanish	PAL	N/A	BLES-01715
BLES-01717	Call of Duty: Black Ops II	English / French	PAL	N/A	BLES-01717
BLES-01718	Call of Duty: Black Ops II	Italian / Spanish	PAL	N/A	BLES-01718
BLES-01719	Call of Duty: Black Ops II	German	PAL	N/A	BLES-01719
BLES-01720	Call of Duty: Black Ops II	Polish / Russian	PAL	N/A	BLES-01720
BLES-01721	WRC 3: FIA World Rally Championship	English / French / German / Italian / Spanish	PAL	N/A	BLES-01721
BLES-01722	Just Dance 4	Danish / Dutch / English / Finnish / French / German / Italian / Norwegian / Spanish / Swedish	PAL	N/A	BLES-01722
BLES-01723	Mugen Souls	English	PAL	N/A	BLES-01723
BLES-01724	Fuse	English / French / German / Spanish	PAL	N/A	BLES-01724
BLES-01730	Disney/Pixar Toy Story Mania!	Danish / Dutch / English / French / Italian / Norwegian / Russian / Spanish / Swedish	PAL	N/A	BLES-01730
BLES-01731	South Park: The Stick of Truth	English / French / German / Italian / Polish / Spanish	PAL	N/A	BLES-01731
BLES-01732	Angry Birds Trilogy	English / French / German / Italian / Spanish	PAL	N/A	BLES-01732
BLES-01733	Dead Space 3	English / French / German / Italian / Russian / Spanish	PAL	N/A	BLES-01733
BLES-01736	Cabela's Dangerous Hunts 2013	English / French / German / Italian	PAL	N/A	BLES-01736
BLES-01737	Grid 2	French / German / Italian / Polish / Spanish	PAL	N/A	BLES-01737
BLES-01738	Persona 4 Arena	English / Japanese	PAL	N/A	BLES-01738
BLES-01739	Dead Island: Riptide	English / French / German / Italian / Polish / Spanish	PAL	N/A	BLES-01739
BLES-01744	History Legends of War	English / French / German / Italian / Spanish	PAL	N/A	BLES-01744
BLES-01745	Middle-Earth: Shadow of Mordor	English / French / German / Italian / Polish / Russian / Spanish	PAL	N/A	BLES-01745
BLES-01746	PES 2013: Pro Evolution Soccer	Portuguese / Spanish	PAL	N/A	BLES-01746
BLES-01747	Saints Row: The Third: The Full Package	Dutch / English / French / German / Italian / Polish / Russian / Spanish	PAL	N/A	BLES-01747
BLES-01748	Saints Row: The Third: The Full Package	English / German	PAL	N/A	BLES-01748
BLES-01750	Metal Gear Rising: Revengeance	English / French / German / Italian / Japanese / Portuguese / Spanish	PAL	N/A	BLES-01750
BLES-01751	Skylanders: Spyro's Adventure	Polish / Russian	PAL	N/A	BLES-01751
BLES-01752	Under Defeat HD: Deluxe Edition	English / French / German / Italian / Spanish	PAL	N/A	BLES-01752
BLES-01753	Ben 10: Omniverse	English / French / German / Italian / Spanish	PAL	N/A	BLES-01753
BLES-01754	Tiger Woods PGA Tour 14	English	PAL	N/A	BLES-01754
BLES-01756	Zone of the Enders HD Collection	English / French / German / Italian / Spanish	PAL	N/A	BLES-01756
BLES-01760	DreamWorks Rise of the Guardians	English / French / German / Italian / Spanish	PAL	N/A	BLES-01760
BLES-01763	Army of Two: The Devil's Cartel	English / French / German / Italian / Spanish	PAL	N/A	BLES-01763
BLES-01764	Naruto Shippuden: Ultimate Ninja Storm 3	English / French / German / Italian / Russian / Spanish	PAL	N/A	BLES-01764
BLES-01765	Dark Souls: Prepare to Die Edition	English / French / German / Italian / Spanish	PAL	N/A	BLES-01765
BLES-01766	Tom Clancy's Splinter Cell: Blacklist	Danish / Dutch / English / French / German / Italian / Norwegian / Polish / Portuguese / Spanish / Swedish	PAL	N/A	BLES-01766
BLES-01767	Army of Two: The Devil's Cartel	English / German	PAL	N/A	BLES-01767
BLES-01768	Midway Arcade Origins	English / French / German / Italian / Spanish	PAL	N/A	BLES-01768
BLES-01770	Aliens: Colonial Marines	Russian	PAL	N/A	BLES-01770
BLES-01772	Assassin's Creed: Brotherhood + Assassin's Creed: Revelations	Danish / Dutch / English / French / German / Italian / Norwegian / Portuguese / Spanish / Swedish	PAL	N/A	BLES-01772
BLES-01773	Resident Evil: Revelations	Dutch / English / French / German / Italian / Japanese / Polish / Portuguese / Russian / Spanish	PAL	N/A	BLES-01773
BLES-01774	Mass Effect	English / French / German / Italian / Spanish	PAL	N/A	BLES-01774
BLES-01775	Tiger Woods PGA Tour 14	English	PAL	N/A	BLES-01775
BLES-01776	Deadly Premonition: The Director's Cut	English / French / German / Italian / Spanish	PAL	N/A	BLES-01776
BLES-01778	Hitman: Absolution	English / German / Italian	PAL	N/A	BLES-01778
BLES-01779	The Walking Dead: Survival Instinct	English / French / German / Italian / Spanish	PAL	N/A	BLES-01779
BLES-01780	Tomb Raider	Dutch / English / French / German / Italian / Portuguese / Spanish	PAL	N/A	BLES-01780
BLES-01781	Tomb Raider	English / Polish / Russian	PAL	N/A	BLES-01781
BLES-01783	Arcania: The Complete Tale	Chinese / Czech / English / French / German / Hungarian / Italian / Japanese / Polish / Russian / Spanish	PAL	N/A	BLES-01783
BLES-01784	Batman: Arkham Origins	English / French / German / Italian / Korean / Polish / Russian / Spanish	PAL	N/A	BLES-01784
BLES-01785	Hitman: Absolution	Polish	PAL	N/A	BLES-01785
BLES-01786	Iron Sky: Invasion	Czech / English / French / German / Italian / Polish / Spanish	PAL	N/A	BLES-01786
BLES-01787	Defiance	English / French / German	PAL	N/A	BLES-01787
BLES-01788	Hyperdimension Neptunia Victory	English	PAL	N/A	BLES-01788
BLES-01789	Deadpool	English / French / German / Italian / Spanish	PAL	N/A	BLES-01789
BLES-01791	Painkiller: Hell & Damnation	English / French / German / Italian / Japanese / Polish / Russian / Spanish	PAL	N/A	BLES-01791
BLES-01792	Star Trek	English / French / German / Italian / Russian / Spanish	PAL	N/A	BLES-01792
BLES-01793	Atelier Ayesha: The Alchemist of Dusk	English	PAL	N/A	BLES-01793
BLES-01794	Dragon's Dogma: Dark Arisen	English / French / German / Italian / Japanese / Spanish	PAL	N/A	BLES-01794
BLES-01795	Dynasty Warriors 7: Empires	English	PAL	N/A	BLES-01795
BLES-01796	Farming Simulator	Dutch / English / French / German / Italian / Polish / Spanish	PAL	N/A	BLES-01796
BLES-01797	The Smurfs 2	Danish / Dutch / English / French / German / Italian / Norwegian / Spanish / Swedish	PAL	N/A	BLES-01797
BLES-01798	Truck Racer	Dutch / English / French / German / Italian / Spanish	PAL	N/A	BLES-01798
BLES-01801	Fist of the North Star: Ken's Rage 2	English / French / Italian	PAL	N/A	BLES-01801
BLES-01805	MotoGP 13	English / French / German / Italian / Spanish	PAL	N/A	BLES-01805
BLES-01807	Grand Theft Auto V	English / French / German / Italian / Polish / Portuguese / Russian / Spanish	PAL	N/A	BLES-01807
BLES-01808	Young Justice: Legacy	Danish / Dutch / English / Finnish / French / German / Italian / Norwegian / Portuguese / Spanish / Swedish	PAL	N/A	BLES-01808
BLES-01810	Fast & Furious: Showdown	English / French / German / Italian / Spanish	PAL	N/A	BLES-01810
BLES-01811	Lightning Returns: Final Fantasy XIII	English / French / German / Italian / Spanish	PAL	N/A	BLES-01811
BLES-01812	Sniper Elite V2: Game of the Year Edition	English / French / German / Italian / Spanish	PAL	N/A	BLES-01812
BLES-01813	Borderlands 2: Add-On Content Pack	English / French / German / Italian / Spanish	PAL	N/A	BLES-01813
BLES-01815	Tales of Xillia	English / French / German / Italian / Spanish	PAL	N/A	BLES-01815
BLES-01831	LEGO Marvel Super Heroes	Danish / Dutch / English / French / German / Italian / Polish / Russian / Spanish	PAL	N/A	BLES-01831
BLES-01832	Battlefield 4	English / French / German / Italian / Polish / Russian / Spanish	PAL	N/A	BLES-01832
BLES-01833	The Walking Dead: A Telltale Games Series	English / French / German / Italian / Spanish	PAL	N/A	BLES-01833
BLES-01834	Tomb Raider	Arabic / English	PAL	N/A	BLES-01834
BLES-01835	The Walking Dead: Survival Instinct	Russian	PAL	N/A	BLES-01835
BLES-01836	Murdered: Soul Suspect	English / French / German / Italian / Polish / Russian / Spanish	PAL	N/A	BLES-01836
BLES-01840	Tom Clancy's Ghost Recon Double Pack	Danish / Dutch / English / French / German / Italian / Norwegian / Portuguese / Spanish / Swedish	PAL	N/A	BLES-01840
BLES-01841	Rugby Challenge 2	English / French / Italian / Spanish	PAL	N/A	BLES-01841
BLES-01842	Disney Infinity	Dutch / English / French / German / Italian / Spanish	PAL	N/A	BLES-01842
BLES-01843	Disney Infinity	Arabic / English / Polish / Russian	PAL	N/A	BLES-01843
BLES-01845	Ninja Gaiden 3: Razor's Edge	English / French / German / Italian / Japanese / Spanish	PAL	N/A	BLES-01845
BLES-01846	Le Tour de France 2013: 100th Edition	Danish / Dutch / English / French / German / Italian / Spanish	PAL	N/A	BLES-01846
BLES-01847	Earth Defense Force 2025	English	PAL	N/A	BLES-01847
BLES-01848	Time and Eternity	English	PAL	N/A	BLES-01848
BLES-01849	DreamWorks Turbo: Super Stunt Squad	English / French / German / Italian / Spanish	PAL	N/A	BLES-01849
BLES-01850	Madden NFL 25	English	PAL	N/A	BLES-01850
BLES-01851	XCOM: Enemy Within	English / French / German / Italian / Korean / Polish / Russian / Spanish	PAL	N/A	BLES-01851
BLES-01853	NHL 14	Czech / English / Finnish / French / German / Russian / Swedish	PAL	N/A	BLES-01853
BLES-01854	Watch_Dogs	Danish / Dutch / English / Finnish / French / German / Italian / Norwegian / Portuguese / Spanish / Swedish	PAL	N/A	BLES-01854
BLES-01855	Grid 2	English	PAL	N/A	BLES-01855
BLES-01856	Killer Is Dead	English / French / German / Italian / Japanese / Spanish	PAL	N/A	BLES-01856
BLES-01857	Destiny	English / French / German / Italian / Portuguese / Spanish	PAL	N/A	BLES-01857
BLES-01858	Air Conflicts: Vietnam	English / French / German / Italian / Russian / Spanish	PAL	N/A	BLES-01858
BLES-01859	Don Bradman Cricket 14	English	PAL	N/A	BLES-01859
BLES-01860	Skylanders: Swap Force	Danish / Dutch / English / Finnish / French / German / Italian / Norwegian / Spanish / Swedish	PAL	N/A	BLES-01860
BLES-01861	Fast & Furious: Showdown	Russian	PAL	N/A	BLES-01861
BLES-01862	Rocksmith: All-New 2014 Edition	English / French / German / Italian / Spanish	PAL	N/A	BLES-01862
BLES-01863	Rayman Legends	Danish / Dutch / English / Finnish / French / German / Italian / Norwegian / Polish / Spanish / Swedish	PAL	N/A	BLES-01863
BLES-01864	Tales of Symphonia Chronicles	English / French / German / Italian / Spanish	PAL	N/A	BLES-01864
BLES-01865	Dynasty Warriors 8	English / French / German	PAL	N/A	BLES-01865
BLES-01867	Metro: Last Light	Czech / Dutch / English / French / German / Italian / Polish / Russian / Spanish	PAL	N/A	BLES-01867
BLES-01868	Port Royale 3: Gold Edition	English / French / German / Italian / Spanish	PAL	N/A	BLES-01868
BLES-01869	Heavy Fire: Shattered Spear	English / French / German / Italian / Spanish	PAL	N/A	BLES-01869
BLES-01870	F1 2013	English / French / German / Italian / Polish / Russian / Spanish	PAL	N/A	BLES-01870
BLES-01874	WRC 4: FIA World Rally Championship	English / French / German / Italian / Spanish	PAL	N/A	BLES-01874
BLES-01875	AFL Live 2	English	PAL	N/A	BLES-01875
BLES-01876	FIFA 14	Czech / Danish / Dutch / English / French / German / Hungarian / Italian / Norwegian / Polish / Portuguese / Russian / Spanish / Swedish	PAL	N/A	BLES-01876
BLES-01878	Tom Clancy's Splinter Cell: Blacklist	Russian	PAL	N/A	BLES-01878
BLES-01879	Tom Clancy's Splinter Cell: Blacklist	Czech / English / Hungarian	PAL	N/A	BLES-01879
BLES-01880	Final Fantasy X | X-2: HD Remaster	English / French / German / Italian / Spanish	PAL	N/A	BLES-01880
BLES-01881	Hot Wheels: World's Best Driver	Dutch / English / French / German / Italian / Spanish	PAL	N/A	BLES-01881
BLES-01882	Assassin's Creed IV: Black Flag	Danish / Dutch / English / Finnish / French / German / Italian / Norwegian / Portuguese / Spanish / Swedish	PAL	N/A	BLES-01882
BLES-01883	Assassin's Creed IV: Black Flag	Czech / Hungarian / Polish / Russian	PAL	N/A	BLES-01883
BLES-01884	Assassin's Creed IV: Black Flag	Arabic / English	PAL	N/A	BLES-01884
BLES-01885	The Elder Scrolls V: Skyrim: Legendary Edition	English	PAL	N/A	BLES-01885
BLES-01886	The Elder Scrolls V: Skyrim: Legendary Edition	French / German / Italian / Spanish	PAL	N/A	BLES-01886
BLES-01889	Saints Row IV	English / French / German / Italian / Spanish	PAL	N/A	BLES-01889
BLES-01891	The Voice of Germany: Vol. 2	English / German	PAL	N/A	BLES-01891
BLES-01892	Yaiba: Ninja Gaiden Z	English / French / German / Italian / Japanese / Spanish	PAL	N/A	BLES-01892
BLES-01894	Need for Speed: Rivals	Dutch / English / French / German / Italian / Polish / Russian / Spanish	PAL	N/A	BLES-01894
BLES-01895	Painkiller: Hell & Damnation	English / French / German / Italian / Japanese / Polish / Russian / Spanish	PAL	N/A	BLES-01895
BLES-01896	Rayman Legends	English / Russian	PAL	N/A	BLES-01896
BLES-01897	Kingdom Hearts: HD 1.5 ReMIX	English / French / German / Italian / Spanish	PAL	N/A	BLES-01897
BLES-01898	Armored Core: Verdict Day	English / French / German / Italian / Spanish	PAL	N/A	BLES-01898
BLES-01899	Ben 10: Omniverse 2	English / French / German / Italian / Spanish	PAL	N/A	BLES-01899
BLES-01900	Ultra Street Fighter IV	English / French / German / Italian / Japanese / Korean / Spanish	PAL	N/A	BLES-01900
BLES-01901	Pac-Man and the Ghostly Adventures	English / French / German / Italian / Spanish	PAL	N/A	BLES-01901
BLES-01902	Payday 2	English / French / German / Italian / Spanish	PAL	N/A	BLES-01902
BLES-01907	Dead or Alive 5 Ultimate	English / French / German / Italian / Japanese / Spanish	PAL	N/A	BLES-01907
BLES-01909	Wolfenstein: The New Order	English / French / Italian / Polish / Russian / Spanish	PAL	N/A	BLES-01909
BLES-01910	Wolfenstein: The New Order	German	PAL	N/A	BLES-01910
BLES-01911	Nickelodeon SpongeBob SquarePants: Plankton's Robotic Revenge	Dutch / English / French / German / Italian / Spanish / Swedish	PAL	N/A	BLES-01911
BLES-01912	Nickelodeon Gubka Bob Kvadratnye Shtany: Plankton. Mest' robotov	Russian	PAL	N/A	BLES-01912
BLES-01913	One Piece: Pirate Warriors 2	English / French / German / Italian / Spanish	PAL	N/A	BLES-01913
BLES-01916	The Evil Within	English / Russian	PAL	N/A	BLES-01916
BLES-01920	NBA 2K14	Chinese / English / French / German / Italian / Japanese / Spanish	PAL	N/A	BLES-01920
BLES-01921	Diablo III	English / French / German / Italian / Spanish	PAL	N/A	BLES-01921
BLES-01922	Diablo III	Polish / Russian	PAL	N/A	BLES-01922
BLES-01924	Dishonored: Game of the Year Edition	English	PAL	N/A	BLES-01924
BLES-01925	Dishonored: Game of the Year Edition	French / German / Italian / Spanish	PAL	N/A	BLES-01925
BLES-01926	Dishonored: Game of the Year Edition	Czech / Hungarian / Polish / Russian	PAL	N/A	BLES-01926
BLES-01928	Deus Ex: Human Revolution: Director's Cut	English / French / German / Italian / Spanish	PAL	N/A	BLES-01928
BLES-01930	PES 2014: Pro Evolution Soccer	Dutch / English / French / German / Greek / Italian / Portuguese / Russian / Spanish / Swedish / Turkish	PAL	N/A	BLES-01930
BLES-01933	Watch_Dogs	English	PAL	N/A	BLES-01933
BLES-01934	Watch_Dogs	Czech / Hungarian / Polish / Russian	PAL	N/A	BLES-01934
BLES-01936	Saint Seiya: Brave Soldiers: Knights of the Zodiac	English / French / Italian / Spanish	PAL	N/A	BLES-01936
BLES-01937	WWE 2K14	English / French / German / Italian / Spanish	PAL	N/A	BLES-01937
BLES-01938	Terraria	English / French / German / Italian / Spanish	PAL	N/A	BLES-01938
BLES-01939	Disgaea D2: A Brighter Darkness	English	PAL	N/A	BLES-01939
BLES-01940	The Guided Fate Paradox	English	PAL	N/A	BLES-01940
BLES-01941	Dragon Ball Z: Battle of Z	English / French / German / Italian / Spanish	PAL	N/A	BLES-01941
BLES-01943	Angry Birds Star Wars	English / French / German / Italian / Spanish	PAL	N/A	BLES-01943
BLES-01945	Call of Duty: Ghosts	English / French / German / Italian / Spanish	PAL	N/A	BLES-01945
BLES-01948	Call of Duty: Ghosts	Polish / Russian	PAL	N/A	BLES-01948
BLES-01950	Dragon's Crown	English	PAL	N/A	BLES-01950
BLES-01951	Naruto Shippuden: Ultimate Ninja Storm 3 Full Burst	English / French / German / Italian / Russian / Spanish	PAL	N/A	BLES-01951
BLES-01952	Bound by Flame	English / French / German / Italian / Spanish	PAL	N/A	BLES-01952
BLES-01954	Saints Row IV	English	PAL	N/A	BLES-01954
BLES-01955	Just Dance 2014	Danish / Dutch / English / Finnish / French / German / Italian / Norwegian / Spanish / Swedish	PAL	N/A	BLES-01955
BLES-01956	Dead Island: Riptide: Complete Edition	English / French / German / Italian / Polish / Spanish	PAL	N/A	BLES-01956
BLES-01957	Rugby League Live 2: World Cup Edition	English / French	PAL	N/A	BLES-01957
BLES-01958	Dead Island: Double Pack	English / French / German / Italian / Polish / Spanish	PAL	N/A	BLES-01958
BLES-01959	Dark Souls II	English / French / German / Italian / Polish / Russian / Spanish	PAL	N/A	BLES-01959
BLES-01960	Angry Birds Star Wars	Arabic / Russian	PAL	N/A	BLES-01960
BLES-01961	Adventure Time: Explore the Dungeon Because I Don't Know!	English / French / German / Italian / Spanish	PAL	N/A	BLES-01961
BLES-01962	Tales of Xillia 2	English / French / German / Italian / Spanish	PAL	N/A	BLES-01962
BLES-01963	Rambo: The Video Game	English / French / German / Italian / Spanish	PAL	N/A	BLES-01963
BLES-01964	The LEGO Movie: Videogame	Danish / Dutch / English / French / German / Italian / Polish / Russian / Spanish	PAL	N/A	BLES-01964
BLES-01965	Borderlands 2: Game of the Year Edition (Add-On Disc)	English / French / German / Italian / Spanish	PAL	N/A	BLES-01965
BLES-01966	Skylanders: Swap Force	Russian	PAL	N/A	BLES-01966
BLES-01967	Injustice: Gods Among Us: Ultimate Edition	English / French / German / Italian / Polish / Portuguese / Russian / Spanish	PAL	N/A	BLES-01967
BLES-01968	Assassin's Creed: Heritage Collection	Danish / Dutch / English / Finnish / French / German / Italian / Norwegian / Portuguese / Spanish / Swedish	PAL	N/A	BLES-01968
BLES-01969	Disney DuckTales: Remastered	English / French / German / Italian / Portuguese / Spanish	PAL	N/A	BLES-01969
BLES-01971	Metal Gear Solid V: Ground Zeroes	English / French / German / Italian / Japanese / Portuguese / Russian / Spanish	PAL	N/A	BLES-01971
BLES-01973	Worms: The Revolution Collection	English / French / German / Italian / Polish / Russian / Spanish	PAL	N/A	BLES-01973
BLES-01975	The Walking Dead: A Telltale Games Series: Game of the Year Edition	English / French / German / Italian / Spanish	PAL	N/A	BLES-01975
BLES-01976	Minecraft: PlayStation 3 Edition	Chinese / Danish / Dutch / English / Finnish / French / German / Italian / Japanese / Korean / Norwegian / Polish / Portuguese / Russian / Spanish / Swedish / Turkish	PAL	N/A	BLES-01976
BLES-01978	NASCAR '14	English	PAL	N/A	BLES-01978
BLES-01981	Sniper Elite III	English / French / German / Italian / Polish / Portuguese / Russian / Spanish	PAL	N/A	BLES-01981
BLES-01982	Thief	English / French / German / Italian / Polish / Russian / Spanish	PAL	N/A	BLES-01982
BLES-01983	Kick-Ass 2	English / French / German / Italian / Russian / Spanish	PAL	N/A	BLES-01983
BLES-01984	MXGP: The Official Motocross Videogame	English / French / German / Italian / Spanish	PAL	N/A	BLES-01984
BLES-01986	JoJo's Bizarre Adventure: All Star Battle	English / French / German / Italian / Spanish	PAL	N/A	BLES-01986
BLES-01987	The Witch and the Hundred Knight	English	PAL	N/A	BLES-01987
BLES-01988	Bloodbath	English / French / German / Italian / Russian / Spanish	PAL	N/A	BLES-01988
BLES-01989	The Amazing Spider-Man 2	English / French / German / Italian / Spanish	PAL	N/A	BLES-01989
BLES-01990	The Amazing Spider-Man 2	Russian	PAL	N/A	BLES-01990
BLES-01992	Atelier Escha & Logy: Alchemists of the Dusk Sky	English	PAL	N/A	BLES-01992
BLES-01993	IHF Handball Challenge 14	Danish / English / French / German / Spanish / Swedish	PAL	N/A	BLES-01993
BLES-01994	2014 FIFA World Cup Brazil	Dutch / English / French / German / Italian / Spanish	PAL	N/A	BLES-01994
BLES-01995	Far Cry: The Wild Expedition	Danish / Dutch / English / French / German / Italian / Norwegian / Portuguese / Spanish / Swedish	PAL	N/A	BLES-01995
BLES-01996	MotoGP 14	English / French / German / Italian / Spanish	PAL	N/A	BLES-01996
BLES-01997	Deception IV: Blood Ties	English / French / German / Japanese	PAL	N/A	BLES-01997
BLES-01998	LEGO The Hobbit	Danish / Dutch / English / French / German / Italian / Polish / Russian / Spanish	PAL	N/A	BLES-01998
BLES-01999	Metro: Last Light: Complete Edition	Czech / Dutch / English / French / German / Italian / Polish / Russian / Spanish	PAL	N/A	BLES-01999
BLES-02000	Sherlock Holmes: Crimes & Punishments	English / French / German / Italian / Spanish	PAL	N/A	BLES-02000
BLES-02001	South Park: The Stick of Truth	English / Russian	PAL	N/A	BLES-02001
BLES-02002	South Park: The Stick of Truth	English	PAL	N/A	BLES-02002
BLES-02003	South Park: Der Stab der Wahrheit	English / German	PAL	N/A	BLES-02003
BLES-02004	F1 2013: Complete Edition	English / French / German / Italian / Polish / Russian / Spanish	PAL	N/A	BLES-02004
BLES-02005	DreamWorks How to Train Your Dragon 2	English / French / German / Italian / Portuguese / Spanish	PAL	N/A	BLES-02005
BLES-02006	Le Tour de France 2014	Danish / Dutch / English / French / German / Italian / Spanish	PAL	N/A	BLES-02006
BLES-02007	Short Peace: Ranko Tsukigime's Longest Day	English / French / German / Italian / Spanish	PAL	N/A	BLES-02007
BLES-02008	Dynasty Warriors 8: Xtreme Legends	English / French / German	PAL	N/A	BLES-02008
BLES-02010	Risen 3: Titan Lords	English / French / German / Italian / Spanish	PAL	N/A	BLES-02010
BLES-02011	Far Cry 4	Czech / Danish / Dutch / English / Finnish / French / German / Italian / Korean / Norwegian / Polish / Portuguese / Spanish / Swedish	PAL	N/A	BLES-02011
BLES-02012	Far Cry 4	English / Russian	PAL	N/A	BLES-02012
BLES-02014	Naruto Shippuden: Ultimate Ninja Storm Revolution	English / French / German / Italian / Polish / Russian / Spanish	PAL	N/A	BLES-02014
BLES-02018	Transformers: Rise of the Dark Spark	English / French / German / Italian / Spanish	PAL	N/A	BLES-02018
BLES-02019	Saints Row IV: Game of the Century Edition	English / French / German / Italian / Spanish	PAL	N/A	BLES-02019
BLES-02020	One Piece: Unlimited World Red	English / French / German / Italian / Spanish	PAL	N/A	BLES-02020
BLES-02021	Plants vs. Zombies: Garden Warfare	English / French / German / Italian / Japanese / Portuguese / Spanish	PAL	N/A	BLES-02021
BLES-02022	Mugen Souls Z	English	PAL	N/A	BLES-02022
BLES-02023	Fairy Fencer F	English	PAL	N/A	BLES-02023
BLES-02026	Escape Dead Island	English / French / German / Italian / Portuguese / Spanish	PAL	N/A	BLES-02026
BLES-02028	Syberia Collection	English / French / German / Italian / Spanish	PAL	N/A	BLES-02028
BLES-02029	Hatsune Miku: Project Diva F 2nd	English	PAL	N/A	BLES-02029
BLES-02030	Madden NFL 15	English	PAL	N/A	BLES-02030
BLES-02032	MX vs. ATV Supercross	English / French / German / Italian / Spanish	PAL	N/A	BLES-02032
BLES-02033	LEGO Batman 3: Beyond Gotham	Danish / Dutch / English / French / German / Italian / Polish / Russian / Spanish	PAL	N/A	BLES-02033
BLES-02035	Diablo III: Reaper of Souls: Ultimate Evil Edition	English / French / German / Italian / Spanish	PAL	N/A	BLES-02035
BLES-02036	Diablo III: Reaper of Souls: Ultimate Evil Edition	Polish / Russian	PAL	N/A	BLES-02036
BLES-02037	NHL 15	Czech / English / Finnish / French / German / Russian / Swedish	PAL	N/A	BLES-02037
BLES-02038	Grid Autosport	English / French / German / Italian / Polish / Russian / Spanish	PAL	N/A	BLES-02038
BLES-02039	Battlefield Hardline	English / French / German / Italian / Polish / Russian / Spanish	PAL	N/A	BLES-02039
BLES-02040	Resident Evil: Revelations 2	Chinese / English / French / German / Italian / Japanese / Korean / Polish / Portuguese / Russian / Spanish	PAL	N/A	BLES-02040
BLES-02041	Falling Skies: The Game	English / French / German / Italian / Spanish	PAL	N/A	BLES-02041
BLES-02048	FIFA 15	Czech / Danish / Dutch / English / French / German / Hungarian / Italian / Norwegian / Polish / Portuguese / Russian / Spanish / Swedish	PAL	N/A	BLES-02048
BLES-02050	Atelier Rorona Plus: The Alchemist of Arland	English	PAL	N/A	BLES-02050
BLES-02052	Just Dance 2015	Danish / Dutch / English / Finnish / French / German / Italian / Norwegian / Spanish / Swedish	PAL	N/A	BLES-02052
BLES-02055	Skylanders: Trap Team	Danish / Dutch / English / Finnish / French / German / Italian / Norwegian / Spanish / Swedish	PAL	N/A	BLES-02055
BLES-02056	Pac-Man and the Ghostly Adventures 2	English / French / German / Italian / Spanish	PAL	N/A	BLES-02056
BLES-02057	Dynasty Warriors: Gundam Reborn	English	PAL	N/A	BLES-02057
BLES-02058	Borderlands: The Pre-Sequel!	English / French / German / Italian / Spanish	PAL	N/A	BLES-02058
BLES-02060	Natural Doctrine	English	PAL	N/A	BLES-02060
BLES-02061	Assassin's Creed: Rogue	Chinese / Dutch / English / French / German / Italian / Korean / Polish / Portuguese / Spanish	PAL	N/A	BLES-02061
BLES-02062	Assassin's Creed: Rogue	Arabic / English / Russian	PAL	N/A	BLES-02062
BLES-02063	Adventure Time: The Secret of the Nameless Kingdom	English / French / German / Italian / Spanish	PAL	N/A	BLES-02063
BLES-02064	Disney Infinity 2.0: Play Without Limits	Dutch / English / French / German / Italian / Spanish	PAL	N/A	BLES-02064
BLES-02066	Disney Infinity 2.0: Play Without Limits	Arabic / English / Polish / Russian	PAL	N/A	BLES-02066
BLES-02067	NBA 2K15	Chinese / English / French / German / Italian / Japanese / Spanish	PAL	N/A	BLES-02067
BLES-02070	Kingdom Hearts: HD 2.5 ReMIX	English / French / German / Italian / Spanish	PAL	N/A	BLES-02070
BLES-02071	Digimon All-Star Rumble	English / French / German / Italian / Spanish	PAL	N/A	BLES-02071
BLES-02072	WWE 2K15	English / French / German / Italian / Spanish	PAL	N/A	BLES-02072
BLES-02074	Nickelodeon Teenage Mutant Ninja Turtles: Danger of the Ooze	Dutch / English / French / German / Italian / Spanish / Swedish	PAL	N/A	BLES-02074
BLES-02077	Call of Duty: Advanced Warfare	English / French / German / Italian / Spanish	NTSC-U	N/A	BLES-02077
BLES-02078	Call of Duty: Advanced Warfare	Polish / Russian	PAL	N/A	BLES-02078
BLES-02079	Call of Duty: Advanced Warfare	Arabic / English	PAL	N/A	BLES-02079
BLES-02080	F1 2014	English / French / German / Italian / Spanish	PAL	N/A	BLES-02080
BLES-02085	Assassin's Creed: Birth of a New World: The American Saga	Danish / Dutch / English / Finnish / French / German / Italian / Norwegian / Portuguese / Russian / Spanish / Swedish	PAL	N/A	BLES-02085
BLES-02086	Rugby 15	English / French / German / Italian / Spanish	PAL	N/A	BLES-02086
BLES-02087	Ar nosurge: Ode to an Unborn Star	English	PAL	N/A	BLES-02087
BLES-02088	PES 2015: Pro Evolution Soccer	Dutch / English / French / German / Greek / Italian / Portuguese / Russian / Spanish / Swedish / Turkish	PAL	N/A	BLES-02088
BLES-02090	Los 40 Principales: Karaoke Party	English / Spanish	PAL	N/A	BLES-02090
BLES-02092	La Voz Vol. 2	English / Spanish	PAL	N/A	BLES-02092
BLES-02093	The Evil Within	English / French / German / Italian / Spanish	PAL	N/A	BLES-02093
BLES-02094	Saints Row: Double Pack	Dutch / English / French / German / Italian / Polish / Russian / Spanish	PAL	N/A	BLES-02094
BLES-02095	Saints Row: Gat out of Hell	English / French / German / Italian / Polish / Russian / Spanish	PAL	N/A	BLES-02095
BLES-02096	Dragon Ball Xenoverse	English / French / German / Italian / Spanish	PAL	N/A	BLES-02096
BLES-02097	Akiba's Trip: Undead & Undressed	English / Japanese	PAL	N/A	BLES-02097
BLES-02098	The Wolf Among Us: A Telltale Games Series	English / French / German / Spanish	PAL	N/A	BLES-02098
BLES-02099	The Walking Dead: Season Two: A Telltale Games Series	English / French / German / Portuguese / Spanish	PAL	N/A	BLES-02099
BLES-02101	F1 2014	Polish	PAL	N/A	BLES-02101
BLES-02102	Metal Gear Solid V: The Phantom Pain	English / French / German / Italian / Japanese / Portuguese / Russian / Spanish	PAL	N/A	BLES-02102
BLES-02103	Motorcycle Club	English / French / German / Italian / Spanish	PAL	N/A	BLES-02103
BLES-02105	LEGO Dimensions	Danish / Dutch / English / French / German	PAL	N/A	BLES-02105
BLES-02107	Tokyo Twilight Ghost Hunters	English	PAL	N/A	BLES-02107
BLES-02108	Farming Simulator 15	Dutch / English / French / German / Italian / Polish / Portuguese / Spanish	PAL	N/A	BLES-02108
BLES-02115	Tears to Tiara II: Heir of the Overlord	English	PAL	N/A	BLES-02115
BLES-02116	Ultimate Stealth Triple Pack	English / French / German / Italian / Polish / Russian / Spanish	PAL	N/A	BLES-02116
BLES-02117	Ultimate Action Triple Pack	Dutch / English / French / German / Italian / Portuguese / Spanish	PAL	N/A	BLES-02117
BLES-02121	Ultimate Action Triple Pack	Dutch / English / French / German / Italian / Portuguese / Spanish	PAL	N/A	BLES-02121
BLES-02122	Ultimate Stealth Triple Pack	English / French / German / Italian / Polish / Russian / Spanish	PAL	N/A	BLES-02122
BLES-02123	Ultimate Action Triple Pack	Dutch / English / French / German / Italian / Portuguese / Spanish	PAL	N/A	BLES-02123
BLES-02124	Ultimate Stealth Triple Pack	English / French / German / Italian / Polish / Russian / Spanish	PAL	N/A	BLES-02124
BLES-02125	Persona 4 Arena Ultimax	English	PAL	N/A	BLES-02125
BLES-02126	Arcana Heart 3: Love Max!!!!!	English	PAL	N/A	BLES-02126
BLES-02127	Under Night In-Birth: Exe:Late	English	PAL	N/A	BLES-02127
BLES-02128	The Awakened Fate Ultimatum	English	PAL	N/A	BLES-02128
BLES-02129	Fighting Edition	English / French / German / Italian / Japanese / Korean / Russian / Spanish	PAL	N/A	BLES-02129
BLES-02130	Motorbike Racing Pack	English / French / German / Italian / Spanish	PAL	N/A	BLES-02130
BLES-02131	One Piece: Pirate Warriors + One Piece: Pirate Warriors 2	English / French / German / Italian / Spanish	PAL	N/A	BLES-02131
BLES-02132	LEGO Jurassic World	Danish / Dutch / English / French / German / Italian / Polish / Russian / Spanish	PAL	N/A	BLES-02132
BLES-02133	Ride	English / French / German / Italian / Polish / Russian / Spanish / Turkish	PAL	N/A	BLES-02133
BLES-02134	Teslagrad	Dutch / English / French / German / Italian / Japanese / Norwegian / Polish / Portuguese / Russian / Spanish / Turkish	PAL	N/A	BLES-02134
BLES-02135	Dark Souls II: Scholar of the First Sin	English / French / German / Italian / Polish / Russian / Spanish	PAL	N/A	BLES-02135
BLES-02136	J-Stars Victory Vs+	English / French / German / Italian / Spanish	PAL	N/A	BLES-02136
BLES-02137	Hyperdimension Neptunia Hypercollection	English	PAL	N/A	BLES-02137
BLES-02138	The Arland Atelier Trilogy	English / French	PAL	N/A	BLES-02138
BLES-02139	Madden NFL 16	English	PAL	N/A	BLES-02139
BLES-02140	One Piece: Pirate Warriors 3	English / French / German / Italian / Spanish	PAL	N/A	BLES-02140
BLES-02142	Steins;Gate	English	PAL	N/A	BLES-02142
BLES-02143	Atelier Shallie: Alchemists of the Dusk Sea	English	PAL	N/A	BLES-02143
BLES-02144	DreamWorks Kung Fu Panda: Showdown of Legendary Legends	English / French / German / Italian / Portuguese / Spanish	PAL	N/A	BLES-02144
BLES-02145	Sniper Elite III: Ultimate Edition	English / French / German / Italian / Polish / Portuguese / Russian / Spanish	PAL	N/A	BLES-02145
BLES-02147	Disney Infinity 3.0: Play Without Limits	Dutch / English / French / German / Italian / Spanish	PAL	N/A	BLES-02147
BLES-02148	Disney Infinity 3.0: Play Without Limits	Danish / English / Finnish / Norwegian / Polish / Swedish	PAL	N/A	BLES-02148
BLES-02151	Adventure Time: Finn & Jake Investigations	English / French / German / Italian / Portuguese / Spanish	PAL	N/A	BLES-02151
BLES-02152	Tales of Zestiria	English / French / German / Italian / Spanish	PAL	N/A	BLES-02152
BLES-02153	NHL Legacy Edition	Czech / English / Finnish / French / German / Russian / Swedish	PAL	N/A	BLES-02153
BLES-02154	Space Hulk	English / French / German / Italian / Russian / Spanish	PAL	N/A	BLES-02154
BLES-02155	Teenage Mutant Ninja Turtles: Mutants in Manhattan	English / French / German / Italian / Spanish	PAL	N/A	BLES-02155
BLES-02156	Tales of Symphonia Chronicles + Tales of Graces f	English / French / German / Italian / Spanish	PAL	N/A	BLES-02156
BLES-02157	XBlaze: Code: Embryo	English	PAL	N/A	BLES-02157
BLES-02161	FIFA 16	Czech / Danish / Dutch / English / French / German / Italian / Norwegian / Polish / Portuguese / Russian / Spanish / Swedish	PAL	N/A	BLES-02161
BLES-02162	MotoGP 15	English / French / German / Italian / Spanish	PAL	N/A	BLES-02162
BLES-02164	Godzilla	English / French / German / Italian / Spanish	PAL	N/A	BLES-02164
BLES-02165	WRC 5	English / French / German / Italian / Portuguese / Spanish	PAL	N/A	BLES-02165
BLES-02166	Call of Duty: Black Ops III	English / French / German / Italian / Polish / Russian / Spanish	PAL	N/A	BLES-02166
BLES-02168	Call of Duty: Black Ops III	English	PAL	N/A	BLES-02168
BLES-02169	LEGO Marvel Avengers	Danish / Dutch / English / French / German / Italian / Polish / Russian / Spanish	PAL	N/A	BLES-02169
BLES-02172	Skylanders: SuperChargers	Danish / Dutch / English / Finnish / French / German / Italian / Norwegian / Spanish / Swedish	PAL	N/A	BLES-02172
BLES-02173	Le Tour de France: Season 2015	Danish / Dutch / English / French / German / Italian / Spanish	PAL	N/A	BLES-02173
BLES-02174	Rugby World Cup 2015	English / French / German / Italian / Spanish	PAL	N/A	BLES-02174
BLES-02178	Handball 16	Danish / English / French / German / Portuguese / Spanish	PAL	N/A	BLES-02178
BLES-02179	Just Dance 2016	Danish / Dutch / English / Finnish / French / German / Italian / Norwegian / Spanish / Swedish	PAL	N/A	BLES-02179
BLES-02180	Guitar Hero Live	English / French / German / Italian / Spanish	PAL	N/A	BLES-02180
BLES-02181	Saint Seiya: Soldiers' Soul: Knights of the Zodiac	English / French / Italian / Spanish	PAL	N/A	BLES-02181
BLES-02183	Rayman Legends + Rayman Origins	Danish / Dutch / English / Finnish / French / German / Italian / Norwegian / Polish / Spanish / Swedish	PAL	N/A	BLES-02183
BLES-02185	Rugby League Live 3	English / French	PAL	N/A	BLES-02185
BLES-02186	Rugby Challenge 3	English / French / Italian / Spanish	PAL	N/A	BLES-02186
BLES-02187	PES 2016: Pro Evolution Soccer	Dutch / English / French / German / Greek / Italian / Portuguese / Russian / Spanish / Swedish / Turkish	PAL	N/A	BLES-02187
BLES-02189	Barbie & Her Sisters: Puppy Rescue	English / French / German / Italian / Spanish	PAL	N/A	BLES-02189
BLES-02190	WWE 2K16	English / French / German / Italian / Spanish	PAL	N/A	BLES-02190
BLES-02191	NBA 2K16	Chinese / English / French / German / Italian / Japanese / Spanish	PAL	N/A	BLES-02191
BLES-02193	Tony Hawk's Pro Skater 5	English / French / German / Italian / Spanish	PAL	N/A	BLES-02193
BLES-02194	Adam's Venture: Chronicles	English / French / German / Italian / Spanish	PAL	N/A	BLES-02194
BLES-02197	Lost Dimension	English	PAL	N/A	BLES-02197
BLES-02198	The Disgaea Triple Play Collection	English / French	PAL	N/A	BLES-02198
BLES-02199	Monster High: New Ghoul in School	English / French / German / Italian / Spanish	PAL	N/A	BLES-02199
BLES-02200	Transformers: Devastation	English / French / German / Italian / Spanish	PAL	N/A	BLES-02200
BLES-02201	Los 40 Principales: Karaoke Party Vol. 2	English / Spanish	PAL	N/A	BLES-02201
BLES-02202	Tower of Guns: Special Edition	English / French / German / Italian / Portuguese / Spanish	PAL	N/A	BLES-02202
BLES-02203	Far Cry 3 + Far Cry 4: Double Pack	Czech / Danish / Dutch / English / Finnish / French / German / Italian / Korean / Norwegian / Polish / Portuguese / Spanish / Swedish	PAL	N/A	BLES-02203
BLES-02204	Assassin's Creed IV: Black Flag + Assassin's Creed: Rogue	Danish / Dutch / English / Finnish / French / German / Italian / Norwegian / Polish / Portuguese / Spanish / Swedish	PAL	N/A	BLES-02204
BLES-02207	BlazBlue: Chrono Phantasma Extend	English / Japanese	PAL	N/A	BLES-02207
BLES-02208	Rayman Legends + Rayman Origins	English / Polish / Russian	PAL	N/A	BLES-02208
BLES-02209	The Legend of Heroes: Trails of Cold Steel	English	PAL	N/A	BLES-02209
BLES-02210	The Jackbox Party Pack	English	PAL	N/A	BLES-02210
BLES-02211	Assassin's Creed IV: Black Flag + Assassin's Creed: Rogue	Arabic / Czech / English / Hungarian / Polish / Russian	PAL	N/A	BLES-02211
BLES-02212	Far Cry 3 + Far Cry 4: Double Pack	English / Polish / Russian	PAL	N/A	BLES-02212
BLES-02213	LEGO Star Wars: The Force Awakens	Danish / Dutch / English / French / German / Italian / Polish / Russian / Spanish	PAL	N/A	BLES-02213
BLES-02214	Minecraft: Story Mode: A Telltale Games Series	Chinese / English / French / German / Portuguese / Russian / Spanish	PAL	N/A	BLES-02214
BLES-02215	Game of Thrones: A Telltale Games Series	Chinese / English / French / German / Portuguese / Russian / Spanish	PAL	N/A	BLES-02215
BLES-02216	La Voz Vol. 3	English / Spanish	PAL	N/A	BLES-02216
BLES-02218	Borderlands Triple Pack (Add-On Installation Disc)	English / French / German / Italian / Spanish	PAL	N/A	BLES-02218
BLES-02219	Grand Theft Auto: San Andreas	English / French / German / Italian / Russian / Spanish	PAL	N/A	BLES-02219
BLES-02221	Naruto Shippuden: Ultimate Ninja Storm Collection	English / French / German / Italian / Spanish	PAL	N/A	BLES-02221
BLES-02222	Tales of Xillia + Tales of Xillia 2	English / French / German / Italian / Spanish	PAL	N/A	BLES-02222
BLES-02225	Madden NFL 17	English	PAL	N/A	BLES-02225
BLES-02226	Saints Row: Game of the Century Edition & Gat out of Hell	English / French / German / Italian / Polish / Russian / Spanish	PAL	N/A	BLES-02226
BLES-02227	Aegis of Earth: Protonovus Assault	English	PAL	N/A	BLES-02227
BLES-02228	UEFA Euro 2016: PES 2016: Pro Evolution Soccer	Dutch / English / French / German / Greek / Italian / Portuguese / Russian / Spanish / Swedish / Turkish	PAL	N/A	BLES-02228
BLES-02230	BlazBlue: Central Fiction	English / Japanese	PAL	N/A	BLES-02230
BLES-02231	Just Dance 2017	Danish / Dutch / English / Finnish / French / German / Italian / Norwegian / Spanish / Swedish	PAL	N/A	BLES-02231
BLES-02232	Guilty Gear Xrd: Revelator	English / Japanese	PAL	N/A	BLES-02232
BLES-02233	FIFA 17	Danish / Dutch / English / French / German / Italian / Norwegian / Polish / Portuguese / Russian / Spanish / Swedish	PAL	N/A	BLES-02233
BLES-02237	PES 2017: Pro Evolution Soccer	Dutch / English / French / German / Greek / Italian / Portuguese / Russian / Spanish / Swedish / Turkish	PAL	N/A	BLES-02237
BLES-02239	WWE 2K17	English / French / German / Italian / Spanish	PAL	N/A	BLES-02239
BLES-02240	Skylanders: Imaginators	Danish / Dutch / English / Finnish / French / German / Italian / Norwegian / Spanish / Swedish	PAL	N/A	BLES-02240
BLES-02241	Odin Sphere: Leifthrasir	English / French / German / Italian / Spanish	PAL	N/A	BLES-02241
BLES-02242	NBA 2K17	Chinese / English / French / German / Italian / Japanese / Spanish	PAL	N/A	BLES-02242
BLES-02243	Handball 17	Danish / English / French / German / Norwegian / Spanish / Swedish	PAL	N/A	BLES-02243
BLES-02244	The Legend of Heroes: Trails of Cold Steel II	English	PAL	N/A	BLES-02244
BLES-02245	Batman: The Telltale Series	Chinese / English / French / German / Portuguese / Russian / Spanish	PAL	N/A	BLES-02245
BLES-02246	Minecraft: Story Mode: A Telltale Games Series: The Complete Adventure	Chinese / English / French / German / Portuguese / Russian / Spanish	PAL	N/A	BLES-02246
BLES-02247	Persona 5	English	PAL	N/A	BLES-02247
BLES-02249	Disney/Pixar Cars 3: Driven to Win	Dutch / English / French / German / Italian / Polish / Russian / Spanish	PAL	N/A	BLES-02249
BLES-02250	FIFA 18: Legacy Edition	Dutch / English / French / German / Italian / Polish / Russian / Spanish	PAL	N/A	BLES-02250
BLES-02252	PES 2018: Pro Evolution Soccer	Dutch / English / French / German / Greek / Italian / Portuguese / Russian / Spanish / Swedish / Turkish	PAL	N/A	BLES-02252
BLES-02254	Just Dance 2018	Danish / Dutch / English / Finnish / French / German / Italian / Norwegian / Portuguese / Spanish / Swedish	PAL	N/A	BLES-02254
BLES-02255	NBA 2K18	Chinese / English / French / German / Italian / Japanese / Spanish	PAL	N/A	BLES-02255
BLES-02258	FIFA 19: Legacy Edition	Dutch / English / French / German / Italian / Polish / Russian / Spanish	PAL	N/A	BLES-02258
BLES-82001	Metal Gear Solid: The Legacy Collection 1987-2012 (Disc 2)	English / French / German / Italian / Spanish	PAL	N/A	BLES-82001
BLES-82007	Borderlands Triple Pack (Gameplay Disc)	English / French / German / Italian / Spanish	PAL	N/A	BLES-82007
BLJB-93504	Final Fantasy XIII-2	Japanese	NTSC-J	N/A	BLJB-93504
BLJB-93601	Final Fantasy XIII	Japanese	NTSC-J	N/A	BLJB-93601
BLJM-55002	Wangan Midnight	Japanese	NTSC-J	N/A	BLJM-55002
BLJM-55003	Bladestorm: Hyakunen Sensou	Japanese	NTSC-J	N/A	BLJM-55003
BLJM-55005	Armored Core: For Answer	Japanese	NTSC-J	N/A	BLJM-55005
BLJM-55006	Ryuu ga Gotoku: Kenzan!	Japanese	NTSC-J	N/A	BLJM-55006
BLJM-55008	Senjou no Valkyria	Japanese	NTSC-J	N/A	BLJM-55008
BLJM-55009	Shin Sangoku Musou 5	Japanese	NTSC-J	N/A	BLJM-55009
BLJM-55011	Grand Theft Auto IV	Japanese	NTSC-J	N/A	BLJM-55011
BLJM-55012	Ryuu ga Gotoku 3	N/A	NTSC-J	N/A	BLJM-55012
BLJM-55016	Bayonetta	English / French / German / Italian / Japanese / Spanish	NTSC-J	N/A	BLJM-55016
BLJM-55017	Devil May Cry 4	English / French / German / Italian / Japanese / Spanish	NTSC-J	N/A	BLJM-55017
BLJM-55018	Rorona no Atelier: Arland no Renkinjutsushi	Japanese	NTSC-J	N/A	BLJM-55018
BLJM-55019	Biohazard 5: Alternative Edition	English / French / German / Italian / Japanese / Spanish	NTSC-J	N/A	BLJM-55019
BLJM-55020	Shin Sangoku Musou 5: Empires	Japanese	NTSC-J	N/A	BLJM-55020
BLJM-55021	Ryuu ga Gotoku 4: Densetsu o Tsugu Mono	Japanese	NTSC-J	N/A	BLJM-55021
BLJM-55024	Totori no Atelier: Arland no Renkinjutsushi 2	Japanese	NTSC-J	N/A	BLJM-55024
BLJM-55025	Ryuu ga Gotoku: Kenzan!	Japanese	NTSC-J	N/A	BLJM-55025
BLJM-55026	Ryuu ga Gotoku 3	N/A	NTSC-J	N/A	BLJM-55026
BLJM-55031	Musou Orochi Z	Japanese	NTSC-J	N/A	BLJM-55031
BLJM-55032	Ryuu ga Gotoku 4: Densetsu o Tsugu Mono	Japanese	NTSC-J	N/A	BLJM-55032
BLJM-55033	Sengoku Basara 3	Japanese	NTSC-J	N/A	BLJM-55033
BLJM-55035	Dead Rising 2	N/A	NTSC-J	N/A	BLJM-55035
BLJM-55036	Super Street Fighter IV: Arcade Edition	N/A	NTSC-J	N/A	BLJM-55036
BLJM-55037	The Elder Scrolls IV: Oblivion: Game of the Year Edition	N/A	NTSC-J	N/A	BLJM-55037
BLJM-55038	Fallout 3: Game of the Year Edition	Japanese	NTSC-J	N/A	BLJM-55038
BLJM-55039	Rorona no Atelier: Arland no Renkinjutsushi	Japanese	NTSC-J	N/A	BLJM-55039
BLJM-55041	Meruru no Atelier: Arland no Renkinjutsushi 3	Japanese	NTSC-J	N/A	BLJM-55041
BLJM-55046	Ninja Gaiden Sigma	English / Japanese	NTSC-J	N/A	BLJM-55046
BLJM-55050	Bladestorm: Hyakunen Sensou	Japanese	NTSC-J	N/A	BLJM-55050
BLJM-55059	The Elder Scrolls V: Skyrim	Japanese	NTSC-J	N/A	BLJM-55059
BLJM-55060	BlazBlue: Continuum Shift Extend	Japanese	NTSC-J	N/A	BLJM-55060
BLJM-55061	Ookami: Zekkeiban	English / Japanese	NTSC-J	N/A	BLJM-55061
BLJM-55062	Battlefield 3	Japanese	NTSC-J	N/A	BLJM-55062
BLJM-55063	Zone of the Enders: HD Edition	N/A	NTSC-J	N/A	BLJM-55063
BLJM-55064	Biohazard: Chronicles HD Selection	Japanese	NTSC-J	N/A	BLJM-55064
BLJM-55068	Biohazard: Revival Selection	Japanese	NTSC-J	N/A	BLJM-55068
BLJM-55069	Biohazard 6	English / French / German / Italian / Japanese / Polish / Portuguese / Russian / Spanish	NTSC-J	N/A	BLJM-55069
BLJM-55071	Biohazard: Revelations: Unveiled Edition	Dutch / English / French / German / Italian / Japanese / Polish / Portuguese / Russian / Spanish	NTSC-J	N/A	BLJM-55071
BLJM-55082	Musou Orochi 2 Ultimate	N/A	NTSC-J	N/A	BLJM-55082
BLJM-55086	Sengoku Musou 4	N/A	NTSC-J	N/A	BLJM-55086
BLJM-57001	Metal Gear Solid 4: Guns of the Patriots	Japanese	NTSC-J	N/A	BLJM-57001
BLJM-60006	Sonic the Hedgehog	N/A	NTSC-J	N/A	BLJM-60006
BLJM-60007	Miyazato San Kyoudai Naizou: Sega Golf Club	Japanese	NTSC-J	N/A	BLJM-60007
BLJM-60009	Bladestorm: Hyakunen Sensou	N/A	NTSC-J	N/A	BLJM-60009
BLJM-60011	Mahjong Taikai IV	N/A	NTSC-J	N/A	BLJM-60011
BLJM-60012	Armored Core 4	Japanese	NTSC-J	N/A	BLJM-60012
BLJM-60013	Railfan	Japanese	NTSC-J	N/A	BLJM-60013
BLJM-60016	Virtua Fighter 5	N/A	NTSC-J	N/A	BLJM-60016
BLJM-60017	Power Smash 3	N/A	NTSC-J	N/A	BLJM-60017
BLJM-60018	Gundam Musou	Japanese	NTSC-J	N/A	BLJM-60018
BLJM-60019	Winning Post 7 Maximum 2007	N/A	NTSC-J	N/A	BLJM-60019
BLJM-60020	Fight Night Round 3	N/A	NTSC-J	N/A	BLJM-60020
BLJM-60021	Madden NFL 07	English	NTSC-J	N/A	BLJM-60021
BLJM-60022	Mist of Chaos	Japanese	NTSC-J	N/A	BLJM-60022
BLJM-60023	Pro Yakyuu Spirits 4	Japanese	NTSC-J	N/A	BLJM-60023
BLJM-60024	Tom Clancy's Rainbow Six: Vegas	N/A	NTSC-J	N/A	BLJM-60024
BLJM-60025	NBA Street Homecourt	Japanese	NTSC-J	N/A	BLJM-60025
BLJM-60026	Marvel: Ultimate Alliance	N/A	NTSC-J	N/A	BLJM-60026
BLJM-60027	Call of Duty 3	N/A	NTSC-J	N/A	BLJM-60027
BLJM-60029	Def Jam: Icon	English / French	NTSC-J	N/A	BLJM-60029
BLJM-60030	Tony Hawk's Project 8	N/A	NTSC-J	N/A	BLJM-60030
BLJM-60031	Major League Baseball 2K7	N/A	NTSC-J	N/A	BLJM-60031
BLJM-60033	Yamasa Digi World SP: Pachi-Slot Sengoku Musou	N/A	NTSC-J	N/A	BLJM-60033
BLJM-60034	Disney Pirates of the Caribbean: At World's End	Japanese	NTSC-J	N/A	BLJM-60034
BLJM-60035	World Soccer Winning Eleven 2008	English / Japanese	NTSC-J	N/A	BLJM-60035
BLJM-60037	Megazone 23: Aoi Garland	N/A	NTSC-J	N/A	BLJM-60037
BLJM-60038	Agarest Senki	Japanese	NTSC-J	N/A	BLJM-60038
BLJM-60039	Disney/Pixar Remy no Oishii Restaurant	N/A	NTSC-J	N/A	BLJM-60039
BLJM-60040	Tom Clancy's Ghost Recon: Advanced Warfighter 2	Japanese	NTSC-J	N/A	BLJM-60040
BLJM-60041	Shin Sangoku Musou 5	Japanese	NTSC-J	N/A	BLJM-60041
BLJM-60042	Imabikisou	Japanese	NTSC-J	N/A	BLJM-60042
BLJM-60043	The Godfather: The Don's Edition	N/A	NTSC-J	N/A	BLJM-60043
BLJM-60044	Need for Speed: Carbon	Japanese	NTSC-J	N/A	BLJM-60044
BLJM-60045	NBA Live 08	N/A	NTSC-J	N/A	BLJM-60045
BLJM-60046	FIFA 08: World Class Soccer	N/A	NTSC-J	N/A	BLJM-60046
BLJM-60047	WWE SmackDown vs. Raw 2008	N/A	NTSC-J	N/A	BLJM-60047
BLJM-60048	Harry Potter to Fushichou no Kishidan	N/A	NTSC-J	N/A	BLJM-60048
BLJM-60049	GI Jockey 4 2007	N/A	NTSC-J	N/A	BLJM-60049
BLJM-60051	Conan	Japanese	NTSC-J	N/A	BLJM-60051
BLJM-60052	Stuntman: Ignition	N/A	NTSC-J	N/A	BLJM-60052
BLJM-60053	Burnout Paradise	Japanese	NTSC-J	N/A	BLJM-60053
BLJM-60055	Initial D: Extreme Stage	N/A	NTSC-J	N/A	BLJM-60055
BLJM-60056	Devil May Cry 4	English / French / German / Italian / Japanese / Spanish	NTSC-J	N/A	BLJM-60056
BLJM-60057	Sega Rally Revo	N/A	NTSC-J	N/A	BLJM-60057
BLJM-60059	Need for Speed: ProStreet	Japanese	NTSC-J	N/A	BLJM-60059
BLJM-60060	Vampire Rain: Altered Species	N/A	NTSC-J	N/A	BLJM-60060
BLJM-60061	Lost Planet: Extreme Condition	English / French / German / Italian / Japanese / Korean / Spanish	NTSC-J	N/A	BLJM-60061
BLJM-60063	Senjou no Valkyria	Japanese	NTSC-J	N/A	BLJM-60063
BLJM-60064	Ryuu ga Gotoku: Kenzan!	Japanese	NTSC-J	N/A	BLJM-60064
BLJM-60065	Tears to Tiara: Kakan no Daichi	Japanese	NTSC-J	N/A	BLJM-60065
BLJM-60066	Armored Core: For Answer	Japanese	NTSC-J	N/A	BLJM-60066
BLJM-60067	Winning Post 7 Maximum 2008	N/A	NTSC-J	N/A	BLJM-60067
BLJM-60068	Lyra no Bouken: Ougon no Rashinban	N/A	NTSC-J	N/A	BLJM-60068
BLJM-60069	Army of Two	N/A	NTSC-J	N/A	BLJM-60069
BLJM-60071	Battlefield: Bad Company	English / Japanese	NTSC-J	N/A	BLJM-60071
BLJM-60072	Blazing Angels 2: Secret Missions of WWII	N/A	NTSC-J	N/A	BLJM-60072
BLJM-60075	Pro Yakyuu Spirits 5	N/A	NTSC-J	N/A	BLJM-60075
BLJM-60076	Turok	Japanese	NTSC-J	N/A	BLJM-60076
BLJM-60077	Battle Fantasia	Japanese	NTSC-J	N/A	BLJM-60077
BLJM-60078	John Woo Presents Stranglehold	English / French / German / Italian / Japanese / Spanish	NTSC-J	N/A	BLJM-60078
BLJM-60079	FIFA Street 3	N/A	NTSC-J	N/A	BLJM-60079
BLJM-60080	Beijing 2008	N/A	NTSC-J	N/A	BLJM-60080
BLJM-60081	Tears to Tiara: Kakan no Daichi	Japanese	NTSC-J	N/A	BLJM-60081
BLJM-60082	Metal Gear Online	English / French / German / Italian / Japanese / Spanish	NTSC-J	N/A	BLJM-60082
BLJM-60084	Disney/Pixar WALL-E	N/A	NTSC-J	N/A	BLJM-60084
BLJM-60085	GI Jockey 4 2008	N/A	NTSC-J	N/A	BLJM-60085
BLJM-60086	X Edge	Japanese	NTSC-J	N/A	BLJM-60086
BLJM-60087	Tiger Woods PGA Tour 09	N/A	NTSC-J	N/A	BLJM-60087
BLJM-60088	Madden NFL 09	N/A	NTSC-J	N/A	BLJM-60088
BLJM-60089	Saints Row 2	English / Japanese	NTSC-J	N/A	BLJM-60089
BLJM-60090	Unreal Tournament 3	N/A	NTSC-J	N/A	BLJM-60090
BLJM-60093	Grand Theft Auto IV	Japanese	NTSC-J	N/A	BLJM-60093
BLJM-60094	Tears to Tiara: Kakan no Daichi	N/A	NTSC-J	N/A	BLJM-60094
BLJM-60095	FaceBreaker	N/A	NTSC-J	N/A	BLJM-60095
BLJM-60096	NBA Live 09	N/A	NTSC-J	N/A	BLJM-60096
BLJM-60097	WWE SmackDown vs. Raw 2009	N/A	NTSC-J	N/A	BLJM-60097
BLJM-60098	World Soccer Winning Eleven 2009	English / Japanese	NTSC-J	N/A	BLJM-60098
BLJM-60099	Major League Baseball 2K8	N/A	NTSC-J	N/A	BLJM-60099
BLJM-60100	Brothers in Arms: Hell's Highway	N/A	NTSC-J	N/A	BLJM-60100
BLJM-60101	Mercenaries 2: World in Flames	Japanese	NTSC-J	N/A	BLJM-60101
BLJM-60103	FIFA 09: World Class Soccer	N/A	NTSC-J	N/A	BLJM-60103
BLJM-60104	Mirror's Edge	N/A	NTSC-J	N/A	BLJM-60104
BLJM-60107	Prince of Persia	English / Japanese	NTSC-J	N/A	BLJM-60107
BLJM-60108	Far Cry 2	N/A	NTSC-J	N/A	BLJM-60108
BLJM-60110	Assassin's Creed	Japanese	NTSC-J	N/A	BLJM-60110
BLJM-60111	Gundam Musou 2	Japanese	NTSC-J	N/A	BLJM-60111
BLJM-60112	Sonic World Adventure	English / Japanese	NTSC-J	N/A	BLJM-60112
BLJM-60114	Medal of Honor: Airborne	N/A	NTSC-J	N/A	BLJM-60114
BLJM-60115	Need for Speed: Undercover	Japanese	NTSC-J	N/A	BLJM-60115
BLJM-60116	Alone in the Dark	N/A	NTSC-J	N/A	BLJM-60116
BLJM-60118	Race Driver: Grid	N/A	NTSC-J	N/A	BLJM-60118
BLJM-60120	Pro Yakyuu Spirits 5: Kanzenban	N/A	NTSC-J	N/A	BLJM-60120
BLJM-60122	Extreme Racing Pure	N/A	NTSC-J	N/A	BLJM-60122
BLJM-60123	Sid Meier's Civilization Revolution	N/A	NTSC-J	N/A	BLJM-60123
BLJM-60124	Bionic Commando	N/A	NTSC-J	N/A	BLJM-60124
BLJM-60126	Shin Sangoku Musou 5: Empires	Japanese	NTSC-J	N/A	BLJM-60126
BLJM-60127	Drift Nights: Juiced 2	N/A	NTSC-J	N/A	BLJM-60127
BLJM-60128	Tom Clancy's EndWar	N/A	NTSC-J	N/A	BLJM-60128
BLJM-60129	Daikoukai Jidai Online: Cruz del Sur	N/A	NTSC-J	N/A	BLJM-60129
BLJM-60130	Street Fighter IV	N/A	NTSC-J	N/A	BLJM-60130
BLJM-60131	Shaun White Snowboarding	N/A	NTSC-J	N/A	BLJM-60131
BLJM-60132	Ryuu ga Gotoku 3	Japanese	NTSC-J	N/A	BLJM-60132
BLJM-60133	Burnout Paradise: The Ultimate Box	English / French / German / Italian / Japanese / Spanish	NTSC-J	N/A	BLJM-60133
BLJM-60136	Tom Clancy's EndWar	N/A	NTSC-J	N/A	BLJM-60136
BLJM-60137	007: Nagusame no Houshuu	Japanese	NTSC-J	N/A	BLJM-60137
BLJM-60139	Musou Orochi Z	Japanese	NTSC-J	N/A	BLJM-60139
BLJM-60140	Winning Post World	N/A	NTSC-J	N/A	BLJM-60140
BLJM-60141	Skate.	N/A	NTSC-J	N/A	BLJM-60141
BLJM-60142	Army of Two	N/A	NTSC-J	N/A	BLJM-60142
BLJM-60144	Tom Clancy's H.A.W.X	Japanese	NTSC-J	N/A	BLJM-60144
BLJM-60145	Mahjong Fight Club: Zenkoku Taisenban	N/A	NTSC-J	N/A	BLJM-60145
BLJM-60146	WWE Legends of WrestleMania	N/A	NTSC-J	N/A	BLJM-60146
BLJM-60148	Pro Yakyuu Spirits 6	N/A	NTSC-J	N/A	BLJM-60148
BLJM-60149	X-Blades	Japanese	NTSC-J	N/A	BLJM-60149
BLJM-60151	Agarest Senki	Japanese	NTSC-J	N/A	BLJM-60151
BLJM-60152	Operation Flashpoint: Dragon Rising	N/A	NTSC-J	N/A	BLJM-60152
BLJM-60153	Call of Juarez: Bound in Blood	N/A	NTSC-J	N/A	BLJM-60153
BLJM-60154	Rorona no Atelier: Arland no Renkinjutsushi	N/A	NTSC-J	N/A	BLJM-60154
BLJM-60155	Agarest Senki Zero	N/A	NTSC-J	N/A	BLJM-60155
BLJM-60157	BlazBlue: Calamity Trigger	Japanese	NTSC-J	N/A	BLJM-60157
BLJM-60158	Battlefield: Bad Company	English / Japanese	NTSC-J	N/A	BLJM-60158
BLJM-60159	Tom Clancy's Rainbow Six: Vegas 2	N/A	NTSC-J	N/A	BLJM-60159
BLJM-60160	F.E.A.R. 2: Project Origin	N/A	NTSC-J	N/A	BLJM-60160
BLJM-60161	Trinity Universe	Japanese	NTSC-J	N/A	BLJM-60161
BLJM-60162	Trinity Universe	Japanese	NTSC-J	N/A	BLJM-60162
BLJM-60163	Fuel	N/A	NTSC-J	N/A	BLJM-60163
BLJM-60164	UFC 2009 Undisputed	N/A	NTSC-J	N/A	BLJM-60164
BLJM-60165	Tears to Tiara Gaiden: Avalon no Nazo	Japanese	NTSC-J	N/A	BLJM-60165
BLJM-60166	Tears to Tiara Gaiden: Avalon no Nazo	Japanese	NTSC-J	N/A	BLJM-60166
BLJM-60167	Need for Speed: Shift	Japanese	NTSC-J	N/A	BLJM-60167
BLJM-60168	Ninja Gaiden Sigma 2	N/A	NTSC-J	N/A	BLJM-60168
BLJM-60169	Terminator Salvation	N/A	NTSC-J	N/A	BLJM-60169
BLJM-60171	NBA Live 10	N/A	NTSC-J	N/A	BLJM-60171
BLJM-60172	Shin Sangoku Musou: Multi Raid Special	N/A	NTSC-J	N/A	BLJM-60172
BLJM-60173	Call of Duty 4: Modern Warfare	Japanese	NTSC-J	N/A	BLJM-60173
BLJM-60174	Bayonetta	English / French / German / Italian / Japanese / Spanish	NTSC-J	N/A	BLJM-60174
BLJM-60175	FIFA 10: World Class Soccer	Japanese	NTSC-J	N/A	BLJM-60175
BLJM-60176	World Soccer Winning Eleven 2010	English / Japanese	NTSC-J	N/A	BLJM-60176
BLJM-60177	Lost Planet 2	English / French / German / Italian / Japanese / Korean / Spanish	PAL	N/A	BLJM-60177
BLJM-60179	WWE SmackDown vs. Raw 2010	N/A	NTSC-J	N/A	BLJM-60179
BLJM-60180	3D Dot Game Heroes	Japanese	NTSC-J	N/A	BLJM-60180
BLJM-60183	Shin Sangoku Musou Online: Shinshou Ranbu	N/A	NTSC-J	N/A	BLJM-60183
BLJM-60185	Assassin's Creed II	English / Italian / Japanese	NTSC-J	N/A	BLJM-60185
BLJM-60186	James Cameron's Avatar: The Game	N/A	NTSC-J	N/A	BLJM-60186
BLJM-60187	End of Eternity	Japanese	NTSC-J	N/A	BLJM-60187
BLJM-60188	Daikoukai Jidai Online: El Oriente	N/A	NTSC-J	N/A	BLJM-60188
BLJM-60189	Star Ocean: The Last Hope International	English / French / German / Italian / Japanese / Spanish	NTSC-U	N/A	BLJM-60189
BLJM-60191	Call of Duty: Modern Warfare 2	Japanese	NTSC-J	N/A	BLJM-60191
BLJM-60192	Gundam Musou 2	Japanese	NTSC-J	N/A	BLJM-60192
BLJM-60196	Hokuto Musou	Japanese	NTSC-J	N/A	BLJM-60196
BLJM-60197	Battlefield: Bad Company 2	English / Japanese	NTSC-J	N/A	BLJM-60197
BLJM-60198	R.U.S.E.	N/A	NTSC-J	N/A	BLJM-60198
BLJM-60199	Biohazard 5: Alternative Edition	English / French / German / Italian / Japanese / Spanish	NTSC-J	N/A	BLJM-60199
BLJM-60200	God of War Collection	Japanese	NTSC-J	N/A	BLJM-60200
BLJM-60201	Skate 2	N/A	NTSC-J	N/A	BLJM-60201
BLJM-60202	Dante's Inferno: Shinkyoku Jigoku-hen	N/A	NTSC-J	N/A	BLJM-60202
BLJM-60203	Super Street Fighter IV	N/A	NTSC-J	N/A	BLJM-60203
BLJM-60204	Darksiders: Shinpan no Toki	English / Japanese	NTSC-J	N/A	BLJM-60204
BLJM-60205	Pro Yakyuu Spirits 2010	Japanese	NTSC-J	N/A	BLJM-60205
BLJM-60206	Front Mission Evolved	Japanese	NTSC-J	N/A	BLJM-60206
BLJM-60207	Power Smash: Live Match!	N/A	NTSC-J	N/A	BLJM-60207
BLJM-60208	Ryuu ga Gotoku 4: Densetsu o Tsugu Mono	Japanese	NTSC-J	N/A	BLJM-60208
BLJM-60209	Winter Sports 2010: The Great Tournament	N/A	NTSC-J	N/A	BLJM-60209
BLJM-60210	Winning Post World 2010	N/A	NTSC-J	N/A	BLJM-60210
BLJM-60211	Nobunaga no Yabou: Tendou	Japanese	NTSC-J	N/A	BLJM-60211
BLJM-60212	Trinity: Zill O'll Zero	Japanese	NTSC-J	N/A	BLJM-60212
BLJM-60213	BlazBlue: Calamity Trigger	Japanese	NTSC-J	N/A	BLJM-60213
BLJM-60214	Quantum Theory	N/A	NTSC-J	N/A	BLJM-60214
BLJM-60215	Catherine	Japanese	NTSC-J	N/A	BLJM-60215
BLJM-60216	Army of Two: The 40th Day	Japanese	NTSC-J	N/A	BLJM-60216
BLJM-60217	The Godfather II	N/A	NTSC-J	N/A	BLJM-60217
BLJM-60218	Sengoku Basara 3	Japanese	NTSC-J	N/A	BLJM-60218
BLJM-60219	Tom Clancy's Ghost Recon: Future Soldier	Japanese	NTSC-J	N/A	BLJM-60219
BLJM-60220	Singularity	N/A	NTSC-J	N/A	BLJM-60220
BLJM-60221	Dead Rising 2	N/A	NTSC-J	N/A	BLJM-60221
BLJM-60222	2010 FIFA World Cup: Minami Africa Taikai	N/A	NTSC-J	N/A	BLJM-60222
BLJM-60223	NieR Replicant	Japanese	NTSC-J	N/A	BLJM-60223
BLJM-60224	World Soccer Winning Eleven 2010: Aoki Samurai no Chousen	Japanese	NTSC-J	N/A	BLJM-60224
BLJM-60225	Tom Clancy's H.A.W.X	Japanese	NTSC-J	N/A	BLJM-60225
BLJM-60227	Vanquish	N/A	NTSC-J	N/A	BLJM-60227
BLJM-60229	White Album: Tsuzurareru Fuyu no Omoide	Japanese	NTSC-J	N/A	BLJM-60229
BLJM-60231	Driver: San Francisco	Japanese	NTSC-J	N/A	BLJM-60231
BLJM-60232	Just Cause 2	English / Japanese	NTSC-J	N/A	BLJM-60232
BLJM-60233	Assassin's Creed II: Special Edition	English / Italian / Japanese	NTSC-J	N/A	BLJM-60233
BLJM-60234	Prince of Persia: Boukyaku no Suna	English / Japanese	NTSC-J	N/A	BLJM-60234
BLJM-60235	Grand Theft Auto: Episodes from Liberty City	Japanese	NTSC-J	N/A	BLJM-60235
BLJM-60237	BlazBlue: Continuum Shift	Japanese	NTSC-J	N/A	BLJM-60237
BLJM-60238	BlazBlue: Continuum Shift	Japanese	NTSC-J	N/A	BLJM-60238
BLJM-60240	Hakuouki: Junsouroku	Japanese	NTSC-J	N/A	BLJM-60240
BLJM-60241	Totori no Atelier: Arland no Renkinjutsushi 2	Japanese	NTSC-J	N/A	BLJM-60241
BLJM-60242	Tom Clancy's H.A.W.X. 2	N/A	NTSC-J	N/A	BLJM-60242
BLJM-60243	Jikkyou Powerful Pro Yakyuu 2010	Japanese	NTSC-J	N/A	BLJM-60243
BLJM-60244	Blur Racerz	Japanese	NTSC-J	N/A	BLJM-60244
BLJM-60245	Tiger Woods PGA Tour 11	N/A	NTSC-J	N/A	BLJM-60245
BLJM-60247	Chou Jigen Game Neptune	Japanese	NTSC-J	N/A	BLJM-60247
BLJM-60248	Arcana Heart 3	Japanese	NTSC-J	N/A	BLJM-60248
BLJM-60250	Assassin's Creed: Brotherhood	English / Italian / Japanese	NTSC-J	N/A	BLJM-60250
BLJM-60251	Split/Second	Japanese	NTSC-J	N/A	BLJM-60251
BLJM-60252	Kane & Lynch 2: Dog Days	N/A	NTSC-J	N/A	BLJM-60252
BLJM-60253	Nobunaga no Yabou Online: Shinsei no Shou	N/A	NTSC-J	N/A	BLJM-60253
BLJM-60254	Agarest Senki Zero	N/A	NTSC-J	N/A	BLJM-60254
BLJM-60255	Nurarihyon no Mago: Hyakki Ryouran Taisen	Japanese	NTSC-J	N/A	BLJM-60255
BLJM-60256	Marvel vs. Capcom 3: Fate of Two Worlds	N/A	NTSC-J	N/A	BLJM-60256
BLJM-60257	F1 2010	N/A	NTSC-J	N/A	BLJM-60257
BLJM-60258	Ken to Mahou to Gakuen Mono. 3	Japanese	NTSC-J	N/A	BLJM-60258
BLJM-60259	Madden NFL 11	N/A	NTSC-J	N/A	BLJM-60259
BLJM-60261	NBA Live 10	N/A	NTSC-J	N/A	BLJM-60261
BLJM-60262	Need for Speed: Shift	Japanese	NTSC-J	N/A	BLJM-60262
BLJM-60263	Winning Post 7 2010	N/A	NTSC-J	N/A	BLJM-60263
BLJM-60265	Red Dead Redemption	N/A	NTSC-J	N/A	BLJM-60265
BLJM-60266	EA Sports Sougou Kakutougi	N/A	NTSC-J	N/A	BLJM-60266
BLJM-60268	Two Worlds II	N/A	NTSC-J	N/A	BLJM-60268
BLJM-60270	Mafia II	N/A	NTSC-J	N/A	BLJM-60270
BLJM-60271	World Soccer Winning Eleven 2011	English / Japanese	NTSC-J	N/A	BLJM-60271
BLJM-60272	Mindjack	English / French / German / Italian / Japanese / Spanish	NTSC-U	N/A	BLJM-60272
BLJM-60273	Agarest Senki 2	N/A	NTSC-J	N/A	BLJM-60273
BLJM-60274	FIFA 11: World Class Soccer	Japanese	NTSC-J	N/A	BLJM-60274
BLJM-60275	Medal of Honor	Japanese	NTSC-J	N/A	BLJM-60275
BLJM-60277	NBA 2K11	N/A	NTSC-J	N/A	BLJM-60277
BLJM-60278	Ken to Mahou to Gakuen Mono. 2G	N/A	NTSC-J	N/A	BLJM-60278
BLJM-60281	Pro Yakyuu Spirits 2011	Japanese	NTSC-J	N/A	BLJM-60281
BLJM-60282	Fallout: New Vegas	N/A	NTSC-J	N/A	BLJM-60282
BLJM-60283	Biohazard 5: Alternative Edition	English / French / German / Italian / Japanese / Spanish	NTSC-J	N/A	BLJM-60283
BLJM-60284	Castlevania: Lords of Shadow	Japanese	NTSC-J	N/A	BLJM-60284
BLJM-60286	Call of Duty: Black Ops	Japanese	NTSC-J	N/A	BLJM-60286
BLJM-60287	Call of Duty: Black Ops	Japanese	NTSC-J	N/A	BLJM-60287
BLJM-60288	WWE SmackDown vs. Raw 2011	N/A	NTSC-J	N/A	BLJM-60288
BLJM-60289	Shaun White Skateboarding	N/A	NTSC-J	N/A	BLJM-60289
BLJM-60291	Shin Sangoku Musou 6	Japanese	NTSC-J	N/A	BLJM-60291
BLJM-60292	Umineko no Naku Koro ni: Majo to Suiri no Rinbukyoku	N/A	NTSC-J	N/A	BLJM-60292
BLJM-60294	Gekiatsu!! Pachige-Damashi: CR Evangelion: Hajimari no Fukuin	Japanese	NTSC-J	N/A	BLJM-60294
BLJM-60295	Battlefield: Bad Company 2	English / Japanese	NTSC-J	N/A	BLJM-60295
BLJM-60300	Gundam Musou 3	Japanese	NTSC-J	N/A	BLJM-60300
BLJM-60301	007: Blood Stone	Japanese	NTSC-J	N/A	BLJM-60301
BLJM-60302	Castlevania: Lords of Shadow	Japanese	NTSC-J	N/A	BLJM-60302
BLJM-60304	Colin McRae: DiRT 2	N/A	NTSC-J	N/A	BLJM-60304
BLJM-60305	Max Anarchy	English / French / Italian / Japanese / Spanish	NTSC-J	N/A	BLJM-60305
BLJM-60307	Troy Musou	Japanese	NTSC-J	N/A	BLJM-60307
BLJM-60309	Fight Night Round 4	N/A	NTSC-J	N/A	BLJM-60309
BLJM-60311	Crysis 2	N/A	NTSC-J	N/A	BLJM-60311
BLJM-60312	Wizardry: Twin Pack	Japanese	NTSC-J	N/A	BLJM-60312
BLJM-60313	Sengoku Musou 3 Z	Japanese	NTSC-J	N/A	BLJM-60313
BLJM-60314	Red Dead Redemption: Undead Nightmare	N/A	NTSC-J	N/A	BLJM-60314
BLJM-60316	Ryuu ga Gotoku: Of the End	Japanese	NTSC-J	N/A	BLJM-60316
BLJM-60317	Bulletstorm	N/A	NTSC-J	N/A	BLJM-60317
BLJM-60319	Daikoukai Jidai Online: Tierra Americana	N/A	NTSC-J	N/A	BLJM-60319
BLJM-60320	Racquet Sports	N/A	NTSC-J	N/A	BLJM-60320
BLJM-60321	Love at Once: Mermaid's Tears	Japanese	NTSC-J	N/A	BLJM-60321
BLJM-60322	Love at Once: Mermaid's Tears	Japanese	NTSC-J	N/A	BLJM-60322
BLJM-60323	Mamoru-kun wa Norowarete Shimatta! Meikai Katsugeki Wide-ban	Japanese	NTSC-J	N/A	BLJM-60323
BLJM-60324	WRC: FIA World Rally Championship	N/A	NTSC-J	N/A	BLJM-60324
BLJM-60326	Slotter Chou Mania: Antonio Inoki ga Genki ni Suru Pachi-Slot Ki	N/A	NTSC-J	N/A	BLJM-60326
BLJM-60328	Hiiro no Kakera Aizouban: Akane Iro no Tsuioku	Japanese	NTSC-J	N/A	BLJM-60328
BLJM-60329	Clannad	N/A	NTSC-J	N/A	BLJM-60329
BLJM-60331	Nail'd	N/A	NTSC-J	N/A	BLJM-60331
BLJM-60332	Mass Effect 2	English / Japanese	NTSC-J	N/A	BLJM-60332
BLJM-60333	Hunted: The Demon's Forge	N/A	NTSC-J	N/A	BLJM-60333
BLJM-60334	Sonic Generations: Shiro no Jikuu	N/A	NTSC-J	N/A	BLJM-60334
BLJM-60335	Michael Jackson: The Experience	English / Japanese	NTSC-J	N/A	BLJM-60335
BLJM-60336	Child of Eden	N/A	NTSC-J	N/A	BLJM-60336
BLJM-60337	Jikkyou Powerful Pro Yakyuu 2011	Japanese	NTSC-J	N/A	BLJM-60337
BLJM-60338	Star Ocean: The Last Hope International	English / French / German / Italian / Japanese / Spanish	NTSC-U	N/A	BLJM-60338
BLJM-60339	NieR Replicant	Japanese	NTSC-J	N/A	BLJM-60339
BLJM-60340	LEGO Harry Potter: Dai-1 Shou: Dai-4 Shou	Japanese	NTSC-J	N/A	BLJM-60340
BLJM-60341	Dead Rising 2: Off the Record	N/A	NTSC-J	N/A	BLJM-60341
BLJM-60342	Biohazard: Operation Raccoon City	English / French / German / Italian / Japanese / Spanish	NTSC-J	N/A	BLJM-60342
BLJM-60343	L.A. Noire	Japanese	NTSC-J	N/A	BLJM-60343
BLJM-60345	Nobunaga no Yabou: Tendou with Power-Up Kit	Japanese	NTSC-J	N/A	BLJM-60345
BLJM-60346	Grand Theft Auto IV & Episodes from Liberty City	N/A	NTSC-J	N/A	BLJM-60346
BLJM-60347	Dunamis 15	Japanese	NTSC-J	N/A	BLJM-60347
BLJM-60348	Meruru no Atelier: Arland no Renkinjutsushi 3	Japanese	NTSC-J	N/A	BLJM-60348
BLJM-60349	F.E.A.R. 3	N/A	NTSC-J	N/A	BLJM-60349
BLJM-60350	Street Fighter X Tekken	Chinese / English / Japanese / Korean	NTSC-J	N/A	BLJM-60350
BLJM-60351	Metal Gear Solid: Peace Walker: HD Edition	Japanese	NTSC-J	N/A	BLJM-60351
BLJM-60353	Deus Ex	English / Japanese	NTSC-J	N/A	BLJM-60353
BLJM-60354	NeverDead	N/A	NTSC-J	N/A	BLJM-60354
BLJM-60355	Brink	N/A	NTSC-J	N/A	BLJM-60355
BLJM-60356	Power Smash 4	N/A	NTSC-J	N/A	BLJM-60356
BLJM-60358	Shadows of the Damned	English / Japanese	NTSC-J	N/A	BLJM-60358
BLJM-60359	Alice: Madness Returns	N/A	NTSC-J	N/A	BLJM-60359
BLJM-60360	Fit in Six: Karada o Kitaeru 6-tsu no Youso	N/A	NTSC-J	N/A	BLJM-60360
BLJM-60361	Operation Flashpoint: Red River	English / Japanese	NTSC-J	N/A	BLJM-60361
BLJM-60362	DiRT 3	N/A	NTSC-J	N/A	BLJM-60362
BLJM-60363	Devil May Cry: HD Collection	English / French / German / Italian / Japanese / Spanish	NTSC-J	N/A	BLJM-60363
BLJM-60364	Super Street Fighter IV: Arcade Edition	N/A	NTSC-J	N/A	BLJM-60364
BLJM-60365	WWE All Stars	N/A	NTSC-J	N/A	BLJM-60365
BLJM-60367	Champion Jockey: Gallop Racer & GI Jockey	N/A	NTSC-J	N/A	BLJM-60367
BLJM-60368	Midnight Club: Los Angeles	N/A	NTSC-J	N/A	BLJM-60368
BLJM-60369	Gekiatsu!! Pachige-Damashi Vol. 2: Evangelion: Shinjitsu no Tsubasa	N/A	NTSC-J	N/A	BLJM-60369
BLJM-60370	Dungeon Siege III	Japanese	NTSC-J	N/A	BLJM-60370
BLJM-60371	F1 2011	N/A	NTSC-J	N/A	BLJM-60371
BLJM-60372	Biohazard: Revival Selection	Japanese	NTSC-J	N/A	BLJM-60372
BLJM-60373	Tenchou no Igo	N/A	NTSC-J	N/A	BLJM-60373
BLJM-60377	Chou Jigen Game Neptune	Japanese	NTSC-J	N/A	BLJM-60377
BLJM-60378	Armored Core V	Japanese	NTSC-J	N/A	BLJM-60378
BLJM-60379	Dragon's Dogma	English / French / German / Italian / Japanese / Spanish	NTSC-J	N/A	BLJM-60379
BLJM-60380	ToHeart 2 DX Plus	Japanese	NTSC-J	N/A	BLJM-60380
BLJM-60381	ToHeart 2 DX Plus	Japanese	NTSC-J	N/A	BLJM-60381
BLJM-60382	Final Fantasy XIII-2	Japanese	NTSC-J	N/A	BLJM-60382
BLJM-60383	Ultimate Marvel vs. Capcom 3	N/A	NTSC-J	N/A	BLJM-60383
BLJM-60384	Battlefield 3	Japanese	NTSC-J	N/A	BLJM-60384
BLJM-60385	World Soccer Winning Eleven 2012	Japanese	NTSC-J	N/A	BLJM-60385
BLJM-60387	Ao no Eiyuu: Birds of Steel	N/A	NTSC-J	N/A	BLJM-60387
BLJM-60388	Blades of Time	N/A	NTSC-J	N/A	BLJM-60388
BLJM-60389	Sengoku Basara 3: Utage	Japanese	NTSC-J	N/A	BLJM-60389
BLJM-60390	Time Leap	Japanese	NTSC-J	N/A	BLJM-60390
BLJM-60391	Silent Hill: Downpour	English / Japanese	NTSC-J	N/A	BLJM-60391
BLJM-60392	Warhammer 40,000: Space Marine	N/A	NTSC-J	N/A	BLJM-60392
BLJM-60394	BlazBlue: Continuum Shift Extend	Japanese	NTSC-J	N/A	BLJM-60394
BLJM-60395	The Cursed Crusade	N/A	NTSC-J	N/A	BLJM-60395
BLJM-60396	Saints Row: The Third	Japanese	NTSC-J	N/A	BLJM-60396
BLJM-60397	Shin Sangoku Musou Online: Souten Ranbu	N/A	NTSC-J	N/A	BLJM-60397
BLJM-60398	Gladiator VS	Japanese	NTSC-J	N/A	BLJM-60398
BLJM-60399	The Sims 3	N/A	NTSC-J	N/A	BLJM-60399
BLJM-60400	Batman: Arkham City	English / French / German / Italian / Japanese / Korean / Polish / Portuguese / Russian / Spanish	NTSC-J	N/A	BLJM-60400
BLJM-60403	Red Dead Redemption: Complete Edition	N/A	NTSC-J	N/A	BLJM-60403
BLJM-60404	Call of Duty: Modern Warfare 3	Japanese	NTSC-J	N/A	BLJM-60404
BLJM-60405	Biohazard 6	English / French / German / Italian / Japanese / Polish / Portuguese / Russian / Spanish	NTSC-J	N/A	BLJM-60405
BLJM-60408	Beyond the Future: Fix the Time Arrows	Japanese	NTSC-J	N/A	BLJM-60408
BLJM-60409	Asura's Wrath	English / French / German / Italian / Japanese / Spanish	NTSC-J	N/A	BLJM-60409
BLJM-60410	Suzukaze no Melt: Days in the Sanctuary	N/A	NTSC-J	N/A	BLJM-60410
BLJM-60411	Suigetsu 2	N/A	NTSC-J	N/A	BLJM-60411
BLJM-60412	Assassin's Creed: Revelations	English / Japanese	NTSC-J	N/A	BLJM-60412
BLJM-60413	The Elder Scrolls V: Skyrim	Japanese	NTSC-J	N/A	BLJM-60413
BLJM-60414	Umineko no Naku Koro ni Chiru: Shinjitsu to Gensou no Yasoukyoku	N/A	NTSC-J	N/A	BLJM-60414
BLJM-60416	One Piece: Kaizoku Musou	Japanese	NTSC-J	N/A	BLJM-60416
BLJM-60417	Musou Orochi 2	Japanese	NTSC-J	N/A	BLJM-60417
BLJM-60418	The House of the Dead: Overkill: Director's Cut	N/A	NTSC-J	N/A	BLJM-60418
BLJM-60419	Rocksmith	Japanese	NTSC-J	N/A	BLJM-60419
BLJM-60421	Need for Speed: Hot Pursuit	N/A	NTSC-J	N/A	BLJM-60421
BLJM-60422	Call of Duty: Modern Warfare 3	Japanese	NTSC-J	N/A	BLJM-60422
BLJM-60424	Jikkyou Powerful Pro Yakyuu 2011: Ketteiban	N/A	NTSC-J	N/A	BLJM-60424
BLJM-60425	Silent Hill: HD Edition	Japanese	NTSC-J	N/A	BLJM-60425
BLJM-60427	Mass Effect 3	English / French / German / Italian / Japanese / Polish / Russian / Spanish	NTSC-J	N/A	BLJM-60427
BLJM-60429	Grand Slam Tennis 2	N/A	NTSC-J	N/A	BLJM-60429
BLJM-60430	Maji de Watashi ni Koi Shinasai!! R	Japanese	NTSC-J	N/A	BLJM-60430
BLJM-60431	Rayman Origins	English / Japanese	NTSC-J	N/A	BLJM-60431
BLJM-60433	Biohazard: Chronicles HD Selection	Japanese	NTSC-J	N/A	BLJM-60433
BLJM-60434	Gal Gun	Japanese	NTSC-J	N/A	BLJM-60434
BLJM-60435	Trinity: Zill O'll Zero	Japanese	NTSC-J	N/A	BLJM-60435
BLJM-60436	WWE '12	N/A	NTSC-J	N/A	BLJM-60436
BLJM-60437	Skate 3	N/A	NTSC-J	N/A	BLJM-60437
BLJM-60438	Pro Yakyuu Spirits 2012	Japanese	NTSC-J	N/A	BLJM-60438
BLJM-60439	WRC 2: FIA World Rally Championship	N/A	NTSC-J	N/A	BLJM-60439
BLJM-60440	SSX	N/A	NTSC-J	N/A	BLJM-60440
BLJM-60442	Persona 4: The Ultimate in Mayonaka Arena	English / Japanese	NTSC-J	N/A	BLJM-60442
BLJM-60444	Touch, Shot! Love Application	Japanese	NTSC-J	N/A	BLJM-60444
BLJM-60445	Fight Night Champion	N/A	NTSC-J	N/A	BLJM-60445
BLJM-60446	Robotics;Notes	Japanese	NTSC-J	N/A	BLJM-60446
BLJM-60447	Ninja Gaiden 3	Chinese / English / French / German / Italian / Japanese / Spanish	NTSC-J	N/A	BLJM-60447
BLJM-60448	Under Defeat HD	N/A	NTSC-J	N/A	BLJM-60448
BLJM-60449	Fallout: New Vegas: Ultimate Edition	N/A	NTSC-J	N/A	BLJM-60449
BLJM-60450	UFC Undisputed 3	N/A	NTSC-J	N/A	BLJM-60450
BLJM-60451	Zone of the Enders: HD Edition	N/A	NTSC-J	N/A	BLJM-60451
BLJM-60452	Nobunaga no Yabou Online: Houou no Shou	N/A	NTSC-J	N/A	BLJM-60452
BLJM-60453	Shin Sangoku Musou Online: Ryuujin Ranbu	N/A	NTSC-J	N/A	BLJM-60453
BLJM-60454	Winning Post 7 2012	N/A	NTSC-J	N/A	BLJM-60454
BLJM-60456	Attouteki Yuugi: Mugen Souls	Japanese	NTSC-J	N/A	BLJM-60456
BLJM-60458	DiRT 3: Complete Edition	N/A	NTSC-J	N/A	BLJM-60458
BLJM-60459	Grand Theft Auto: Episodes from Liberty City	Japanese	NTSC-J	N/A	BLJM-60459
BLJM-60460	Test Drive Unlimited 2 Plus Casino Online	N/A	NTSC-J	N/A	BLJM-60460
BLJM-60462	Steins;Gate	N/A	NTSC-J	N/A	BLJM-60462
BLJM-60463	Max Payne 3	Japanese	NTSC-J	N/A	BLJM-60463
BLJM-60464	Steins;Gate: Hiyoku Renri no Darling	N/A	NTSC-J	N/A	BLJM-60464
BLJM-60467	Ookami: Zekkeiban	English / Japanese	NTSC-J	N/A	BLJM-60467
BLJM-60468	Jissen Pachi-Slot Hisshouhou! Hokuto no Ken F: Seikimatsu Kyuuseishu Densetsu	N/A	NTSC-J	N/A	BLJM-60468
BLJM-60469	Jikkyou Powerful Pro Yakyuu 2012	Japanese	NTSC-J	N/A	BLJM-60469
BLJM-60470	Mamoru-kun wa Norowarete Shimatta! Meikai Katsugeki Wide-ban	Japanese	NTSC-J	N/A	BLJM-60470
BLJM-60471	Ryuu ga Gotoku 1 & 2 HD Edition	N/A	NTSC-J	N/A	BLJM-60471
BLJM-60472	FIFA 12: World Class Soccer	Japanese	NTSC-J	N/A	BLJM-60472
BLJM-60473	Portal 2	N/A	NTSC-J	N/A	BLJM-60473
BLJM-60474	Aquapazza: Aquaplus Dream Match	Japanese	NTSC-J	N/A	BLJM-60474
BLJM-60476	Aquapazza: Aquaplus Dream Match	Japanese	NTSC-J	N/A	BLJM-60476
BLJM-60477	Operation Flashpoint: Red River	English / Japanese	NTSC-J	N/A	BLJM-60477
BLJM-60478	Agarest Senki 2	N/A	NTSC-J	N/A	BLJM-60478
BLJM-60479	Sniper: Ghost Warrior	N/A	NTSC-J	N/A	BLJM-60479
BLJM-60482	Chou Jigen Game Neptune mk2	Japanese	NTSC-J	N/A	BLJM-60482
BLJM-60483	Hakuouki: Reimeiroku Nagorigusa	Japanese	NTSC-J	N/A	BLJM-60483
BLJM-60485	Combat Wings: The Great Battles of World War II	English / Japanese	NTSC-J	N/A	BLJM-60485
BLJM-60486	Ayesha no Atelier: Tasogare no Daichi no Renkinjutsushi	Japanese	NTSC-J	N/A	BLJM-60486
BLJM-60488	Sengoku Basara HD Collection	Japanese	NTSC-J	N/A	BLJM-60488
BLJM-60489	Ryuu ga Gotoku 5: Yume, Kanaeshi Mono	Japanese	NTSC-J	N/A	BLJM-60489
BLJM-60490	Lost Planet 3	English / French / German / Italian / Japanese / Polish / Portuguese / Russian / Spanish	NTSC-J	N/A	BLJM-60490
BLJM-60492	Kami Jigen Game Neptune V	Japanese	NTSC-J	N/A	BLJM-60492
BLJM-60494	DiRT Showdown	N/A	NTSC-J	N/A	BLJM-60494
BLJM-60495	Batman: Arkham City	English / French / German / Italian / Japanese / Korean / Polish / Portuguese / Russian / Spanish	NTSC-J	N/A	BLJM-60495
BLJM-60496	Batman: Arkham Asylum	Japanese	NTSC-J	N/A	BLJM-60496
BLJM-60499	Assassin's Creed I + II Welcome Pack	English / Italian / Japanese	NTSC-J	N/A	BLJM-60499
BLJM-60500	F1 2012	N/A	NTSC-J	N/A	BLJM-60500
BLJM-60502	DmC: Devil May Cry	English / Japanese	NTSC-J	N/A	BLJM-60502
BLJM-60503	Sniper Elite V2	N/A	NTSC-J	N/A	BLJM-60503
BLJM-60504	Heavy Fire: Afghanistan	English / Japanese	NTSC-J	N/A	BLJM-60504
BLJM-60505	F1 Race Stars	N/A	NTSC-J	N/A	BLJM-60505
BLJM-60506	Tomoyo After: It's a Wonderful Life: CS Edition	N/A	NTSC-J	N/A	BLJM-60506
BLJM-60507	Battlefield: Bad Company 2	English / Japanese	NTSC-J	N/A	BLJM-60507
BLJM-60509	Gekiatsu!! Pachige-Damashi Max: Evangelion 7 x Seimei no Kodou	N/A	NTSC-J	N/A	BLJM-60509
BLJM-60510	Final Fantasy XIII-2: Additional Content Selection	Japanese	NTSC-J	N/A	BLJM-60510
BLJM-60511	Zone of the Enders: HD Edition	N/A	NTSC-J	N/A	BLJM-60511
BLJM-60512	Doom 3: BFG Edition	N/A	NTSC-J	N/A	BLJM-60512
BLJM-60513	Dead or Alive 5	N/A	NTSC-J	N/A	BLJM-60513
BLJM-60514	FIFA 13: World Class Soccer	N/A	NTSC-J	N/A	BLJM-60514
BLJM-60515	Injustice: Hero no Gekitotsu	N/A	NTSC-J	N/A	BLJM-60515
BLJM-60516	Assassin's Creed III	Chinese / English / Japanese / Korean	NTSC-J	N/A	BLJM-60516
BLJM-60517	Dark Souls with Artorias of the Abyss Edition	Japanese	NTSC-J	N/A	BLJM-60517
BLJM-60518	Biohazard: Revelations: Unveiled Edition	Dutch / English / French / German / Italian / Japanese / Polish / Portuguese / Russian / Spanish	NTSC-J	N/A	BLJM-60518
BLJM-60519	Need for Speed: Most Wanted: A Criterion Game	Japanese	NTSC-J	N/A	BLJM-60519
BLJM-60520	Dishonored	N/A	NTSC-J	N/A	BLJM-60520
BLJM-60521	Akatsuki no Goei Trinity	N/A	NTSC-J	N/A	BLJM-60521
BLJM-60522	World Soccer Winning Eleven 2013	English / Japanese	NTSC-J	N/A	BLJM-60522
BLJM-60523	Daikoukai Jidai Online 2nd Age	N/A	NTSC-J	N/A	BLJM-60523
BLJM-60524	Shin Sangoku Musou 6: Empires	N/A	NTSC-J	N/A	BLJM-60524
BLJM-60527	Hatsune Miku: Project Diva F	N/A	NTSC-J	N/A	BLJM-60527
BLJM-60528	E.X. Troopers	Japanese	NTSC-J	N/A	BLJM-60528
BLJM-60530	Crysis 3	N/A	NTSC-J	N/A	BLJM-60530
BLJM-60532	Far Cry 3	English / Japanese	NTSC-J	N/A	BLJM-60532
BLJM-60533	Need for Speed: The Run	N/A	NTSC-J	N/A	BLJM-60533
BLJM-60537	Call of Duty: Black Ops	Japanese	NTSC-J	N/A	BLJM-60537
BLJM-60539	Sniper: Ghost Warrior 2	N/A	NTSC-J	N/A	BLJM-60539
BLJM-60540	White Album 2: Shiawase no Mukougawa	Japanese	NTSC-J	N/A	BLJM-60540
BLJM-60541	Medal of Honor: Warfighter	N/A	NTSC-J	N/A	BLJM-60541
BLJM-60542	Chaos;Head Noah	Japanese	NTSC-J	N/A	BLJM-60542
BLJM-60543	Chaos;Head Love Chu Chu!	Japanese	NTSC-J	N/A	BLJM-60543
BLJM-60545	Heartful Simulator Pachi-Slot: ToHeart 2	N/A	NTSC-J	N/A	BLJM-60545
BLJM-60546	Muv-Luv	N/A	NTSC-J	N/A	BLJM-60546
BLJM-60547	Muv-Luv Alternative	N/A	NTSC-J	N/A	BLJM-60547
BLJM-60548	Call of Duty: Black Ops II	Japanese	NTSC-J	N/A	BLJM-60548
BLJM-60550	Sangokushi 12	N/A	NTSC-J	N/A	BLJM-60550
BLJM-60553	Shin Hokuto Musou	Japanese	NTSC-J	N/A	BLJM-60553
BLJM-60554	Metal Gear Rising: Revengeance	Japanese	NTSC-J	N/A	BLJM-60554
BLJM-60555	Sengoku-hime 3: Tenka o Kirisaku Hikari to Kage	N/A	NTSC-J	N/A	BLJM-60555
BLJM-60556	Sengoku-hime 3: Tenka o Kirisaku Hikari to Kage	N/A	NTSC-J	N/A	BLJM-60556
BLJM-60557	Tomb Raider	Japanese	NTSC-J	N/A	BLJM-60557
BLJM-60558	Lightning Returns: Final Fantasy XIII	Japanese	NTSC-J	N/A	BLJM-60558
BLJM-60559	Race Driver: Grid 2	N/A	NTSC-J	N/A	BLJM-60559
BLJM-60562	Hokuto Musou International	Japanese	NTSC-J	N/A	BLJM-60562
BLJM-60564	Jikkyou Powerful Pro Yakyuu 2012: Ketteiban	N/A	NTSC-J	N/A	BLJM-60564
BLJM-60565	Battlefield 3	Japanese	NTSC-J	N/A	BLJM-60565
BLJM-60566	Port Royale 3	Japanese	NTSC-J	N/A	BLJM-60566
BLJM-60567	Vampire Resurrection	Japanese	NTSC-J	N/A	BLJM-60567
BLJM-60569	Devil May Cry: HD Collection	English / French / German / Italian / Japanese / Spanish	NTSC-J	N/A	BLJM-60569
BLJM-60570	Heavy Fire: Shattered Spear	N/A	NTSC-J	N/A	BLJM-60570
BLJM-60572	One Piece: Kaizoku Musou 2	Japanese	NTSC-J	N/A	BLJM-60572
BLJM-60573	Assassin's Creed: Revelations: Special Edition	English / Japanese	NTSC-J	N/A	BLJM-60573
BLJM-60574	FIFA Street	N/A	NTSC-J	N/A	BLJM-60574
BLJM-60575	WRC 3: FIA World Rally Championship	N/A	NTSC-J	N/A	BLJM-60575
BLJM-60576	Winning Post 7 2013	N/A	NTSC-J	N/A	BLJM-60576
BLJM-60577	Monster Hunter Frontier G	Japanese	NTSC-J	N/A	BLJM-60577
BLJM-60578	Army of Two: The Devil's Cartel	N/A	NTSC-J	N/A	BLJM-60578
BLJM-60579	Muv-Luv Alternative: Total Eclipse	Japanese	NTSC-J	N/A	BLJM-60579
BLJM-60580	Risen 2: Dark Waters	Japanese	NTSC-J	N/A	BLJM-60580
BLJM-60581	Pro Yakyuu Spirits 2013	Japanese	NTSC-J	N/A	BLJM-60581
BLJM-60582	Sharin no Kuni, Himawari no Shoujo	N/A	NTSC-J	N/A	BLJM-60582
BLJM-60583	Nobunaga no Yabou Online: 10 Shuunen Kinen Box	N/A	NTSC-J	N/A	BLJM-60583
BLJM-60584	Binary Domain	English / French / German / Italian / Japanese / Spanish	NTSC-J	N/A	BLJM-60584
BLJM-60586	Shin Sangoku Musou 7	Japanese	NTSC-J	N/A	BLJM-60586
BLJM-60589	Kingdom Hearts: HD 1.5 ReMIX	Japanese	NTSC-J	N/A	BLJM-60589
BLJM-60987	Binary Domain	English / French / German / Italian / Japanese / Spanish	NTSC-J	N/A	BLJM-60987
BLJM-60988	The Sims 3: Pets	N/A	NTSC-J	N/A	BLJM-60988
BLJM-60990	Sengoku Musou 3: Empires	Japanese	NTSC-J	N/A	BLJM-60990
BLJM-60992	Chou Jigen Game Neptune mk2	Japanese	NTSC-J	N/A	BLJM-60992
BLJM-60993	Dark Souls	Japanese	NTSC-J	N/A	BLJM-60993
BLJM-60994	Rage	N/A	NTSC-J	N/A	BLJM-60994
BLJM-60995	Assassin's Creed: Brotherhood	English / Italian / Japanese	NTSC-J	N/A	BLJM-60995
BLJM-60996	FIFA 12: World Class Soccer	Japanese	NTSC-J	N/A	BLJM-60996
BLJM-60998	MLB Bobblehead!	Japanese	NTSC-J	N/A	BLJM-60998
BLJM-60999	Call of Juarez: The Cartel	N/A	NTSC-J	N/A	BLJM-60999
BLJM-61000	Shin Sangoku Musou 6: Moushouden	Japanese	NTSC-J	N/A	BLJM-61000
BLJM-61001	Metal Gear Solid: HD Edition	N/A	NTSC-J	N/A	BLJM-61001
BLJM-61003	Hitman: Absolution	Japanese	NTSC-J	N/A	BLJM-61003
BLJM-61004	Call of Duty: Black Ops	Japanese	NTSC-J	N/A	BLJM-61004
BLJM-61008	Wizardry: Perfect Pack	N/A	NTSC-J	N/A	BLJM-61008
BLJM-61009	Little Busters! Converted Edition	Japanese	NTSC-J	N/A	BLJM-61009
BLJM-61010	Ninja Gaiden 3: Razor's Edge	N/A	NTSC-J	N/A	BLJM-61010
BLJM-61011	FIFA 11: World Class Soccer	Japanese	NTSC-J	N/A	BLJM-61011
BLJM-61012	Dragon's Dogma: Dark Arisen	Japanese	NTSC-J	N/A	BLJM-61012
BLJM-61014	Armored Core: Verdict Day	Japanese	NTSC-J	N/A	BLJM-61014
BLJM-61016	Attouteki Yuugi: Mugen Souls	Japanese	NTSC-J	N/A	BLJM-61016
BLJM-61018	Oretachi ni Tsubasa wa Nai	Japanese	NTSC-J	N/A	BLJM-61018
BLJM-61019	Grand Theft Auto V	English / Japanese	NTSC-J	N/A	BLJM-61019
BLJM-61025	Need for Speed: Carbon	Japanese	NTSC-J	N/A	BLJM-61025
BLJM-61028	Attouteki Yuugi: Mugen Souls Z	N/A	NTSC-J	N/A	BLJM-61028
BLJM-61029	Steins;Gate: Senkei Kousoku no Phenogram	Japanese	NTSC-J	N/A	BLJM-61029
BLJM-61030	Mahjong Haou: Dankyuu Battle 3	N/A	NTSC-J	N/A	BLJM-61030
BLJM-61031	Kazoku Keikaku: Re: Tsumugu Ito	N/A	NTSC-J	N/A	BLJM-61031
BLJM-61033	Memories Off 6 Complete	Japanese	NTSC-J	N/A	BLJM-61033
BLJM-61034	Memories Off: Yubikiri no Kioku	Japanese	NTSC-J	N/A	BLJM-61034
BLJM-61035	Shin Toudai Shougi	N/A	NTSC-J	N/A	BLJM-61035
BLJM-61036	Tenchou no Igo	N/A	NTSC-J	N/A	BLJM-61036
BLJM-61039	Battlefield 4	English / Japanese	NTSC-J	N/A	BLJM-61039
BLJM-61040	Murdered: Tamashii no Yobu Koe	N/A	NTSC-J	N/A	BLJM-61040
BLJM-61041	Dragon's Crown	N/A	NTSC-J	N/A	BLJM-61041
BLJM-61043	Drag-on Dragoon 3	N/A	NTSC-J	N/A	BLJM-61043
BLJM-61044	Skylanders: Spyro no Daibouken	N/A	NTSC-J	N/A	BLJM-61044
BLJM-61047	Date A Live: Rinne Utopia	Japanese	NTSC-J	N/A	BLJM-61047
BLJM-61048	Date A Live: Rinne Utopia	Japanese	NTSC-J	N/A	BLJM-61048
BLJM-61049	Rocksmith 2014	Japanese	NTSC-J	N/A	BLJM-61049
BLJM-61050	Escha & Logy no Atelier: Tasogare no Sora no Renkinjutsushi	N/A	NTSC-J	N/A	BLJM-61050
BLJM-61051	Ayesha no Atelier: Tasogare no Daichi no Renkinjutsushi	Japanese	NTSC-J	N/A	BLJM-61051
BLJM-61054	Watch Dogs	Chinese / English / Japanese / Korean	NTSC-J	N/A	BLJM-61054
BLJM-61055	Dungeons & Dragons: Mystara Eiyuu Senki	Japanese	NTSC-J	N/A	BLJM-61055
BLJM-61056	Assassin's Creed IV: Black Flag	Chinese / English / Japanese / Korean	NTSC-J	N/A	BLJM-61056
BLJM-61058	FIFA 13: World Class Soccer	N/A	NTSC-J	N/A	BLJM-61058
BLJM-61059	Eiyuu Densetsu: Sen no Kiseki	Japanese	NTSC-J	N/A	BLJM-61059
BLJM-61060	Ketsui: Kizuna Jigoku-tachi Extra	English	NTSC-J	N/A	BLJM-61060
BLJM-61061	Nobunaga no Yabou Online: Tenka Mugen no Shou	N/A	NTSC-J	N/A	BLJM-61061
BLJM-61062	Shin Sangoku Musou Online Z	N/A	NTSC-J	N/A	BLJM-61062
BLJM-61063	Sengoku Basara 4	Japanese	NTSC-J	N/A	BLJM-61063
BLJM-61064	Saka Tsuku: Pro Soccer Club o Tsukurou!	N/A	NTSC-J	N/A	BLJM-61064
BLJM-61065	F1 2013	N/A	NTSC-J	N/A	BLJM-61065
BLJM-61067	Disorder 6	Japanese	NTSC-J	N/A	BLJM-61067
BLJM-61068	Farming Simulator	N/A	NTSC-J	N/A	BLJM-61068
BLJM-61069	FIFA 14: World Class Soccer	N/A	NTSC-J	N/A	BLJM-61069
BLJM-61070	Need for Speed: Rivals	English / Japanese	NTSC-J	N/A	BLJM-61070
BLJM-61071	Hanasaku Manimani	Japanese	NTSC-J	N/A	BLJM-61071
BLJM-61072	Eiyuu Senki	Japanese	NTSC-J	N/A	BLJM-61072
BLJM-61073	Final Fantasy XIII-2	Japanese	NTSC-J	N/A	BLJM-61073
BLJM-61077	Tears to Tiara II: Haou no Matsuei	N/A	NTSC-J	N/A	BLJM-61077
BLJM-61078	Sangokushi 12 with Power-Up Kit	N/A	NTSC-J	N/A	BLJM-61078
BLJM-61079	Hatsune Miku: Project Diva F 2nd	Japanese	NTSC-J	N/A	BLJM-61079
BLJM-61080	Air Conflicts: Vietnam	N/A	NTSC-J	N/A	BLJM-61080
BLJM-61081	Medal of Honor: Warfighter	N/A	NTSC-J	N/A	BLJM-61081
BLJM-61083	Jikkyou Powerful Pro Yakyuu 2013	N/A	NTSC-J	N/A	BLJM-61083
BLJM-61085	Dead or Alive 5 Ultimate	N/A	NTSC-J	N/A	BLJM-61085
BLJM-61086	The Elder Scrolls V: Skyrim: Legendary Edition	Japanese	NTSC-J	N/A	BLJM-61086
BLJM-61087	FIFA 14: World Class Soccer	N/A	NTSC-J	N/A	BLJM-61087
BLJM-61088	Rui wa Tomo o Yobu	Japanese	NTSC-J	N/A	BLJM-61088
BLJM-61089	Fairy Fencer F	Japanese	NTSC-J	N/A	BLJM-61089
BLJM-61090	Fairy Fencer F	Japanese	NTSC-J	N/A	BLJM-61090
BLJM-61091	Himawari no Kyoukai to Nagai Natsuyasumi: Extra Vacation	N/A	NTSC-J	N/A	BLJM-61091
BLJM-61092	Sengoku Musou 2 with Moushouden & Empires HD Version	N/A	NTSC-J	N/A	BLJM-61092
BLJM-61093	Final Fantasy X | X-2: HD Remaster	Japanese	NTSC-J	N/A	BLJM-61093
BLJM-61094	End of Eternity	Japanese	NTSC-J	N/A	BLJM-61094
BLJM-61095	Final Fantasy XIV Online: Shinsei Eorzea	N/A	NTSC-J	N/A	BLJM-61095
BLJM-61096	Batman: Arkham Origins	Japanese	NTSC-J	N/A	BLJM-61096
BLJM-61097	Puyo Puyo Tetris	Japanese	NTSC-J	N/A	BLJM-61097
BLJM-61098	Phantom Breaker: Extra	Japanese	NTSC-J	N/A	BLJM-61098
BLJM-61099	Need for Speed: Most Wanted: A Criterion Game	Japanese	NTSC-J	N/A	BLJM-61099
BLJM-61100	Root Double: Before Crime * After Days: Xtend Edition	N/A	NTSC-J	N/A	BLJM-61100
BLJM-61101	Shin Koi-hime Musou: Otome Taisen Sangokushi Engi	Japanese	NTSC-J	N/A	BLJM-61101
BLJM-61102	Painkiller: Hell & Damnation	N/A	NTSC-J	N/A	BLJM-61102
BLJM-61103	Sengoku-hime 4: Souhahyakkei, Hana Mamoru Chikai	N/A	NTSC-J	N/A	BLJM-61103
BLJM-61104	Sengoku-hime 4: Souhahyakkei, Hana Mamoru Chikai	N/A	NTSC-J	N/A	BLJM-61104
BLJM-61105	Akiba's Trip 2	Japanese	NTSC-J	N/A	BLJM-61105
BLJM-61106	World Soccer Winning Eleven 2014	Japanese	NTSC-J	N/A	BLJM-61106
BLJM-61107	Akumajou Dracula: Lords of Shadow 2	English / Japanese	NTSC-J	N/A	BLJM-61107
BLJM-61108	The Walking Dead: A Telltale Games Series	N/A	NTSC-J	N/A	BLJM-61108
BLJM-61112	Call of Duty: Modern Warfare 3	Japanese	NTSC-J	N/A	BLJM-61112
BLJM-61113	Dark Souls II	Japanese	NTSC-J	N/A	BLJM-61113
BLJM-61114	Dishonored: Game of the Year Edition	N/A	NTSC-J	N/A	BLJM-61114
BLJM-61116	Batman: Arkham Asylum	Japanese	NTSC-J	N/A	BLJM-61116
BLJM-61117	Batman: Arkham City	English / French / German / Italian / Japanese / Korean / Polish / Portuguese / Russian / Spanish	NTSC-J	N/A	BLJM-61117
BLJM-61118	Kaihou Shoujo: Sin	Japanese	NTSC-J	N/A	BLJM-61118
BLJM-61119	Winning Post 8	N/A	NTSC-J	N/A	BLJM-61119
BLJM-61120	Rozen Maiden: Wechseln Sie Welt ab	Japanese	NTSC-J	N/A	BLJM-61120
BLJM-61121	Nobunaga no Yabou: Souzou	N/A	NTSC-J	N/A	BLJM-61121
BLJM-61123	Ginsei Igo 2: Next Generation	N/A	NTSC-J	N/A	BLJM-61123
BLJM-61124	Rocksmith 2014	Japanese	NTSC-J	N/A	BLJM-61124
BLJM-61125	Call of Duty: Ghosts	Japanese	NTSC-J	N/A	BLJM-61125
BLJM-61126	Call of Duty: Ghosts	N/A	NTSC-J	N/A	BLJM-61126
BLJM-61127	Shin Rorona no Atelier: Hajimari no Monogatari: Arland no Renkinjutsushi	N/A	NTSC-J	N/A	BLJM-61127
BLJM-61128	Shin Sangoku Musou 7: Moushouden	N/A	NTSC-J	N/A	BLJM-61128
BLJM-61129	Shin Sangoku Musou 7 with Moushouden	N/A	NTSC-J	N/A	BLJM-61129
BLJM-61131	'&': Sora no Mukou de Sakimasu You ni	N/A	NTSC-J	N/A	BLJM-61131
BLJM-61135	Metal Gear Solid V: Ground Zeroes	English / Japanese	NTSC-J	N/A	BLJM-61135
BLJM-61136	Diablo III	English / Japanese	NTSC-J	N/A	BLJM-61136
BLJM-61137	BandFuse: Rock Legends	N/A	NTSC-J	N/A	BLJM-61137
BLJM-61138	Sengoku-hime 3: Tenka o Kirisaku Hikari to Kage	N/A	NTSC-J	N/A	BLJM-61138
BLJM-61139	Motto! SoniComi: More Communication with Sonico	N/A	NTSC-J	N/A	BLJM-61139
BLJM-61140	Shin Gundam Musou	N/A	NTSC-J	N/A	BLJM-61140
BLJM-61144	Sengoku Musou 4	N/A	NTSC-J	N/A	BLJM-61144
BLJM-61145	Sonic & All-Stars Racing Transformed	N/A	NTSC-J	N/A	BLJM-61145
BLJM-61146	IS: Infinite Stratos 2: Ignition Hearts	Japanese	NTSC-J	N/A	BLJM-61146
BLJM-61147	Ultra Street Fighter IV	N/A	NTSC-J	N/A	BLJM-61147
BLJM-61148	Pro Yakyuu Spirits 2014	N/A	NTSC-J	N/A	BLJM-61148
BLJM-61149	Ryuu ga Gotoku: Ishin!	Japanese	NTSC-J	N/A	BLJM-61149
BLJM-61150	Ar nosurge: Umareizuru Hoshi e Inoru Uta	Japanese	NTSC-J	N/A	BLJM-61150
BLJM-61152	Army of Two: The Devil's Cartel	N/A	NTSC-J	N/A	BLJM-61152
BLJM-61153	Strider Hiryuu	Japanese	NTSC-J	N/A	BLJM-61153
BLJM-61156	Shining Resonance	N/A	NTSC-J	N/A	BLJM-61156
BLJM-61157	Kagero: Darkside Princess	Japanese	NTSC-J	N/A	BLJM-61157
BLJM-61162	2014 FIFA World Cup Brazil	N/A	NTSC-J	N/A	BLJM-61162
BLJM-61163	Yaiba: Ninja Gaiden Z	Chinese / English / French / German / Italian / Japanese / Spanish	NTSC-J	N/A	BLJM-61163
BLJM-61164	Far Cry 3	English / Japanese	NTSC-J	N/A	BLJM-61164
BLJM-61166	Lost Dimension	Japanese	NTSC-J	N/A	BLJM-61166
BLJM-61167	F1 2013: Complete Edition	N/A	NTSC-J	N/A	BLJM-61167
BLJM-61169	The Lord of the Rings: War in the North	N/A	NTSC-J	N/A	BLJM-61169
BLJM-61171	Assassin's Creed III	Chinese / English / Japanese / Korean	NTSC-J	N/A	BLJM-61171
BLJM-61172	Sleeping Dogs: Hong Kong Himitsu Keisatsu	N/A	NTSC-J	N/A	BLJM-61172
BLJM-61174	Assassin's Creed: Connor Saga	N/A	NTSC-J	N/A	BLJM-61174
BLJM-61175	Muv-Luv Photonflowers	Japanese	NTSC-J	N/A	BLJM-61175
BLJM-61176	World Soccer Winning Eleven 2014: Aoki Samurai no Chousen	N/A	NTSC-J	N/A	BLJM-61176
BLJM-61177	Monster Hunter Frontier G	Japanese	NTSC-J	N/A	BLJM-61177
BLJM-61178	Thief	English / Japanese	NTSC-J	N/A	BLJM-61178
BLJM-61179	Far Cry 4	N/A	NTSC-J	N/A	BLJM-61179
BLJM-61182	Grand Theft Auto V	English / Japanese	NTSC-J	N/A	BLJM-61182
BLJM-61183	Eiyuu Densetsu: Sen no Kiseki II	Japanese	NTSC-J	N/A	BLJM-61183
BLJM-61184	Kono Oozora ni, Tsubasa o Hirogete: Cruise Sign	Japanese	NTSC-J	N/A	BLJM-61184
BLJM-61186	Saikyou Shougi: Gekisashi 13	N/A	NTSC-J	N/A	BLJM-61186
BLJM-61187	Cross Channel: For All People	N/A	NTSC-J	N/A	BLJM-61187
BLJM-61188	Caladrius Blaze	Japanese	NTSC-J	N/A	BLJM-61188
BLJM-61189	Date A Live: Arusu Install	Japanese	NTSC-J	N/A	BLJM-61189
BLJM-61190	Date A Live: Arusu Install	Japanese	NTSC-J	N/A	BLJM-61190
BLJM-61192	Shallie no Atelier: Tasogare no Umi no Renkinjutsushi	N/A	NTSC-J	N/A	BLJM-61192
BLJM-61194	Plants vs. Zombies: Garden Warfare	N/A	NTSC-J	N/A	BLJM-61194
BLJM-61195	WRC 4: FIA World Rally Championship	N/A	NTSC-J	N/A	BLJM-61195
BLJM-61196	Battlefield 3	Japanese	NTSC-J	N/A	BLJM-61196
BLJM-61197	Diablo III: Reaper of Souls: Ultimate Evil Edition	English / Japanese	NTSC-J	N/A	BLJM-61197
BLJM-61198	Devil May Cry: HD Collection	English / French / German / Italian / Japanese / Spanish	NTSC-J	N/A	BLJM-61198
BLJM-61199	Biohazard: Revelations 2	Chinese / English / French / German / Italian / Japanese / Korean / Polish / Portuguese / Russian / Spanish	NTSC-J	N/A	BLJM-61199
BLJM-61200	Muv-Luv Photonmelodies	N/A	NTSC-J	N/A	BLJM-61200
BLJM-61201	Wolfenstein: The New Order	Japanese	NTSC-J	N/A	BLJM-61201
BLJM-61202	FIFA 15	N/A	NTSC-J	N/A	BLJM-61202
BLJM-61203	Battlefield Hardline	English / Japanese	NTSC-J	N/A	BLJM-61203
BLJM-61204	Dragon Age: Inquisition	N/A	NTSC-J	N/A	BLJM-61204
BLJM-61205	Monster Hunter Frontier G	Japanese	NTSC-J	N/A	BLJM-61205
BLJM-61207	Grid Autosport	N/A	NTSC-J	N/A	BLJM-61207
BLJM-61208	Assassin's Creed: Rogue	English / Japanese	NTSC-J	N/A	BLJM-61208
BLJM-61209	Persona 4: The Ultimax Ultra Suplex Hold	Japanese	NTSC-J	N/A	BLJM-61209
BLJM-61210	Dengeki Bunko: Fighting Climax	Japanese	NTSC-J	N/A	BLJM-61210
BLJM-61211	Biohazard: HD Remaster	English / French / German / Italian / Japanese / Spanish	NTSC-J	N/A	BLJM-61211
BLJM-61212	Dragon Age: Inquisition	N/A	NTSC-J	N/A	BLJM-61212
BLJM-61215	Jikkyou Powerful Pro Yakyuu 2014	Japanese	NTSC-J	N/A	BLJM-61215
BLJM-61216	Transformers: Rise of the Dark Spark	N/A	NTSC-J	N/A	BLJM-61216
BLJM-61218	The Amazing Spider-Man 2	N/A	NTSC-J	N/A	BLJM-61218
BLJM-61219	F1 2014	N/A	NTSC-J	N/A	BLJM-61219
BLJM-61220	Kingdom Hearts: HD 2.5 ReMIX	Japanese	NTSC-J	N/A	BLJM-61220
BLJM-61223	Kingdom Hearts: HD 1.5 ReMIX	Japanese	NTSC-J	N/A	BLJM-61223
BLJM-61224	Kingdom Hearts: HD 2.5 ReMIX	Japanese	NTSC-J	N/A	BLJM-61224
BLJM-61225	Shin Sangoku Musou 7: Empires	Japanese	NTSC-J	N/A	BLJM-61225
BLJM-61226	Persona 4: The Ultimax Ultra Suplex Hold	Japanese	NTSC-J	N/A	BLJM-61226
BLJM-61227	Call of Duty: Advanced Warfare	N/A	NTSC-J	N/A	BLJM-61227
BLJM-61228	Call of Duty: Advanced Warfare	N/A	NTSC-J	N/A	BLJM-61228
BLJM-61230	Call of Duty: Black Ops II	Japanese	NTSC-J	N/A	BLJM-61230
BLJM-61231	Call of Duty: Black Ops II	N/A	NTSC-J	N/A	BLJM-61231
BLJM-61232	Call of Duty: Ghosts	Japanese	NTSC-J	N/A	BLJM-61232
BLJM-61233	Call of Duty: Ghosts	N/A	NTSC-J	N/A	BLJM-61233
BLJM-61234	LEGO Movie: The Game	Japanese	NTSC-J	N/A	BLJM-61234
BLJM-61235	Psycho Break	English / Japanese	NTSC-J	N/A	BLJM-61235
BLJM-61238	Zettai Geigeki Wars: Metropolis Defenders	N/A	NTSC-J	N/A	BLJM-61238
BLJM-61239	Odin Sphere: Leifthrasir	Japanese	NTSC-J	N/A	BLJM-61239
BLJM-61242	LEGO Marvel Super Heroes: The Game	Japanese	NTSC-J	N/A	BLJM-61242
BLJM-61243	LEGO Batman 3: The Game: Gotham kara Uchuu e	Japanese	NTSC-J	N/A	BLJM-61243
BLJM-61244	Nobunaga no Yabou: Souzou with Power-Up Kit	N/A	NTSC-J	N/A	BLJM-61244
BLJM-61245	Sengoku-hime 5: Senka Tatsu Haou no Keifu	N/A	NTSC-J	N/A	BLJM-61245
BLJM-61247	Metal Gear Solid V: The Phantom Pain	English / Japanese	NTSC-J	N/A	BLJM-61247
BLJM-61248	Sengoku Basara 4: Sumeragi	Japanese	NTSC-J	N/A	BLJM-61248
BLJM-61249	Ryuu ga Gotoku 0: Chikai no Basho	N/A	NTSC-J	N/A	BLJM-61249
BLJM-61251	Bladestorm: Hyakunen Sensou & Nightmare	N/A	NTSC-J	N/A	BLJM-61251
BLJM-61254	Aquapazza: Aquaplus Dream Match	Japanese	NTSC-J	N/A	BLJM-61254
BLJM-61255	Higurashi no Naku Koro ni Sui	Japanese	NTSC-J	N/A	BLJM-61255
BLJM-61256	Dragon Quest Heroes: Yamiryuu to Sekaiju no Shiro	Japanese	NTSC-J	N/A	BLJM-61256
BLJM-61257	Sengoku Musou 4 II	N/A	NTSC-J	N/A	BLJM-61257
BLJM-61258	Dead or Alive 5: Last Round	Japanese	NTSC-J	N/A	BLJM-61258
BLJM-61259	Rewrite	N/A	NTSC-J	N/A	BLJM-61259
BLJM-61260	Dark Souls II: Scholar of the First Sin	Japanese	NTSC-J	N/A	BLJM-61260
BLJM-61261	One Piece: Kaizoku Musou 3	N/A	NTSC-J	N/A	BLJM-61261
BLJM-61262	Winning Post 8 2015	N/A	NTSC-J	N/A	BLJM-61262
BLJM-61263	Pro Yakyuu Spirits 2015	N/A	NTSC-J	N/A	BLJM-61263
BLJM-61264	Yoru no Nai Kuni	Japanese	NTSC-J	N/A	BLJM-61264
BLJM-61265	Daisenryaku: Daitoua Kouboushi 3: Dainiji Sekai Taisen Boppatsu! Suujikugun Tai Rengougun Zen Sekaisen	N/A	NTSC-J	N/A	BLJM-61265
BLJM-61266	Gendai Daisenryaku 2016: Chitsujo no Houkai: Haken Kokka Shittsui	N/A	NTSC-J	N/A	BLJM-61266
BLJM-61267	Kagero: Mou 1-ri no Princess	Japanese	NTSC-J	N/A	BLJM-61267
BLJM-61269	Chaos;Child	N/A	NTSC-J	N/A	BLJM-61269
BLJM-61270	Middle-Earth: Shadow of Mordor	N/A	NTSC-J	N/A	BLJM-61270
BLJM-61272	Biohazard Zero: HD Remaster	English / French / German / Italian / Japanese / Spanish	NTSC-J	N/A	BLJM-61272
BLJM-61273	Assassin's Creed IV: Black Flag	Chinese / English / Japanese / Korean	NTSC-J	N/A	BLJM-61273
BLJM-61274	Koi-hime Enbu	N/A	NTSC-J	N/A	BLJM-61274
BLJM-61281	FIFA 16	N/A	NTSC-J	N/A	BLJM-61281
BLJM-61282	Final Fantasy XIV Online	N/A	NTSC-J	N/A	BLJM-61282
BLJM-61283	Final Fantasy XIV Online: Heavensward	N/A	NTSC-J	N/A	BLJM-61283
BLJM-61285	FIFA 15	N/A	NTSC-J	N/A	BLJM-61285
BLJM-61287	Assassin's Creed: Connor Saga	N/A	NTSC-J	N/A	BLJM-61287
BLJM-61288	Utawareru Mono: Itsuwari no Kamen	N/A	NTSC-J	N/A	BLJM-61288
BLJM-61290	IS: Infinite Stratos 2: Love and Purge	Japanese	NTSC-J	N/A	BLJM-61290
BLJM-61291	World Soccer Winning Eleven 2015	N/A	NTSC-J	N/A	BLJM-61291
BLJM-61294	Ride	N/A	NTSC-J	N/A	BLJM-61294
BLJM-61297	MotoGP 15	N/A	NTSC-J	N/A	BLJM-61297
BLJM-61298	LEGO Jurassic World	Japanese	NTSC-J	N/A	BLJM-61298
BLJM-61299	Nitroplus Blasterz: Heroines Infinite Duel	Japanese	NTSC-J	N/A	BLJM-61299
BLJM-61301	Winning Eleven 2016	N/A	NTSC-J	N/A	BLJM-61301
BLJM-61303	Steins;Gate 0	N/A	NTSC-J	N/A	BLJM-61303
BLJM-61304	Grand Theft Auto V	English / Japanese	NTSC-J	N/A	BLJM-61304
BLJM-61305	Tom Clancy's Rainbow Six: Vegas 1 + 2	N/A	NTSC-J	N/A	BLJM-61305
BLJM-61307	Sengoku Musou 4: Empires	N/A	NTSC-J	N/A	BLJM-61307
BLJM-61308	Arslan Senki x Musou	N/A	NTSC-J	N/A	BLJM-61308
BLJM-61309	Sophie no Atelier: Fushigi na Hon no Renkinjutsushi	Japanese	NTSC-J	N/A	BLJM-61309
BLJM-61310	Blade Arcus from Shining EX	Japanese	NTSC-J	N/A	BLJM-61310
BLJM-61311	Dragon Quest Builders: Alefgard o Fukkatsu Seyo	N/A	NTSC-J	N/A	BLJM-61311
BLJM-61312	Farming Simulator 15	N/A	NTSC-J	N/A	BLJM-61312
BLJM-61313	Ryuu ga Gotoku Kiwami	Japanese	NTSC-J	N/A	BLJM-61313
BLJM-61316	Nitroplus Blasterz: Heroines Infinite Duel	Japanese	NTSC-J	N/A	BLJM-61316
BLJM-61317	Jikkyou Powerful Pro Yakyuu 2016	N/A	NTSC-J	N/A	BLJM-61317
BLJM-61320	Sangokushi 13	N/A	NTSC-J	N/A	BLJM-61320
BLJM-61322	Dengeki Bunko: Fighting Climax Ignition	Japanese	NTSC-J	N/A	BLJM-61322
BLJM-61325	Star Ocean: Integrity and Faithlessness	Japanese	NTSC-J	N/A	BLJM-61325
BLJM-61326	Shingeki no Kyojin	N/A	NTSC-J	N/A	BLJM-61326
BLJM-61327	Grand Theft Auto: San Andreas	N/A	NTSC-J	N/A	BLJM-61327
BLJM-61328	Winning Post 8 2016	N/A	NTSC-J	N/A	BLJM-61328
BLJM-61329	LEGO Marvel Avengers	English / Japanese	NTSC-J	N/A	BLJM-61329
BLJM-61330	LEGO Star Wars: Force no Kakusei	Japanese	NTSC-J	N/A	BLJM-61330
BLJM-61331	Utawareru Mono: Futari no Hakuoro	N/A	NTSC-J	N/A	BLJM-61331
BLJM-61332	Sengoku Basara: Sanada Yukimura-den	N/A	NTSC-J	N/A	BLJM-61332
BLJM-61333	Nobunaga no Yabou: Souzou: Sengoku Risshiden	N/A	NTSC-J	N/A	BLJM-61333
BLJM-61334	Assassin's Creed: Rogue	English / Japanese	NTSC-J	N/A	BLJM-61334
BLJM-61339	UEFA Euro 2016: France: Winning Eleven 2016	N/A	NTSC-J	N/A	BLJM-61339
BLJM-61340	FIFA 17	N/A	NTSC-J	N/A	BLJM-61340
BLJM-61341	Dragon Quest Heroes II: Futago no Ou to Yogen no Owari	N/A	NTSC-J	N/A	BLJM-61341
BLJM-61342	The Walking Dead: Season Two: A Telltale Games Series	N/A	NTSC-J	N/A	BLJM-61342
BLJM-61344	Toukiden 2	N/A	NTSC-J	N/A	BLJM-61344
BLJM-61346	Persona 5	Japanese	NTSC-J	N/A	BLJM-61346
BLJM-61347	Shin Sangoku Musou: Eiketsuden	Japanese	NTSC-J	N/A	BLJM-61347
BLJM-61349	Sangokushi 13 with Power-Up Kit	N/A	NTSC-J	N/A	BLJM-61349
BLJM-61350	Sengoku Musou: Sanada Maru	N/A	NTSC-J	N/A	BLJM-61350
BLJM-61351	Adventure Time: Nameless Oukoku no 3-nin no Princess	N/A	NTSC-J	N/A	BLJM-61351
BLJM-61353	Winning Post 8 2017	N/A	NTSC-J	N/A	BLJM-61353
BLJM-61355	FIFA 18: Legacy Edition	N/A	NTSC-J	N/A	BLJM-61355
BLJM-61356	Winning Eleven 2017	N/A	NTSC-J	N/A	BLJM-61356
BLJM-61357	Winning Eleven 2018	N/A	NTSC-J	N/A	BLJM-61357
BLJM-61358	FIFA 17	N/A	NTSC-J	N/A	BLJM-61358
BLJM-67001	Metal Gear Solid 4: Guns of the Patriots	Japanese	NTSC-J	N/A	BLJM-67001
BLJM-67002	Metal Gear Solid 4: Guns of the Patriots	Japanese	NTSC-J	N/A	BLJM-67002
BLJM-67005	Final Fantasy XIII	Japanese	NTSC-J	N/A	BLJM-67005
BLJM-67007	UFC Undisputed 2010	N/A	NTSC-J	N/A	BLJM-67007
BLJM-67010	Final Fantasy XIII	Japanese	NTSC-J	N/A	BLJM-67010
BLJM-67014	Metal Gear Solid 4: Guns of the Patriots	Japanese	NTSC-J	N/A	BLJM-67014
BLJM-67021	Assassin's Creed: Ezio Saga	N/A	NTSC-J	N/A	BLJM-67021
BLJM-70001	FIFA 19: Legacy Edition	N/A	NTSC-J	N/A	BLJM-70001
BLJM-85001	Monster Hunter Portable 3rd: HD Ver.	Japanese	NTSC-J	N/A	BLJM-85001
BLJM-85002	K-ON! Houkago Live!! HD Ver.	Japanese	NTSC-J	N/A	BLJM-85002
BLJM-85004	Eiyuu Densetsu: Sora no Kiseki FC: Kai: HD Edition	Japanese	NTSC-J	N/A	BLJM-85004
BLJM-85005	Eiyuu Densetsu: Sora no Kiseki SC: Kai: HD Edition	Japanese	NTSC-J	N/A	BLJM-85005
BLJM-85006	Eiyuu Densetsu: Sora no Kiseki the 3rd: Kai: HD Edition	N/A	NTSC-J	N/A	BLJM-85006
BLJM-90001	Biohazard 5	English / French / German / Italian / Japanese / Spanish	NTSC-J	N/A	BLJM-90001
BLJM-91001	Metal Gear Solid: The Legacy Collection 1987-2012 (Disc 1)	Japanese	NTSC-J	N/A	BLJM-91001
BLJS-10001	Ridge Racer 7	English / Japanese	NTSC-J	N/A	BLJS-10001
BLJS-10002	Mobile Suit Gundam: Target in Sight	English / Japanese	NTSC-J	N/A	BLJS-10002
BLJS-10003	Enchant Arm	Japanese	NTSC-J	N/A	BLJS-10003
BLJS-10004	Untold Legends: Dark Kingdom	English / Japanese	NTSC-J	N/A	BLJS-10004
BLJS-10005	Ninja Gaiden Sigma	English / Japanese	NTSC-J	N/A	BLJS-10005
BLJS-10006	Yamasa Digi World SP: Bounty Killer	Japanese	NTSC-J	N/A	BLJS-10006
BLJS-10007	Blazing Angels: Squadrons of WWII	N/A	NTSC-J	N/A	BLJS-10007
BLJS-10008	Spider-Man 3	Japanese	NTSC-J	N/A	BLJS-10008
BLJS-10009	Makai Senki Disgaea 3	N/A	NTSC-J	N/A	BLJS-10009
BLJS-10010	Time Crisis 4	Japanese	NTSC-J	N/A	BLJS-10010
BLJS-10011	Makai Senki Disgaea 3	N/A	NTSC-J	N/A	BLJS-10011
BLJS-10012	Railfan: Taiwan Koutetsu	Chinese / English / Japanese	NTSC-J	N/A	BLJS-10012
BLJS-10013	Call of Duty 4: Modern Warfare	Japanese	NTSC-J	N/A	BLJS-10013
BLJS-10014	Transformers: The Game	Japanese	NTSC-J	N/A	BLJS-10014
BLJS-10015	Guitar Hero III: Legends of Rock	N/A	NTSC-J	N/A	BLJS-10015
BLJS-10016	LEGO Star Wars: The Complete Saga	Japanese	NTSC-J	N/A	BLJS-10016
BLJS-10017	Trusty Bell: Chopin no Yume Reprise	Japanese	NTSC-J	N/A	BLJS-10017
BLJS-10018	NBA 2K8	N/A	NTSC-J	N/A	BLJS-10018
BLJS-10019	Haze	N/A	NTSC-J	N/A	BLJS-10019
BLJS-10020	Dragon Ball Z: Burst Limit	Japanese	NTSC-J	N/A	BLJS-10020
BLJS-10021	Dark Sector	N/A	NTSC-J	N/A	BLJS-10021
BLJS-10022	Enemy Territory: Quake Wars	Japanese	NTSC-J	N/A	BLJS-10022
BLJS-10023	The Darkness	N/A	NTSC-J	N/A	BLJS-10023
BLJS-10024	DreamWorks Kung Fu Panda	N/A	NTSC-J	N/A	BLJS-10024
BLJS-10025	Kane & Lynch: Dead Men	N/A	NTSC-J	N/A	BLJS-10025
BLJS-10026	Soulcalibur IV	English / French / German / Italian / Japanese / Spanish	NTSC-J	N/A	BLJS-10026
BLJS-10028	Double Clutch	N/A	NTSC-J	N/A	BLJS-10028
BLJS-10030	Guitar Hero: Aerosmith	N/A	NTSC-J	N/A	BLJS-10030
BLJS-10031	Call of Duty 4: Modern Warfare	Japanese	NTSC-J	N/A	BLJS-10031
BLJS-10034	The Elder Scrolls IV: Oblivion: Game of the Year Edition	Japanese	NTSC-J	N/A	BLJS-10034
BLJS-10037	Fracture	N/A	NTSC-J	N/A	BLJS-10037
BLJS-10039	Samurai Dou 3	Japanese	NTSC-J	N/A	BLJS-10039
BLJS-10041	BioShock	N/A	NTSC-J	N/A	BLJS-10041
BLJS-10042	LEGO Batman: The Videogame	Japanese	NTSC-J	N/A	BLJS-10042
BLJS-10043	Naruto: Narutimate Storm	Japanese	NTSC-J	N/A	BLJS-10043
BLJS-10044	Tomb Raider: Underworld	Japanese	NTSC-J	N/A	BLJS-10044
BLJS-10045	The King of Fighters XII	N/A	NTSC-J	N/A	BLJS-10045
BLJS-10046	Midnight Club: Los Angeles	Japanese	NTSC-J	N/A	BLJS-10046
BLJS-10047	Katamari Damashii Tribute	Japanese	NTSC-J	N/A	BLJS-10047
BLJS-10048	NBA 2K9	N/A	NTSC-J	N/A	BLJS-10048
BLJS-10049	NHL 2K9	N/A	NTSC-J	N/A	BLJS-10049
BLJS-10050	Kidou Senshi Gundam Senki	Japanese	NTSC-J	N/A	BLJS-10050
BLJS-10051	Major League Baseball 2K9	N/A	NTSC-J	N/A	BLJS-10051
BLJS-10052	Top Spin 3	N/A	NTSC-J	N/A	BLJS-10052
BLJS-10053	Tales of Vesperia	Japanese	NTSC-J	N/A	BLJS-10053
BLJS-10054	Wanted: Weapons of Fate	N/A	NTSC-J	N/A	BLJS-10054
BLJS-10056	50 Cent: Blood on the Sand	Japanese	NTSC-J	N/A	BLJS-10056
BLJS-10058	BioShock	N/A	NTSC-J	N/A	BLJS-10058
BLJS-10059	Kane & Lynch: Dead Men	N/A	NTSC-J	N/A	BLJS-10059
BLJS-10060	Janline R	N/A	NTSC-J	N/A	BLJS-10060
BLJS-10062	WET	Japanese	NTSC-J	N/A	BLJS-10062
BLJS-10063	Makai Senki Disgaea 3: Raspberyl-hen Hajimemashita.	N/A	NTSC-J	N/A	BLJS-10063
BLJS-10064	NBA 2K10	N/A	NTSC-J	N/A	BLJS-10064
BLJS-10065	NHL 2K10	N/A	NTSC-J	N/A	BLJS-10065
BLJS-10066	Dragon Ball: Raging Blast	N/A	NTSC-J	N/A	BLJS-10066
BLJS-10067	Tekken 6	English / French / German / Italian / Japanese / Korean / Russian / Spanish	NTSC-J	N/A	BLJS-10067
BLJS-10069	Fallout 3: Tsuika Contents Pack	N/A	NTSC-J	N/A	BLJS-10069
BLJS-10070	Last Rebellion	N/A	NTSC-J	N/A	BLJS-10070
BLJS-10071	Sacred 2: Fallen Angel	N/A	NTSC-J	N/A	BLJS-10071
BLJS-10072	No More Heroes: Eiyuu-tachi no Rakuen	Japanese	NTSC-J	N/A	BLJS-10072
BLJS-10075	Ar tonelico III: Sekai Shuuen no Hikigane wa Shoujo no Uta ga Hiku	Japanese	NTSC-J	N/A	BLJS-10075
BLJS-10076	Eat Lead: Matt Hazard no Gyakushuu	N/A	NTSC-J	N/A	BLJS-10076
BLJS-10078	BioShock 2	English / Japanese	NTSC-J	N/A	BLJS-10078
BLJS-10079	Pachi Para 15: Super Umi in Okinawa 2	N/A	NTSC-J	N/A	BLJS-10079
BLJS-10080	Clash of the Titans: The Videogame	Japanese	NTSC-J	N/A	BLJS-10080
BLJS-10081	Another Century's Episode R	Japanese	NTSC-J	N/A	BLJS-10081
BLJS-10082	Dead to Rights: Retribution	N/A	NTSC-J	N/A	BLJS-10082
BLJS-10083	The Idolmaster 2	Japanese	NTSC-J	N/A	BLJS-10083
BLJS-10084	Naruto Shippuuden: Narutimate Storm 2	N/A	NTSC-J	N/A	BLJS-10084
BLJS-10085	Dragon Ball: Raging Blast 2	N/A	NTSC-J	N/A	BLJS-10085
BLJS-10086	Red Faction: Guerrilla	N/A	NTSC-J	N/A	BLJS-10086
BLJS-10088	Knights Contract	Japanese	NTSC-J	N/A	BLJS-10088
BLJS-10089	Enslaved: Odyssey to the West	N/A	NTSC-J	N/A	BLJS-10089
BLJS-10090	Major League Baseball 2K10	N/A	NTSC-J	N/A	BLJS-10090
BLJS-10091	Big 3 Gun Shooting	Japanese	NTSC-J	N/A	BLJS-10091
BLJS-10092	Pachi Para 16: Gingira Paradise 2	N/A	NTSC-J	N/A	BLJS-10092
BLJS-10093	Tales of Graces f	N/A	NTSC-J	N/A	BLJS-10093
BLJS-10095	Makai Senki Disgaea 4	Japanese	NTSC-J	N/A	BLJS-10095
BLJS-10096	Sekai Saikyou Ginsei Igo: Hybrid Monte Carlo	N/A	NTSC-J	N/A	BLJS-10096
BLJS-10098	Majin to Ushinawareta Oukoku	Japanese	NTSC-J	N/A	BLJS-10098
BLJS-10099	428: Fuusa Sareta Shibuya de	Japanese	NTSC-J	N/A	BLJS-10099
BLJS-10102	Bikkuri Pachinko: Ashita no Joe: Kyoraku Collection Vol. 1	N/A	NTSC-J	N/A	BLJS-10102
BLJS-10103	Dragon Age: Origins	Japanese	NTSC-J	N/A	BLJS-10103
BLJS-10106	Rune Factory: Oceans	N/A	NTSC-J	N/A	BLJS-10106
BLJS-10107	Samurai Dou 4	Japanese	NTSC-J	N/A	BLJS-10107
BLJS-10109	Suzumiya Haruhi no Tsuisou	N/A	NTSC-J	N/A	BLJS-10109
BLJS-10110	Pachi Para 17: Shinkai Monogatari with Agnes Lum	N/A	NTSC-J	N/A	BLJS-10110
BLJS-10111	Top Spin 4	N/A	NTSC-J	N/A	BLJS-10111
BLJS-10112	Major League Baseball 2K11	N/A	NTSC-J	N/A	BLJS-10112
BLJS-10113	Earth Defense Force: Insect Armageddon	Japanese	NTSC-J	N/A	BLJS-10113
BLJS-10114	No More Heroes: Red Zone Edition	Japanese	NTSC-J	N/A	BLJS-10114
BLJS-10115	Soulcalibur V	N/A	NTSC-J	N/A	BLJS-10115
BLJS-10116	Dragon Age: Origins: Awakening	N/A	NTSC-J	N/A	BLJS-10116
BLJS-10117	El Shaddai: Ascension of the Metatron	Japanese	NTSC-J	N/A	BLJS-10117
BLJS-10118	Sekai Saikyou Ginsei Shougi: Fuuun Ryuuko Raiden	N/A	NTSC-J	N/A	BLJS-10118
BLJS-10119	Homefront	N/A	NTSC-J	N/A	BLJS-10119
BLJS-10120	Tales of Xillia	Japanese	NTSC-J	N/A	BLJS-10120
BLJS-10121	Duke Nukem Forever	Japanese	NTSC-J	N/A	BLJS-10121
BLJS-10122	Daisenryaku Perfect: Senjou no Hasha	N/A	NTSC-J	N/A	BLJS-10122
BLJS-10123	Angel Senki	N/A	NTSC-J	N/A	BLJS-10123
BLJS-10124	Angel Love Online	N/A	NTSC-J	N/A	BLJS-10124
BLJS-10125	Lollipop Chainsaw: Premium Edition	English / Japanese	NTSC-J	N/A	BLJS-10125
BLJS-10126	Red Faction: Armageddon	N/A	NTSC-J	N/A	BLJS-10126
BLJS-10127	Ace Combat: Assault Horizon	Japanese	NTSC-J	N/A	BLJS-10127
BLJS-10129	Makai Senki Disgaea 4: Fuuka & Desco-hen Hajimemashita.	N/A	NTSC-J	N/A	BLJS-10129
BLJS-10130	Makai Senki Disgaea 4: Fuuka & Desco-hen Hajimemashita.	N/A	NTSC-J	N/A	BLJS-10130
BLJS-10131	Kidou Senshi Gundam: Extreme Vs.	Japanese	NTSC-J	N/A	BLJS-10131
BLJS-10133	Dai-2-Ji Super Robot Taisen OG	Japanese	NTSC-J	N/A	BLJS-10133
BLJS-10135	Dragon Ball: Ultimate Blast	Japanese	NTSC-J	N/A	BLJS-10135
BLJS-10136	NBA 2K12	Japanese	NTSC-J	N/A	BLJS-10136
BLJS-10137	The Darkness II	N/A	NTSC-J	N/A	BLJS-10137
BLJS-10138	The Idolmaster: Gravure for You! Vol. 1	Japanese	NTSC-J	N/A	BLJS-10138
BLJS-10140	The Idolmaster: Gravure for You! Vol. 3	Japanese	NTSC-J	N/A	BLJS-10140
BLJS-10141	The Idolmaster: Gravure for You! Vol. 4	Japanese	NTSC-J	N/A	BLJS-10141
BLJS-10142	The Idolmaster: Gravure for You! Vol. 5	Japanese	NTSC-J	N/A	BLJS-10142
BLJS-10143	The Idolmaster: Gravure for You! Vol. 6	Japanese	NTSC-J	N/A	BLJS-10143
BLJS-10144	The Idolmaster: Gravure for You! Vol. 7	Japanese	NTSC-J	N/A	BLJS-10144
BLJS-10145	The Idolmaster: Gravure for You! Vol. 8	Japanese	NTSC-J	N/A	BLJS-10145
BLJS-10146	The Idolmaster: Gravure for You! Vol. 9	Japanese	NTSC-J	N/A	BLJS-10146
BLJS-10147	The King of Fighters XIII	N/A	NTSC-J	N/A	BLJS-10147
BLJS-10148	Dead Island	N/A	NTSC-J	N/A	BLJS-10148
BLJS-10149	Mahjong Dream C Club	N/A	NTSC-J	N/A	BLJS-10149
BLJS-10150	Ni no Kuni: Shiroki Seihai no Joou	Japanese	NTSC-J	N/A	BLJS-10150
BLJS-10151	The Idolmaster 2	Japanese	NTSC-J	N/A	BLJS-10151
BLJS-10152	Saint Seiya Senki	Japanese	NTSC-J	N/A	BLJS-10152
BLJS-10154	Kidou Senshi Gundam UC	Japanese	NTSC-J	N/A	BLJS-10154
BLJS-10155	Matching Maker 4	N/A	NTSC-J	N/A	BLJS-10155
BLJS-10156	Naruto Shippuuden: Narutimate Storm Generation	Japanese	NTSC-J	N/A	BLJS-10156
BLJS-10157	Meikyuu Touro Legasista	N/A	NTSC-J	N/A	BLJS-10157
BLJS-10158	Shin Kamaitachi no Yoru: 11-ninme no Suspect	N/A	NTSC-J	N/A	BLJS-10158
BLJS-10159	Majo to Hyakkihei	Japanese	NTSC-J	N/A	BLJS-10159
BLJS-10160	Majo to Hyakkihei	Japanese	NTSC-J	N/A	BLJS-10160
BLJS-10161	Dragon Age II	N/A	NTSC-J	N/A	BLJS-10161
BLJS-10167	Kidou Senshi Gundam UC	Japanese	NTSC-J	N/A	BLJS-10167
BLJS-10168	Lollipop Chainsaw	Japanese	NTSC-J	N/A	BLJS-10168
BLJS-10169	Major League Baseball 2K12	N/A	NTSC-J	N/A	BLJS-10169
BLJS-10170	Borderlands: Game of the Year Edition	N/A	NTSC-J	N/A	BLJS-10170
BLJS-10171	Spec Ops: The Line	N/A	NTSC-J	N/A	BLJS-10171
BLJS-10172	The Idolmaster: Gravure for You! Vol. 2	Japanese	NTSC-J	N/A	BLJS-10172
BLJS-10173	Accel World: Gin'yoku no Kakusei	Japanese	NTSC-J	N/A	BLJS-10173
BLJS-10174	Accel World: Gin'yoku no Kakusei	Japanese	NTSC-J	N/A	BLJS-10174
BLJS-10175	Accel World: Kasoku no Chouten	Japanese	NTSC-J	N/A	BLJS-10175
BLJS-10177	Super Hero Generation	N/A	NTSC-J	N/A	BLJS-10177
BLJS-10180	Toki to Towa: Tokitowa	Japanese	NTSC-J	N/A	BLJS-10180
BLJS-10181	Toki to Towa: Tokitowa	Japanese	NTSC-J	N/A	BLJS-10181
BLJS-10182	Macross 30: Ginga o Tsunagu Utagoe	Japanese	NTSC-J	N/A	BLJS-10182
BLJS-10185	Ni no Kuni: Shiroki Seihai no Joou: All in One Edition	Japanese	NTSC-J	N/A	BLJS-10185
BLJS-10187	Tekken Tag Tournament 2	English / French / German / Italian / Japanese / Korean / Russian / Spanish	NTSC-J	N/A	BLJS-10187
BLJS-10188	Tales of Xillia 2	Japanese	NTSC-J	N/A	BLJS-10188
BLJS-10189	BioShock	N/A	NTSC-J	N/A	BLJS-10189
BLJS-10190	Borderlands 2	N/A	NTSC-J	N/A	BLJS-10190
BLJS-10191	Kingdoms of Amalur: Reckoning	N/A	NTSC-J	N/A	BLJS-10191
BLJS-10192	Pachinko Hissatsu Shigotonin IV: Kyoraku Collection Vol. 2	N/A	NTSC-J	N/A	BLJS-10192
BLJS-10194	A Taiheiyou no Arashi: Senkan Yamatokatsuki ni Shutsugekisu	N/A	NTSC-J	N/A	BLJS-10194
BLJS-10195	Z/X: Zekkai no Crusade	Japanese	NTSC-J	N/A	BLJS-10195
BLJS-10196	NBA 2K13	N/A	NTSC-J	N/A	BLJS-10196
BLJS-10197	Gundam Breaker	Japanese	NTSC-J	N/A	BLJS-10197
BLJS-10198	Dead Island: Zombie of the Year Edition	N/A	NTSC-J	N/A	BLJS-10198
BLJS-10199	Darksiders II	English / Japanese	NTSC-J	N/A	BLJS-10199
BLJS-10200	Naruto Shippuuden: Narutimate Storm 3	Japanese	NTSC-J	N/A	BLJS-10200
BLJS-10202	Kami-sama to Unmei Kakumei no Paradox	N/A	NTSC-J	N/A	BLJS-10202
BLJS-10203	Dream C Club: Complete Edipyon!	N/A	NTSC-J	N/A	BLJS-10203
BLJS-10204	Saints Row: The Third: The Full Package	Japanese	NTSC-J	N/A	BLJS-10204
BLJS-10206	Disgaea D2	Japanese	NTSC-J	N/A	BLJS-10206
BLJS-10207	BioShock Infinite	N/A	NTSC-J	N/A	BLJS-10207
BLJS-10208	Dream C Club Zero: Special Edipyon!	N/A	NTSC-J	N/A	BLJS-10208
BLJS-10209	Chikyuu Boueigun 4	N/A	NTSC-J	N/A	BLJS-10209
BLJS-10211	Daisenryaku: Daitoua Kouboushi: Tora Tora Tora Ware Kishuu ni Seikou Seri	N/A	NTSC-J	N/A	BLJS-10211
BLJS-10212	Daito Giken Koushiki Pachi-Slot Simulator Hihouden: Taiyou o Motomeru Monotachi	N/A	NTSC-J	N/A	BLJS-10212
BLJS-10215	Killer Is Dead	Japanese	NTSC-J	N/A	BLJS-10215
BLJS-10216	JoJo no Kimyou na Bouken: All Star Battle	Japanese	NTSC-J	N/A	BLJS-10216
BLJS-10217	JoJo no Kimyou na Bouken: All Star Battle	Japanese	NTSC-J	N/A	BLJS-10217
BLJS-10218	Metro: Last Light	N/A	NTSC-J	N/A	BLJS-10218
BLJS-10219	Kamen Rider: Battride War: Premium TV Sound Edition	Japanese	NTSC-J	N/A	BLJS-10219
BLJS-10220	Kamen Rider: Battride War	Japanese	NTSC-J	N/A	BLJS-10220
BLJS-10221	Oneechanbara Z: Kagura with NoNoNo!	Japanese	NTSC-J	N/A	BLJS-10221
BLJS-10222	Terraria	Japanese	NTSC-J	N/A	BLJS-10222
BLJS-10223	Super Robot Taisen OG Saga: Masoukishin III: Pride of Justice	Japanese	NTSC-J	N/A	BLJS-10223
BLJS-10224	Arcadias no Ikusa-hime	N/A	NTSC-J	N/A	BLJS-10224
BLJS-10225	BlazBlue: Chronophantasma	Japanese	NTSC-J	N/A	BLJS-10225
BLJS-10226	BlazBlue: Chronophantasma	Japanese	NTSC-J	N/A	BLJS-10226
BLJS-10227	XBlaze: Code:Embryo	N/A	NTSC-J	N/A	BLJS-10227
BLJS-10228	Dead Island: Riptide	N/A	NTSC-J	N/A	BLJS-10228
BLJS-10229	Sangoku-hime 2: Kouki Houkou: Mezameshi Taiga	N/A	NTSC-J	N/A	BLJS-10229
BLJS-10231	Tales of Symphonia Unisonant Pack	N/A	NTSC-J	N/A	BLJS-10231
BLJS-10232	NBA 2K14	N/A	NTSC-J	N/A	BLJS-10232
BLJS-10233	Moe Moe Daisensou * Gendaiban++	N/A	NTSC-J	N/A	BLJS-10233
BLJS-10234	Dragon Ball Z: Battle of Z	Japanese	NTSC-J	N/A	BLJS-10234
BLJS-10235	Saint Seiya: Brave Soldiers	Japanese	NTSC-J	N/A	BLJS-10235
BLJS-10238	Ore no Imouto ga Konnani Kawaii Wake ga Nai. Happy End	Japanese	NTSC-J	N/A	BLJS-10238
BLJS-10240	AKB1/149 Ren'ai Sousenkyo	Japanese	NTSC-J	N/A	BLJS-10240
BLJS-10242	Shutsugeki!! Otome-tachi no Senjou 2: Yuukoku o Kakeru Koujo no Tsubasa	N/A	NTSC-J	N/A	BLJS-10242
BLJS-10244	Super Heroine Chronicle	Japanese	NTSC-J	N/A	BLJS-10244
BLJS-10245	Sangoku-hime: Senkou no Taika: Akatsuki no Haryuu	N/A	NTSC-J	N/A	BLJS-10245
BLJS-10246	Saints Row IV	N/A	NTSC-J	N/A	BLJS-10246
BLJS-10248	Super Robot Taisen OG: Infinite Battle	N/A	NTSC-J	N/A	BLJS-10248
BLJS-10249	Kidou Senshi Gundam: Extreme Vs. Full Boost	Japanese	NTSC-J	N/A	BLJS-10249
BLJS-10250	Kidou Senshi Gundam: Extreme Vs. Full Boost	Japanese	NTSC-J	N/A	BLJS-10250
BLJS-10251	Borderlands 2	N/A	NTSC-J	N/A	BLJS-10251
BLJS-10252	Borderlands 2: Game of the Year Edition (Tsuika Contents Disc)	N/A	NTSC-J	N/A	BLJS-10252
BLJS-10254	Sakigake!! Otokojuku: Nihon yo, Kore ga Otoko de Aru!	N/A	NTSC-J	N/A	BLJS-10254
BLJS-10256	Dai-3-Ji Super Robot Taisen Z: Jigoku-hen	Japanese	NTSC-J	N/A	BLJS-10256
BLJS-10257	J-Stars Victory Vs: Anison Sound Edition	Japanese	NTSC-J	N/A	BLJS-10257
BLJS-10258	J-Stars Victory Vs	N/A	NTSC-J	N/A	BLJS-10258
BLJS-10259	CV: Casting Voice	Japanese	NTSC-J	N/A	BLJS-10259
BLJS-10260	The Idolmaster: One for All	Japanese	NTSC-J	N/A	BLJS-10260
BLJS-10262	Kamen Rider: Battride War II	Japanese	NTSC-J	N/A	BLJS-10262
BLJS-10263	Kamen Rider: Battride War II: Premium TV & Movie Sound Edition	N/A	NTSC-J	N/A	BLJS-10263
BLJS-10264	Dream C Club Gogo.	Japanese	NTSC-J	N/A	BLJS-10264
BLJS-10265	Mato Kurenai Yuugekitai	N/A	NTSC-J	N/A	BLJS-10265
BLJS-10266	Harem Tengoku da to Omottara Yandere Jigoku Datta.	N/A	NTSC-J	N/A	BLJS-10266
BLJS-10267	Naruto Shippuuden: Narutimate Storm Revolution	N/A	NTSC-J	N/A	BLJS-10267
BLJS-10268	Natural Doctrine	N/A	NTSC-J	N/A	BLJS-10268
BLJS-10269	Under Night In-Birth: Exe:Late	Japanese	NTSC-J	N/A	BLJS-10269
BLJS-10270	Mobile Suit Gundam: Side Stories	Japanese	NTSC-J	N/A	BLJS-10270
BLJS-10271	Mobile Suit Gundam: Side Stories	Japanese	NTSC-J	N/A	BLJS-10271
BLJS-10272	One Piece: Unlimited World R	Japanese	NTSC-J	N/A	BLJS-10272
BLJS-10273	Natsuiro High School: Seishun Hakusho	Japanese	NTSC-J	N/A	BLJS-10273
BLJS-10274	Arcana Heart 3: Love Max!!!!!	Japanese	NTSC-J	N/A	BLJS-10274
BLJS-10275	Kami-sama to Unmei Kakusei no Cross Thesis	Japanese	NTSC-J	N/A	BLJS-10275
BLJS-10278	Daisenryaku Exceed II	N/A	NTSC-J	N/A	BLJS-10278
BLJS-10279	Shin Hayarigami	Japanese	NTSC-J	N/A	BLJS-10279
BLJS-10280	Dead Island: Double Zombie Pack	N/A	NTSC-J	N/A	BLJS-10280
BLJS-10281	Borderlands: The Pre-Sequel!	N/A	NTSC-J	N/A	BLJS-10281
BLJS-10283	Sacred 3	N/A	NTSC-J	N/A	BLJS-10283
BLJS-10284	Super Robot Taisen OG Saga: Masou Kishin F: Coffin of the End	N/A	NTSC-J	N/A	BLJS-10284
BLJS-10286	Gundam Breaker 2	N/A	NTSC-J	N/A	BLJS-10286
BLJS-10287	NBA 2K15	N/A	NTSC-J	N/A	BLJS-10287
BLJS-10288	Kamen Rider Summonride!	N/A	NTSC-J	N/A	BLJS-10288
BLJS-10289	Guilty Gear Xrd: Sign	Japanese	NTSC-J	N/A	BLJS-10289
BLJS-10290	Super Hero Generation: Special Sound Edition	N/A	NTSC-J	N/A	BLJS-10290
BLJS-10291	Godzilla	Japanese	NTSC-J	N/A	BLJS-10291
BLJS-10292	Dragon Ball Xenoverse	N/A	NTSC-J	N/A	BLJS-10292
BLJS-10293	XBlaze: Lost:Memories	N/A	NTSC-J	N/A	BLJS-10293
BLJS-10295	Hajime no Ippo: The Fighting!	N/A	NTSC-J	N/A	BLJS-10295
BLJS-10296	Downtown Nekketsu Koushinkyoku: Soreyuke Daiundoukai: All Star Special	Japanese	NTSC-J	N/A	BLJS-10296
BLJS-10298	BioShock Infinite: The Complete Edition	Japanese	NTSC-J	N/A	BLJS-10298
BLJS-10299	Dai-3-Ji Super Robot Taisen Z: Tengoku-hen	N/A	NTSC-J	N/A	BLJS-10299
BLJS-10300	BlazBlue: Chronophantasma Extend	Japanese	NTSC-J	N/A	BLJS-10300
BLJS-10301	Ukiyo no Shishi	N/A	NTSC-J	N/A	BLJS-10301
BLJS-10302	The Idolmaster Cinderella Girls: Gravure for You! Vol. 1	Japanese	NTSC-J	N/A	BLJS-10302
BLJS-10303	The Idolmaster Cinderella Girls: Gravure for You! Vol. 2	Japanese	NTSC-J	N/A	BLJS-10303
BLJS-10304	The Idolmaster Cinderella Girls: Gravure for You! Vol. 3	Japanese	NTSC-J	N/A	BLJS-10304
BLJS-10305	The Idolmaster Cinderella Girls: Gravure for You! Vol. 4	Japanese	NTSC-J	N/A	BLJS-10305
BLJS-10306	The Idolmaster Cinderella Girls: Gravure for You! Vol. 5	Japanese	NTSC-J	N/A	BLJS-10306
BLJS-10307	The Idolmaster Cinderella Girls: Gravure for You! Vol. 6	Japanese	NTSC-J	N/A	BLJS-10307
BLJS-10308	The Idolmaster Cinderella Girls: Gravure for You! Vol. 7	Japanese	NTSC-J	N/A	BLJS-10308
BLJS-10309	The Idolmaster Cinderella Girls: Gravure for You! Vol. 8	Japanese	NTSC-J	N/A	BLJS-10309
BLJS-10310	The Idolmaster Cinderella Girls: Gravure for You! Vol. 9	Japanese	NTSC-J	N/A	BLJS-10310
BLJS-10312	Sword Art Online: Lost Song	N/A	NTSC-J	N/A	BLJS-10312
BLJS-10314	Saints Row IV	N/A	NTSC-J	N/A	BLJS-10314
BLJS-10315	Saint Seiya: Soldiers' Soul	Japanese	NTSC-J	N/A	BLJS-10315
BLJS-10316	Mato Kurenai Yuugekitai: Daybreak Special Gigs	N/A	NTSC-J	N/A	BLJS-10316
BLJS-10318	JoJo no Kimyou na Bouken: Eyes of Heaven	Japanese	NTSC-J	N/A	BLJS-10318
BLJS-10319	Kamen Rider: Battride War Sousei	N/A	NTSC-J	N/A	BLJS-10319
BLJS-10322	NBA 2K16	N/A	NTSC-J	N/A	BLJS-10322
BLJS-10323	Disney Infinity 3.0	N/A	NTSC-J	N/A	BLJS-10323
BLJS-10324	Kamen Rider: Battride War Sousei: Memorial TV Sound Edition	N/A	NTSC-J	N/A	BLJS-10324
BLJS-10330	Tales of Berseria	Japanese	NTSC-J	N/A	BLJS-10330
BLJS-10333	BlazBlue: Centralfiction	N/A	NTSC-J	N/A	BLJS-10333
BLJS-10334	Guilty Gear Xrd: Revelator	Japanese	NTSC-J	N/A	BLJS-10334
BLJS-10335	Super Robot Taisen OG: The Moon Dwellers	N/A	NTSC-J	N/A	BLJS-10335
BLJS-10336	Shin Hayarigami 2	Japanese	NTSC-J	N/A	BLJS-10336
BLJS-10337	NBA 2K17	Chinese / English / French / German / Italian / Japanese / Spanish	NTSC-U	N/A	BLJS-10337
BLJS-20001	NBA 2K18	Chinese / English / French / German / Italian / Japanese / Spanish	NTSC-U	N/A	BLJS-20001
BLJS-50002	Mobile Suit Gundam: Target in Sight	N/A	NTSC-J	N/A	BLJS-50002
BLJS-50003	Ninja Gaiden Sigma	English / Japanese	NTSC-J	N/A	BLJS-50003
BLJS-50004	Enchant Arm	N/A	NTSC-J	N/A	BLJS-50004
BLJS-50005	The Elder Scrolls IV: Oblivion	Japanese	NTSC-J	N/A	BLJS-50005
BLJS-50006	Makai Senki Disgaea 3	Japanese	NTSC-J	N/A	BLJS-50006
BLJS-50007	Soulcalibur IV	English / French / German / Italian / Japanese / Spanish	NTSC-J	N/A	BLJS-50007
BLJS-50009	Samurai Dou 3 Plus	Japanese	NTSC-J	N/A	BLJS-50009
BLJS-50010	Ridge Racer 7	English / Japanese	NTSC-J	N/A	BLJS-50010
BLJS-50011	Mobile Suit Gundam: Target in Sight	N/A	NTSC-J	N/A	BLJS-50011
BLJS-50012	Fallout 3	Japanese	NTSC-J	N/A	BLJS-50012
BLJS-50013	Katamari Damashii Tribute	Japanese	NTSC-J	N/A	BLJS-50013
BLJS-50014	Naruto: Narutimate Storm	Japanese	NTSC-J	N/A	BLJS-50014
BLJS-50017	Tekken 6	N/A	NTSC-J	N/A	BLJS-50017
BLJS-50019	Dragon Age: Origins	Japanese	NTSC-J	N/A	BLJS-50019
BLJS-50021	Samurai Dou 4 Plus	Japanese	NTSC-J	N/A	BLJS-50021
BLJS-50026	No More Heroes: Red Zone Edition	Japanese	NTSC-J	N/A	BLJS-50026
BLJS-50027	Kidou Senshi Gundam: Extreme Vs.	Japanese	NTSC-J	N/A	BLJS-50027
BLJS-50028	Ace Combat: Assault Horizon	Japanese	NTSC-J	N/A	BLJS-50028
BLJS-50036	Tales of Xillia	Japanese	NTSC-J	N/A	BLJS-50036
BLJS-50039	BlazBlue: Chronophantasma	Japanese	NTSC-J	N/A	BLJS-50039
BLJS-50043	Kidou Senshi Gundam: Extreme Vs. Full Boost	Japanese	NTSC-J	N/A	BLJS-50043
BLJS-92001	Short Peace: Tsukigime Ranko no Ichiban Nagai Hi	Japanese	NTSC-J	N/A	BLJS-92001
BLJS-93001	Gekijouban Macross F: Itsuwari no Uta-hime: Hybrid Pack	Japanese	NTSC-J	N/A	BLJS-93001
BLJS-93002	Tekken Hybrid	English / French / German / Italian / Japanese / Korean / Spanish	NTSC-J	N/A	BLJS-93002
BLJS-93003	Dot Hack: Sekai no Mukou ni + Versus: Hybrid Pack	N/A	NTSC-J	N/A	BLJS-93003
BLJS-93004	Gekijouban Macross F: Sayonara no Tsubasa: Hybrid Pack	N/A	NTSC-J	N/A	BLJS-93004
BLJS-93007	Chou Jikuu Yousai Macross: Ai Oboete Imasu ka: Hybrid Pack	Japanese	NTSC-J	N/A	BLJS-93007
BLJS-93009	Rinne no Lagrange: Kamogawa Days: Game & OVA Hybrid Disc	N/A	NTSC-J	N/A	BLJS-93009
BLJS-93010	Eureka Seven AO: Jungfrau no Hanabana-tachi: Game & OVA Hybrid Disc	N/A	NTSC-J	N/A	BLJS-93010
BLJS-93011	Eureka Seven AO: Jungfrau no Hanabana-tachi: Game & OVA Hybrid Disc	N/A	NTSC-J	N/A	BLJS-93011
BLJS-93013	Nerawareta Gakuen: Gekijouban Anime & Kanzenban Shiryoushuu: Hybrid Disc	Japanese	NTSC-J	N/A	BLJS-93013
BLJS-93014	Gekijouban Macross F: 30th d Shudisuta b Box: Project F: Ultimate Hybrid Disc	Japanese	NTSC-J	N/A	BLJS-93014
BLJS-93020	Tales of Zestiria	Japanese	NTSC-J	N/A	BLJS-93020
BLJX-94001	FromSoftware HD Visual Preview Disc	Japanese	NTSC-J	N/A	BLJX-94001
BLJX-94002	Yamasa Digi World SP: Pachi-Slot Sengoku Musou	N/A	NTSC-J	N/A	BLJX-94002
BLJX-94003	Minna no Golf 5	N/A	NTSC-J	N/A	BLJX-94003
BLJX-94004	World Soccer Winning Eleven 2009	English / Japanese	NTSC-J	N/A	BLJX-94004
BLJX-94005	Final Fantasy XIII	N/A	NTSC-J	N/A	BLJX-94005
BLJX-94006	Square Enix Magazine Demo Disc Vol. 1	N/A	NTSC-J	N/A	BLJX-94006
BLJX-94009	Metal Gear Rising: Revengeance	Japanese	NTSC-J	N/A	BLJX-94009
BLKS-20020	Spider-Man 3	English	NTSC-J	N/A	BLKS-20020
BLKS-20021	Star Wars: The Force Unleashed	English / French / German / Italian / Spanish	NTSC-J	N/A	BLKS-20021
BLKS-20024	Skate.	English	NTSC-J	N/A	BLKS-20024
BLKS-20025	Fracture	English / French / German / Italian / Japanese / Korean / Spanish	NTSC-J	N/A	BLKS-20025
BLKS-20037	WWE SmackDown vs. Raw 2008	N/A	NTSC-J	N/A	BLKS-20037
BLKS-20043	Conan	English / French	NTSC-J	N/A	BLKS-20043
BLKS-20048	Call of Duty 4: Modern Warfare	Korean	NTSC-J	N/A	BLKS-20048
BLKS-20049	Assassin's Creed	Korean	NTSC-J	N/A	BLKS-20049
BLKS-20055	Lost Planet: Extreme Condition	English / French / German / Italian / Japanese / Korean / Spanish	NTSC-J	N/A	BLKS-20055
BLKS-20061	Makai Senki Disgaea 3	N/A	NTSC-J	N/A	BLKS-20061
BLKS-20063	Record of Agarest War	Korean	NTSC-J	N/A	BLKS-20063
BLKS-20064	MX vs. ATV Untamed	English	NTSC-J	N/A	BLKS-20064
BLKS-20067	Tom Clancy's Rainbow Six: Vegas 2	English / French / German / Italian / Spanish	NTSC-U	N/A	BLKS-20067
BLKS-20073	Grand Theft Auto IV	English / French / German / Italian / Spanish	NTSC-J	N/A	BLKS-20073
BLKS-20076	Saints Row 2	English / Korean	NTSC-J	N/A	BLKS-20076
BLKS-20078	Grid	N/A	NTSC-J	N/A	BLKS-20078
BLKS-20080	Tom Clancy's Ghost Recon: Advanced Warfighter 2	N/A	NTSC-J	N/A	BLKS-20080
BLKS-20087	Dead Space	English / French / Spanish	NTSC-U	N/A	BLKS-20087
BLKS-20088	007: Quantum of Solace	Korean	NTSC-J	N/A	BLKS-20088
BLKS-20094	Mirror's Edge	Korean	NTSC-J	N/A	BLKS-20094
BLKS-20100	Prince of Persia	English / Korean	NTSC-J	N/A	BLKS-20100
BLKS-20101	FIFA 09	English / Korean	NTSC-J	N/A	BLKS-20101
BLKS-20110	Street Fighter IV	English / French / German / Italian / Japanese / Korean / Spanish	NTSC-U	N/A	BLKS-20110
BLKS-20112	X Edge	Korean	NTSC-J	N/A	BLKS-20112
BLKS-20117	Resident Evil 5 ~ Biohazard 5	English / French / German / Italian / Japanese / Spanish	NTSC-J	N/A	BLKS-20117
BLKS-20119	F.E.A.R. 2: Project Origin	English / French / German / Italian / Spanish	NTSC-J	N/A	BLKS-20119
BLKS-20124	DreamWorks Monsters vs. Aliens	English / French	NTSC-J	N/A	BLKS-20124
BLKS-20130	Pro Yagu Spirits 6: Professional Baseball Spirits	Japanese	NTSC-J	N/A	BLKS-20130
BLKS-20135	Mussang Orochi Z	Korean	NTSC-J	N/A	BLKS-20135
BLKS-20140	Record of Agarest War	Korean	NTSC-J	N/A	BLKS-20140
BLKS-20146	BioShock 2	English / Korean	NTSC-J	N/A	BLKS-20146
BLKS-20153	FIFA 10	Korean	NTSC-J	N/A	BLKS-20153
BLKS-20157	Operation Flashpoint: Dragon Rising	English / French / Spanish	NTSC-J	N/A	BLKS-20157
BLKS-20159	Call of Duty: Modern Warfare 2	English	NTSC-U	N/A	BLKS-20159
BLKS-20163	Jin Samguk Mussang: Multi Raid Special	Korean	NTSC-J	N/A	BLKS-20163
BLKS-20174	Darksiders	English / French / Spanish	NTSC-U	N/A	BLKS-20174
BLKS-20191	Hokuto Musou	Japanese	NTSC-J	N/A	BLKS-20191
BLKS-20193	Prince of Persia: The Forgotten Sands	Korean	NTSC-J	N/A	BLKS-20193
BLKS-20205	Sengoku Basara 3	Japanese	NTSC-J	N/A	BLKS-20205
BLKS-20206	Silhwang Powerful Pro Yagu 2010	Japanese	NTSC-J	N/A	BLKS-20206
BLKS-20213	Dead Rising 2	English / French / Italian / Japanese / Korean / Spanish	NTSC-J	N/A	BLKS-20213
BLKS-20220	World Soccer Winning Eleven 2011	Korean	NTSC-J	N/A	BLKS-20220
BLKS-20241	Cho Chawon Game Neptune	Korean	NTSC-J	N/A	BLKS-20241
BLKS-20248	Marvel vs. Capcom 3: Fate of Two Worlds	English / French / German / Italian / Japanese / Spanish	NTSC-J	N/A	BLKS-20248
BLKS-20260	Dead Space 2	English / French / Spanish	NTSC-U	N/A	BLKS-20260
BLKS-20264	Tom Clancy's Ghost Recon: Future Soldier	Danish / Dutch / English / French / German / Italian / Norwegian / Portuguese / Spanish / Swedish	PAL	N/A	BLKS-20264
BLKS-20272	Shin Sangoku Musou 6	Japanese	NTSC-J	N/A	BLKS-20272
BLKS-20294	Tom Clancy's Splinter Cell Trilogy	English / French / German / Italian / Spanish	NTSC-U	N/A	BLKS-20294
BLKS-20300	Record of Agarest War 2	Korean	NTSC-J	N/A	BLKS-20300
BLKS-20301	World Soccer Winning Eleven 2012	Korean	NTSC-J	N/A	BLKS-20301
BLKS-20310	Batman: Arkham City	English / French / German / Italian / Japanese / Korean / Polish / Portuguese / Russian / Spanish	NTSC-U	N/A	BLKS-20310
BLKS-20326	Trinity Universe	Korean	NTSC-J	N/A	BLKS-20326
BLKS-20333	Saints Row: The Third	Korean	NTSC-J	N/A	BLKS-20333
BLKS-20346	Musou Orochi 2	Japanese	NTSC-J	N/A	BLKS-20346
BLKS-20350	Street Fighter X Tekken	Chinese / English / Japanese / Korean	NTSC-J	N/A	BLKS-20350
BLKS-20353	Cho Chawon Game Neptune mk2	Korean	NTSC-J	N/A	BLKS-20353
BLKS-20375	World Soccer Winning Eleven 2013	Korean	NTSC-J	N/A	BLKS-20375
BLKS-20384	Shin Sangoku Musou: Multi Raid 2: HD Version	Japanese	NTSC-J	N/A	BLKS-20384
BLKS-20385	Apdojeog Yuhui: Mugen Souls	Korean	NTSC-J	N/A	BLKS-20385
BLKS-20417	Sin Chawon Game Neptune V	Korean	NTSC-J	N/A	BLKS-20417
BLKS-20429	Tom Clancy's Splinter Cell: Blacklist	Chinese / English / Japanese / Korean	NTSC-J	N/A	BLKS-20429
BLKS-20438	World Soccer Winning Eleven 2014	Korean	NTSC-J	N/A	BLKS-20438
BLKS-20444	Apdojeog Yuhui: Mugen Souls Z	Korean	NTSC-J	N/A	BLKS-20444
BLKS-20471	Dark Souls II	Chinese / English / Korean	NTSC-J	N/A	BLKS-20471
BLKS-20472	Thief	English / French / Spanish	NTSC-U	N/A	BLKS-20472
BLKS-20475	Fairy Fencer F	Korean	NTSC-J	N/A	BLKS-20475
BLKS-20481	Bound by Flame	Korean	NTSC-J	N/A	BLKS-20481
BLKS-20483	Murdered: Soul Suspect	English / French / Spanish	NTSC-U	N/A	BLKS-20483
BLKS-20512	Jeoldae Yogyeok Wars: Metropolis Defenders	Korean	NTSC-J	N/A	BLKS-20512
BLKS-20513	WWE 2K16	English / French / Spanish	NTSC-U	N/A	BLKS-20513
BLKS-20514	Space Hulk	Chinese / English / Japanese / Korean	NTSC-J	N/A	BLKS-20514
BLKS-25001	Metal Gear Solid 4: Guns of the Patriots	Japanese	NTSC-J	N/A	BLKS-25001
BLKS-25002	Metal Gear Solid 4: Guns of the Patriots	English / French / German / Italian / Spanish	NTSC-J	N/A	BLKS-25002
BLKS-25005	UFC Undisputed 2010	English / French	NTSC-U	N/A	BLKS-25005
BLKS-97002	Tales of Zestiria	Japanese	NTSC-J	N/A	BLKS-97002
BLUD-80018	Demon's Souls	English	NTSC-U	N/A	BLUD-80018
BLUD-80019	3D Dot Game Heroes	English	NTSC-U	N/A	BLUD-80019
BLUD-80021	Guitar Hero: Warriors of Rock	English / French	PAL	N/A	BLUD-80021
BLUD-90005	Pure	English / French / Spanish	NTSC-U	N/A	BLUD-90005
BLUD-90008	WWE SmackDown vs. Raw 2009	N/A	NTSC-U	N/A	BLUD-90008
BLUD-90010	Guitar Hero: Smash Hits: May 2.76 IDU Update	N/A	NTSC-U	N/A	BLUD-90010
BLUS-30001	Ridge Racer 7	English / Japanese	NTSC-U	N/A	BLUS-30001
BLUS-30002	Untold Legends: Dark Kingdom	English	NTSC-U	N/A	BLUS-30002
BLUS-30003	F.E.A.R.: First Encounter Assault Recon	English	NTSC-U	N/A	BLUS-30003
BLUS-30004	NBA 2K7	English	NTSC-U	N/A	BLUS-30004
BLUS-30005	NHL 2K7	English	NTSC-U	N/A	BLUS-30005
BLUS-30006	Blazing Angels: Squadrons of WWII	English / French / Spanish	NTSC-U	N/A	BLUS-30006
BLUS-30007	The Elder Scrolls IV: Oblivion	English	NTSC-U	N/A	BLUS-30007
BLUS-30008	Sonic the Hedgehog	English / French / German / Italian / Japanese / Spanish	NTSC-U	N/A	BLUS-30008
BLUS-30009	Full Auto 2: Battlelines	English	NTSC-U	N/A	BLUS-30009
BLUS-30010	Marvel: Ultimate Alliance	English	NTSC-U	N/A	BLUS-30010
BLUS-30011	Tony Hawk's Project 8	English	NTSC-U	N/A	BLUS-30011
BLUS-30012	Call of Duty 3	English	NTSC-U	N/A	BLUS-30012
BLUS-30013	Tiger Woods PGA Tour 07	English	NTSC-U	N/A	BLUS-30013
BLUS-30014	Madden NFL 07	English	NTSC-U	N/A	BLUS-30014
BLUS-30016	Need for Speed: Carbon	English	NTSC-U	N/A	BLUS-30016
BLUS-30017	Mobile Suit Gundam: Crossfire	English / Japanese	NTSC-U	N/A	BLUS-30017
BLUS-30018	Tom Clancy's Rainbow Six: Vegas	English / French / German / Italian / Spanish	NTSC-U	N/A	BLUS-30018
BLUS-30019	Fight Night Round 3	English	NTSC-U	N/A	BLUS-30019
BLUS-30020	Virtua Fighter 5	English / French / German / Italian / Japanese / Spanish	NTSC-U	N/A	BLUS-30020
BLUS-30021	Virtua Tennis 3	English / French / German / Italian / Japanese / Spanish	NTSC-U	N/A	BLUS-30021
BLUS-30022	NBA Street Homecourt	English	NTSC-U	N/A	BLUS-30022
BLUS-30023	The Godfather: The Don's Edition	English	NTSC-U	N/A	BLUS-30023
BLUS-30024	Def Jam: Icon	English	NTSC-U	N/A	BLUS-30024
BLUS-30025	Major League Baseball 2K7	English	NTSC-U	N/A	BLUS-30025
BLUS-30026	College Hoops 2K7	English	NTSC-U	N/A	BLUS-30026
BLUS-30027	Armored Core 4	English	NTSC-U	N/A	BLUS-30027
BLUS-30028	Enchanted Arms	English	NTSC-U	N/A	BLUS-30028
BLUS-30029	Disney Pirates of the Caribbean: At World's End	English	NTSC-U	N/A	BLUS-30029
BLUS-30030	Spider-Man 3	English	NTSC-U	N/A	BLUS-30030
BLUS-30031	Spider-Man 3	English	NTSC-U	N/A	BLUS-30031
BLUS-30032	Tom Clancy's Splinter Cell: Double Agent	English / French / German / Italian / Spanish	NTSC-U	N/A	BLUS-30032
BLUS-30033	The Bigs	English	NTSC-U	N/A	BLUS-30033
BLUS-30034	Tom Clancy's Ghost Recon: Advanced Warfighter 2	English / French / German / Italian / Spanish	NTSC-U	N/A	BLUS-30034
BLUS-30035	The Darkness	English / French / German / Italian / Spanish	NTSC-U	N/A	BLUS-30035
BLUS-30036	Ninja Gaiden Sigma	English / Japanese	NTSC-U	N/A	BLUS-30036
BLUS-30037	Madden NFL 08	English	NTSC-U	N/A	BLUS-30037
BLUS-30038	FIFA Soccer 08	English / Spanish	NTSC-U	N/A	BLUS-30038
BLUS-30039	NCAA Football 08	English	NTSC-U	N/A	BLUS-30039
BLUS-30040	NASCAR 08	English	NTSC-U	N/A	BLUS-30040
BLUS-30042	Fantastic Four: Rise of the Silver Surfer	English / French	NTSC-U	N/A	BLUS-30042
BLUS-30043	Disney/Pixar Ratatouille	English	NTSC-U	N/A	BLUS-30043
BLUS-30044	NHL 2K8	English	NTSC-U	N/A	BLUS-30044
BLUS-30045	Harry Potter and the Order of the Phoenix	English	NTSC-U	N/A	BLUS-30045
BLUS-30046	Surf's Up	English / French / Spanish	NTSC-U	N/A	BLUS-30046
BLUS-30047	Transformers: The Game	English	NTSC-U	N/A	BLUS-30047
BLUS-30048	Hellboy: The Science of Evil	English / French / German / Italian / Spanish	NTSC-U	N/A	BLUS-30048
BLUS-30049	All-Pro Football 2K8	English	NTSC-U	N/A	BLUS-30049
BLUS-30050	Rock Band	English	NTSC-U	N/A	BLUS-30050
BLUS-30052	Blazing Angels 2: Secret Missions of WWII	N/A	NTSC-U	N/A	BLUS-30052
BLUS-30053	Tiger Woods PGA Tour 08	English	NTSC-U	N/A	BLUS-30053
BLUS-30055	The Orange Box	English	NTSC-U	N/A	BLUS-30055
BLUS-30056	Mercenaries 2: World in Flames	English / French / German / Italian / Russian / Spanish	NTSC-U	N/A	BLUS-30056
BLUS-30057	Army of Two	English	NTSC-U	N/A	BLUS-30057
BLUS-30058	Dynasty Warriors: Gundam	English	NTSC-U	N/A	BLUS-30058
BLUS-30059	Skate.	English	NTSC-U	N/A	BLUS-30059
BLUS-30060	NBA Live 08	English	NTSC-U	N/A	BLUS-30060
BLUS-30061	Burnout Paradise	English	NTSC-U	N/A	BLUS-30061
BLUS-30062	NHL 08	English	NTSC-U	N/A	BLUS-30062
BLUS-30063	Clive Barker's Jericho	English / French / German / Italian / Spanish	NTSC-U	N/A	BLUS-30063
BLUS-30064	DiRT	English / French / German / Italian / Spanish	NTSC-U	N/A	BLUS-30064
BLUS-30065	The Simpsons Game	English	NTSC-U	N/A	BLUS-30065
BLUS-30066	Need for Speed: ProStreet	English	NTSC-U	N/A	BLUS-30066
BLUS-30067	Medal of Honor: Airborne	English	NTSC-U	N/A	BLUS-30067
BLUS-30068	Sega Rally Revo	English / French / German / Italian / Spanish	NTSC-U	N/A	BLUS-30068
BLUS-30069	Conan	English / French	NTSC-U	N/A	BLUS-30069
BLUS-30070	Bladestorm: The Hundred Years' War	English / French / German / Italian / Spanish	NTSC-U	N/A	BLUS-30070
BLUS-30071	Tony Hawk's Proving Ground	English	NTSC-U	N/A	BLUS-30071
BLUS-30072	Call of Duty 4: Modern Warfare	English	NTSC-U	N/A	BLUS-30072
BLUS-30073	Stuntman: Ignition	English	NTSC-U	N/A	BLUS-30073
BLUS-30074	Guitar Hero III: Legends of Rock	English	NTSC-U	N/A	BLUS-30074
BLUS-30075	World Series of Poker 2008: Battle for the Bracelets	English	NTSC-U	N/A	BLUS-30075
BLUS-30076	Rapala Fishing Frenzy 2009	English	NTSC-U	N/A	BLUS-30076
BLUS-30077	NBA 2K8	English	NTSC-U	N/A	BLUS-30077
BLUS-30078	College Hoops 2K8	English	NTSC-U	N/A	BLUS-30078
BLUS-30079	LEGO Star Wars: The Complete Saga	English / French / Spanish	NTSC-U	N/A	BLUS-30079
BLUS-30080	John Woo Presents Stranglehold	English / French / German / Italian / Spanish	NTSC-U	N/A	BLUS-30080
BLUS-30081	John Woo Presents Stranglehold	English / French / German / Italian / Spanish	NTSC-U	N/A	BLUS-30081
BLUS-30082	WWE SmackDown vs. Raw 2008	English	NTSC-U	N/A	BLUS-30082
BLUS-30083	The Golden Compass	English	NTSC-U	N/A	BLUS-30083
BLUS-30084	Juiced 2: Hot Import Nights	English	NTSC-U	N/A	BLUS-30084
BLUS-30086	Unreal Tournament III	English	NTSC-U	N/A	BLUS-30086
BLUS-30087	The Elder Scrolls IV: Oblivion: Game of the Year Edition	English	NTSC-U	N/A	BLUS-30087
BLUS-30088	Disney/Pixar Cars: Mater-National Championship	English	NTSC-U	N/A	BLUS-30088
BLUS-30089	Assassin's Creed	English / French / German / Italian / Spanish	NTSC-U	N/A	BLUS-30089
BLUS-30090	TimeShift	English	NTSC-U	N/A	BLUS-30090
BLUS-30091	Beowulf: The Game	English / French / German / Italian / Spanish	NTSC-U	N/A	BLUS-30091
BLUS-30092	Devil May Cry 4	English / French / German / Italian / Japanese / Spanish	NTSC-U	N/A	BLUS-30092
BLUS-30093	Time Crisis 4	English	NTSC-U	N/A	BLUS-30093
BLUS-30094	Haze	English / French / Spanish	NTSC-U	N/A	BLUS-30094
BLUS-30097	MX vs. ATV Untamed	English	NTSC-U	N/A	BLUS-30097
BLUS-30098	NCAA March Madness 08	English	NTSC-U	N/A	BLUS-30098
BLUS-30099	FIFA Street 3	English / French / German / Italian / Spanish	NTSC-U	N/A	BLUS-30099
BLUS-30100	NFL Tour	English	NTSC-U	N/A	BLUS-30100
BLUS-30101	BlackSite: Area 51	English	NTSC-U	N/A	BLUS-30101
BLUS-30102	Kane & Lynch: Dead Men	English / French / German / Italian / Spanish	NTSC-U	N/A	BLUS-30102
BLUS-30103	The History Channel: Battle for the Pacific	English	NTSC-U	N/A	BLUS-30103
BLUS-30104	Turok	English / French / German / Italian / Spanish	NTSC-U	N/A	BLUS-30104
BLUS-30105	Soldier of Fortune: Payback	English	NTSC-U	N/A	BLUS-30105
BLUS-30106	The Elder Scrolls IV: Shivering Isles	English	NTSC-U	N/A	BLUS-30106
BLUS-30107	Conflict: Denied Ops	English / French / Italian / Spanish	NTSC-U	N/A	BLUS-30107
BLUS-30108	The Club	English / French / Italian / Spanish	NTSC-U	N/A	BLUS-30108
BLUS-30109	Metal Gear Solid 4: Guns of the Patriots	English / French / German / Italian / Spanish	NTSC-U	N/A	BLUS-30109
BLUS-30110	Dynasty Warriors 6	English	NTSC-U	N/A	BLUS-30110
BLUS-30111	PES 2008: Pro Evolution Soccer	English / French / Spanish	NTSC-U	N/A	BLUS-30111
BLUS-30112	Karaoke Revolution Presents: American Idol Encore	English	NTSC-U	N/A	BLUS-30112
BLUS-30113	Lost Planet: Extreme Condition	English / French / German / Italian / Japanese / Korean / Spanish	NTSC-U	N/A	BLUS-30113
BLUS-30114	UEFA Euro 2008: Austria-Switzerland	English / French	NTSC-U	N/A	BLUS-30114
BLUS-30115	Condemned 2: Bloodshot	English / French / Italian / Spanish	NTSC-U	N/A	BLUS-30115
BLUS-30116	Dark Sector	English / French / Spanish	NTSC-U	N/A	BLUS-30116
BLUS-30117	Dragon Ball Z: Burst Limit	English	NTSC-U	N/A	BLUS-30117
BLUS-30118	Battlefield: Bad Company	English / French	NTSC-U	N/A	BLUS-30118
BLUS-30119	Turning Point: Fall of Liberty	English / Italian / Spanish	NTSC-U	N/A	BLUS-30119
BLUS-30120	Lost: Via Domus	English / French / German / Italian / Spanish	NTSC-U	N/A	BLUS-30120
BLUS-30121	Battlefield: Bad Company	N/A	NTSC-U	N/A	BLUS-30121
BLUS-30122	Major League Baseball 2K8	English	NTSC-U	N/A	BLUS-30122
BLUS-30123	Sega Superstars Tennis	English / French / German / Italian / Spanish	NTSC-U	N/A	BLUS-30123
BLUS-30125	Tom Clancy's Rainbow Six: Vegas 2	English / French / German / Italian / Spanish	NTSC-U	N/A	BLUS-30125
BLUS-30126	Vampire Rain: Altered Species	N/A	NTSC-U	N/A	BLUS-30126
BLUS-30127	Grand Theft Auto IV	English / French / German / Italian / Spanish	NTSC-U	N/A	BLUS-30127
BLUS-30128	NFL Head Coach 09	English	NTSC-U	N/A	BLUS-30128
BLUS-30129	Viking: Battle for Asgard	English / French / German / Italian / Spanish	NTSC-U	N/A	BLUS-30129
BLUS-30130	Sid Meier's Civilization Revolution	English / French / German / Italian / Spanish	NTSC-U	N/A	BLUS-30130
BLUS-30131	Tom Clancy's Rainbow Six: Vegas 2	English / French / German / Italian / Spanish	NTSC-U	N/A	BLUS-30131
BLUS-30132	Enemy Territory: Quake Wars	English / French	NTSC-U	N/A	BLUS-30132
BLUS-30133	Guitar Hero: Aerosmith	English / French	NTSC-U	N/A	BLUS-30133
BLUS-30134	Iron Man	English / French / German / Italian / Spanish	NTSC-U	N/A	BLUS-30134
BLUS-30135	NBA Ballers: Chosen One	English	NTSC-U	N/A	BLUS-30135
BLUS-30136	DreamWorks Kung Fu Panda	English / French	NTSC-U	N/A	BLUS-30136
BLUS-30137	Robert Ludlum's The Bourne Conspiracy	English / French / German / Italian / Spanish	NTSC-U	N/A	BLUS-30137
BLUS-30138	The Chronicles of Narnia: Prince Caspian	English	NTSC-U	N/A	BLUS-30138
BLUS-30139	NASCAR 09	English	NTSC-U	N/A	BLUS-30139
BLUS-30140	Monster Madness: Grave Danger	English / French / German / Italian / Spanish	NTSC-U	N/A	BLUS-30140
BLUS-30141	LEGO Indiana Jones: The Original Adventures	English / French / Spanish	NTSC-U	N/A	BLUS-30141
BLUS-30142	Grid	English / French / German / Italian / Spanish	NTSC-U	N/A	BLUS-30142
BLUS-30143	Overlord: Raising Hell	English / French / German / Italian / Spanish	NTSC-U	N/A	BLUS-30143
BLUS-30144	Star Wars: The Force Unleashed	English / French / German / Italian / Spanish	NTSC-U	N/A	BLUS-30144
BLUS-30145	Prototype	English / French	NTSC-U	N/A	BLUS-30145
BLUS-30146	Madden NFL 09	English	NTSC-U	N/A	BLUS-30146
BLUS-30147	Rock Band 2	English	NTSC-U	N/A	BLUS-30147
BLUS-30150	Madden NFL 09	English	NTSC-U	N/A	BLUS-30150
BLUS-30151	Disney/Pixar WALL-E	English / French	NTSC-U	N/A	BLUS-30151
BLUS-30152	The Incredible Hulk	English / French	NTSC-U	N/A	BLUS-30152
BLUS-30153	Hail to the Chimp	English	NTSC-U	N/A	BLUS-30153
BLUS-30154	Beijing 2008	English	NTSC-U	N/A	BLUS-30154
BLUS-30155	NCAA Football 09	English	NTSC-U	N/A	BLUS-30155
BLUS-30156	The Chronicles of Riddick: Assault on Dark Athena	English / French / German / Italian / Spanish	NTSC-U	N/A	BLUS-30156
BLUS-30157	Top Spin 3	English / French / Spanish	NTSC-U	N/A	BLUS-30157
BLUS-30158	FaceBreaker	English / French	NTSC-U	N/A	BLUS-30158
BLUS-30159	Tiger Woods PGA Tour 09	English	NTSC-U	N/A	BLUS-30159
BLUS-30160	Soulcalibur IV	English / French / German / Italian / Japanese / Spanish	NTSC-U	N/A	BLUS-30160
BLUS-30161	Eternal Sonata	English / French	NTSC-U	N/A	BLUS-30161
BLUS-30162	Ferrari Challenge: Trofeo Pirelli	English / French	NTSC-U	N/A	BLUS-30162
BLUS-30164	Guitar Hero World Tour	English / French	NTSC-U	N/A	BLUS-30164
BLUS-30165	Brothers in Arms: Hell's Highway	English / French / Italian / Spanish	NTSC-U	N/A	BLUS-30165
BLUS-30166	BioShock	English / French / Spanish	NTSC-U	N/A	BLUS-30166
BLUS-30168	NHL 09	English / French	NTSC-U	N/A	BLUS-30168
BLUS-30169	Silent Hill: Homecoming	English / French / German / Italian / Spanish	NTSC-U	N/A	BLUS-30169
BLUS-30170	Madden NFL 09 en Español	Spanish	NTSC-U	N/A	BLUS-30170
BLUS-30173	NBA Live 09	English / French	NTSC-U	N/A	BLUS-30173
BLUS-30174	TNA Impact! Total Nonstop Action Wrestling	English / French	NTSC-U	N/A	BLUS-30174
BLUS-30175	LEGO Batman: The Videogame	English / French / Spanish	NTSC-U	N/A	BLUS-30175
BLUS-30176	FIFA 09	English / French / Spanish	NTSC-U	N/A	BLUS-30176
BLUS-30177	Dead Space	English / French / Spanish	NTSC-U	N/A	BLUS-30177
BLUS-30178	Far Cry 2	English / French / German / Italian / Spanish	NTSC-U	N/A	BLUS-30178
BLUS-30179	Mirror's Edge	English / French / Spanish	NTSC-U	N/A	BLUS-30179
BLUS-30180	Tom Clancy's EndWar	English / French / German / Italian / Spanish	NTSC-U	N/A	BLUS-30180
BLUS-30181	Disgaea 3: Absence of Justice	English	NTSC-U	N/A	BLUS-30181
BLUS-30182	Pure	English / French / Spanish	NTSC-U	N/A	BLUS-30182
BLUS-30184	Fracture	English / French / German / Italian / Japanese / Korean / Spanish	NTSC-U	N/A	BLUS-30184
BLUS-30185	Fallout 3	English	NTSC-U	N/A	BLUS-30185
BLUS-30186	Tom Clancy's H.A.W.X	English / French / German / Italian / Spanish	NTSC-U	N/A	BLUS-30186
BLUS-30187	Armored Core: For Answer	English / French / Spanish	NTSC-U	N/A	BLUS-30187
BLUS-30188	NHL 2K9	English / French / German / Italian / Spanish	NTSC-U	N/A	BLUS-30188
BLUS-30189	PES 2009: Pro Evolution Soccer	English / French / Portuguese / Spanish	NTSC-U	N/A	BLUS-30189
BLUS-30190	Midnight Club: Los Angeles	English / French / German / Italian / Spanish	NTSC-U	N/A	BLUS-30190
BLUS-30191	Baja: Edge of Control	English	NTSC-U	N/A	BLUS-30191
BLUS-30192	Call of Duty: World at War	English / French	NTSC-U	N/A	BLUS-30192
BLUS-30194	WWE SmackDown vs. Raw 2009	English / French	NTSC-U	N/A	BLUS-30194
BLUS-30195	Rock Band: Track Pack Volume 2	English	NTSC-U	N/A	BLUS-30195
BLUS-30196	Valkyria Chronicles	English	NTSC-U	N/A	BLUS-30196
BLUS-30197	NBA 2K9	English / French / German / Italian / Spanish	NTSC-U	N/A	BLUS-30197
BLUS-30198	007: Quantum of Solace	English / French	NTSC-U	N/A	BLUS-30198
BLUS-30199	007: Quantum of Solace	English / French	NTSC-U	N/A	BLUS-30199
BLUS-30200	Naruto: Ultimate Ninja Storm	English / French	NTSC-U	N/A	BLUS-30200
BLUS-30201	Saints Row 2	English / French	NTSC-U	N/A	BLUS-30201
BLUS-30203	Blitz: The League II	English	NTSC-U	N/A	BLUS-30203
BLUS-30204	Disney Sing It	English / French / Spanish	NTSC-U	N/A	BLUS-30204
BLUS-30205	The Legend of Spyro: Dawn of the Dragon	Danish / Dutch / English / Finnish / French / German / Italian / Norwegian / Spanish / Swedish	NTSC-U	N/A	BLUS-30205
BLUS-30209	Golden Axe: Beast Rider	English / French / Italian / Spanish	NTSC-U	N/A	BLUS-30209
BLUS-30210	Legendary	English	NTSC-U	N/A	BLUS-30210
BLUS-30211	History Civil War: Secret Missions	English	NTSC-U	N/A	BLUS-30211
BLUS-30212	Rock Revolution	English / French / Spanish	NTSC-U	N/A	BLUS-30212
BLUS-30213	Monopoly	English / French	NTSC-U	N/A	BLUS-30213
BLUS-30214	Prince of Persia	Dutch / English / French / German / Italian / Spanish	NTSC-U	N/A	BLUS-30214
BLUS-30215	Karaoke Revolution Presents: American Idol Encore 2	English / French / Spanish	NTSC-U	N/A	BLUS-30215
BLUS-30218	Spider-Man: Web of Shadows	English / French	NTSC-U	N/A	BLUS-30218
BLUS-30219	DreamWorks Madagascar: Escape 2 Africa	English / French	NTSC-U	N/A	BLUS-30219
BLUS-30220	MotoGP 08	English / Spanish	NTSC-U	N/A	BLUS-30220
BLUS-30221	Cabela's Dangerous Hunts 2009	English	NTSC-U	N/A	BLUS-30221
BLUS-30223	Shaun White Snowboarding	English / French / German / Italian / Spanish	NTSC-U	N/A	BLUS-30223
BLUS-30224	Tomb Raider: Underworld	Dutch / English / French / German / Italian / Spanish	NTSC-U	N/A	BLUS-30224
BLUS-30225	ShellShock 2: Blood Trails	English	NTSC-U	N/A	BLUS-30225
BLUS-30226	The Lord of the Rings: Conquest	English / French / Spanish	NTSC-U	N/A	BLUS-30226
BLUS-30228	Rise of the Argonauts	English / French / German / Italian / Spanish	NTSC-U	N/A	BLUS-30228
BLUS-30229	Walt Disney Pictures Bolt	English / French / Spanish	NTSC-U	N/A	BLUS-30229
BLUS-30230	Score International Baja 1000: The Official Game	English	NTSC-U	N/A	BLUS-30230
BLUS-30231	NCAA Basketball 09	English	NTSC-U	N/A	BLUS-30231
BLUS-30232	Alone in the Dark: Inferno	English / French / German / Italian / Spanish	NTSC-U	N/A	BLUS-30232
BLUS-30233	Shaun White Snowboarding	English / French / German / Italian / Spanish	NTSC-U	N/A	BLUS-30233
BLUS-30234	Fallout 3	English / French	NTSC-U	N/A	BLUS-30234
BLUS-30235	AC/DC Live: Rock Band Track Pack	English	NTSC-U	N/A	BLUS-30235
BLUS-30236	SBK: Superbike World Championship	English	NTSC-U	N/A	BLUS-30236
BLUS-30241	X-Blades	English / French / Spanish	NTSC-U	N/A	BLUS-30241
BLUS-30242	Harry Potter and the Half-Blood Prince	English / French / Spanish	NTSC-U	N/A	BLUS-30242
BLUS-30244	Sonic Unleashed	English / French / German / Italian / Japanese / Spanish	NTSC-U	N/A	BLUS-30244
BLUS-30246	Mortal Kombat vs. DC Universe	English / French / German / Italian / Spanish	NTSC-U	N/A	BLUS-30246
BLUS-30248	Need for Speed: Undercover	English / French / Spanish	NTSC-U	N/A	BLUS-30248
BLUS-30251	F.E.A.R. 2: Project Origin	English / French / German / Italian / Spanish	NTSC-U	N/A	BLUS-30251
BLUS-30253	Skate 2	English / French	NTSC-U	N/A	BLUS-30253
BLUS-30254	NPPL Championship Paintball 2009	English	NTSC-U	N/A	BLUS-30254
BLUS-30255	Bionic Commando	English / French / German / Italian / Japanese / Korean / Spanish	NTSC-U	N/A	BLUS-30255
BLUS-30256	50 Cent: Blood on the Sand	English / French	NTSC-U	N/A	BLUS-30256
BLUS-30257	Guitar Hero: Metallica	English / French	NTSC-U	N/A	BLUS-30257
BLUS-30258	Red Faction: Guerrilla	English / French	NTSC-U	N/A	BLUS-30258
BLUS-30259	Sonic's Ultimate Genesis Collection	English / French / Spanish	NTSC-U	N/A	BLUS-30259
BLUS-30261	The Godfather II	English / French / Spanish	NTSC-U	N/A	BLUS-30261
BLUS-30262	Wheelman	English / French / German / Italian / Spanish	NTSC-U	N/A	BLUS-30262
BLUS-30264	Afro Samurai	English / French	NTSC-U	N/A	BLUS-30264
BLUS-30265	Street Fighter IV	English / French / German / Italian / Japanese / Korean / Spanish	NTSC-U	N/A	BLUS-30265
BLUS-30266	MLB Front Office Manager	English	NTSC-U	N/A	BLUS-30266
BLUS-30267	Eat Lead: The Return of Matt Hazard	English / French / German / Italian / Spanish	NTSC-U	N/A	BLUS-30267
BLUS-30268	X-Men Origins: Wolverine: Uncaged Edition	English / French	NTSC-U	N/A	BLUS-30268
BLUS-30269	WWE Legends of WrestleMania	English / French	NTSC-U	N/A	BLUS-30269
BLUS-30270	Resident Evil 5	English / French / German / Italian / Japanese / Spanish	NTSC-U	N/A	BLUS-30270
BLUS-30271	Trivial Pursuit	English / French	NTSC-U	N/A	BLUS-30271
BLUS-30272	Ski-Doo Snowmobile Challenge	English / French	NTSC-U	N/A	BLUS-30272
BLUS-30273	DreamWorks Monsters vs. Aliens	English / French	NTSC-U	N/A	BLUS-30273
BLUS-30274	Disney Sing It: High School Musical 3: Senior Year	English / French / Spanish	NTSC-U	N/A	BLUS-30274
BLUS-30275	Wanted: Weapons of Fate	English / French / German / Italian / Spanish	NTSC-U	N/A	BLUS-30275
BLUS-30276	Major League Baseball 2K9	English	NTSC-U	N/A	BLUS-30276
BLUS-30278	Dead to Rights: Retribution	English / French / Italian / Spanish	NTSC-U	N/A	BLUS-30278
BLUS-30279	Batman: Arkham Asylum	English / French / German / Italian / Spanish	NTSC-U	N/A	BLUS-30279
BLUS-30280	The Bigs 2	English	NTSC-U	N/A	BLUS-30280
BLUS-30281	Mafia II	N/A	NTSC-U	N/A	BLUS-30281
BLUS-30282	The Beatles: Rock Band	English / French / German / Italian / Spanish	NTSC-U	N/A	BLUS-30282
BLUS-30283	Command & Conquer: Red Alert 3: Ultimate Edition	English / French	NTSC-U	N/A	BLUS-30283
BLUS-30284	Mini Ninjas	Dutch / English / French / German / Italian / Spanish	NTSC-U	N/A	BLUS-30284
BLUS-30285	Fight Night Round 4	English / French	NTSC-U	N/A	BLUS-30285
BLUS-30286	Tiger Woods PGA Tour 10	English	NTSC-U	N/A	BLUS-30286
BLUS-30288	Dynasty Warriors: Gundam 2	English / French	NTSC-U	N/A	BLUS-30288
BLUS-30289	007: Blood Stone	English / French	NTSC-U	N/A	BLUS-30289
BLUS-30290	Guitar Hero: Smash Hits	English / French	NTSC-U	N/A	BLUS-30290
BLUS-30291	Guitar Hero: Van Halen	English / French	NTSC-U	N/A	BLUS-30291
BLUS-30292	Guitar Hero 5	English / French	NTSC-U	N/A	BLUS-30292
BLUS-30293	Ice Age: Dawn of the Dinosaurs	English / French	NTSC-U	N/A	BLUS-30293
BLUS-30294	Marvel: Ultimate Alliance 2	English	NTSC-U	N/A	BLUS-30294
BLUS-30295	Blur	English / French	NTSC-U	N/A	BLUS-30295
BLUS-30296	Singularity	English / French	NTSC-U	N/A	BLUS-30296
BLUS-30297	Transformers: Revenge of the Fallen	English / French	NTSC-U	N/A	BLUS-30297
BLUS-30298	Wolfenstein	English / French	NTSC-U	N/A	BLUS-30298
BLUS-30299	UFC 2009 Undisputed	English / French	NTSC-U	N/A	BLUS-30299
BLUS-30300	Split/Second	English / French / Spanish	NTSC-U	N/A	BLUS-30300
BLUS-30303	Shaun White Skateboarding	English / French / Spanish	NTSC-U	N/A	BLUS-30303
BLUS-30304	Damnation	English / French / German / Italian / Spanish	NTSC-U	N/A	BLUS-30304
BLUS-30305	Disney/Pixar Up	English / French	NTSC-U	N/A	BLUS-30305
BLUS-30306	Dynasty Warriors 6: Empires	English / French	NTSC-U	N/A	BLUS-30306
BLUS-30307	Ghostbusters: The Video Game	Dutch / English / French / German / Italian / Spanish	NTSC-U	N/A	BLUS-30307
BLUS-30308	Heroes over Europe	English / French / German / Italian / Spanish	NTSC-U	N/A	BLUS-30308
BLUS-30310	Brink	English / French / Spanish	NTSC-U	N/A	BLUS-30310
BLUS-30311	Rogue Warrior	English / French / Spanish	NTSC-U	N/A	BLUS-30311
BLUS-30312	Sacred 2: Fallen Angel	English / French / German / Italian / Spanish	NTSC-U	N/A	BLUS-30312
BLUS-30313	DiRT 2	English / French / Spanish	NTSC-U	N/A	BLUS-30313
BLUS-30314	Fuel	English / French / Spanish	NTSC-U	N/A	BLUS-30314
BLUS-30316	Operation Flashpoint: Dragon Rising	English / French / Spanish	NTSC-U	N/A	BLUS-30316
BLUS-30317	Overlord II	English / French / German / Italian / Spanish	NTSC-U	N/A	BLUS-30317
BLUS-30318	Terminator Salvation	Dutch / English / French / German / Italian / Portuguese / Spanish	NTSC-U	N/A	BLUS-30318
BLUS-30319	Disney/Pixar Cars: Race-O-Rama	English / French	NTSC-U	N/A	BLUS-30319
BLUS-30320	Darksiders	English / French / Spanish	NTSC-U	N/A	BLUS-30320
BLUS-30321	MX vs. ATV Reflex	English / French	NTSC-U	N/A	BLUS-30321
BLUS-30323	Dark Void	English / French / German / Italian / Spanish	NTSC-U	N/A	BLUS-30323
BLUS-30324	Ride to Hell: Retribution	English / French / German / Italian / Spanish	NTSC-U	N/A	BLUS-30324
BLUS-30325	Tony Hawk: Ride	English	NTSC-U	N/A	BLUS-30325
BLUS-30326	G.I. Joe: The Rise of Cobra	English / French / Spanish	NTSC-U	N/A	BLUS-30326
BLUS-30327	Rock Band Track Pack: Classic Rock	N/A	NTSC-U	N/A	BLUS-30327
BLUS-30328	Stormrise	English / French / Italian / Spanish	NTSC-U	N/A	BLUS-30328
BLUS-30329	Quantum Theory	English / French	NTSC-U	N/A	BLUS-30329
BLUS-30330	Brütal Legend	English / French / German / Italian / Spanish	NTSC-U	N/A	BLUS-30330
BLUS-30331	Leisure Suit Larry: Box Office Bust	English / French / German / Italian / Spanish	NTSC-U	N/A	BLUS-30331
BLUS-30333	JASF: Jane's Advanced Strike Fighters	English / French / German / Italian / Spanish	NTSC-U	N/A	BLUS-30333
BLUS-30334	Backbreaker	English	NTSC-U	N/A	BLUS-30334
BLUS-30335	Splatterhouse	English / French / Spanish	NTSC-U	N/A	BLUS-30335
BLUS-30336	Katamari Forever	English / French / Spanish	NTSC-U	N/A	BLUS-30336
BLUS-30339	Castlevania: Lords of Shadow	English / French / German / Italian / Spanish	NTSC-U	N/A	BLUS-30339
BLUS-30340	Aliens vs. Predator	English / French / German / Italian / Spanish	NTSC-U	N/A	BLUS-30340
BLUS-30341	Alpha Protocol	English / French / German / Italian / Spanish	NTSC-U	N/A	BLUS-30341
BLUS-30342	Sonic & Sega All-Stars Racing	English / French / Spanish	NTSC-U	N/A	BLUS-30342
BLUS-30343	Virtua Tennis 2009	English / French / Spanish	NTSC-U	N/A	BLUS-30343
BLUS-30344	Vancouver 2010	English / French / Spanish	NTSC-U	N/A	BLUS-30344
BLUS-30345	NHL 10	English / French	NTSC-U	N/A	BLUS-30345
BLUS-30347	Call of Juarez: Bound in Blood	English / French / Spanish	NTSC-U	N/A	BLUS-30347
BLUS-30348	Cross Edge	English	NTSC-U	N/A	BLUS-30348
BLUS-30350	Green Day: Rock Band	English / French / German / Italian / Spanish	NTSC-U	N/A	BLUS-30350
BLUS-30351	Rock Band: Country Track Pack	English	NTSC-U	N/A	BLUS-30351
BLUS-30352	Rock Band: Metal Track Pack	English	NTSC-U	N/A	BLUS-30352
BLUS-30353	The King of Fighters XII	English / French / German / Italian / Japanese / Spanish	NTSC-U	N/A	BLUS-30353
BLUS-30354	Disney G-Force	English / French / Spanish	NTSC-U	N/A	BLUS-30354
BLUS-30355	NCAA Football 10	English	NTSC-U	N/A	BLUS-30355
BLUS-30356	Bakugan: Battle Brawlers	English / French	NTSC-U	N/A	BLUS-30356
BLUS-30357	Transformers: War for Cybertron	English / French	NTSC-U	N/A	BLUS-30357
BLUS-30358	Saw	English / French / Spanish	NTSC-U	N/A	BLUS-30358
BLUS-30359	Tekken 6	English / French / German / Italian / Japanese / Korean / Russian / Spanish	NTSC-U	N/A	BLUS-30359
BLUS-30360	Inversion	English / French / German / Italian / Spanish	NTSC-U	N/A	BLUS-30360
BLUS-30363	Cloudy with a Chance of Meatballs	English / French / Spanish	NTSC-U	N/A	BLUS-30363
BLUS-30364	Assassin's Creed II	English / French / Italian / Spanish	NTSC-U	N/A	BLUS-30364
BLUS-30365	Hannah Montana: The Movie	English	NTSC-U	N/A	BLUS-30365
BLUS-30366	Planet 51: The Game	English / French / Spanish	NTSC-U	N/A	BLUS-30366
BLUS-30367	Bayonetta	English / French / German / Italian / Japanese / Spanish	NTSC-U	N/A	BLUS-30367
BLUS-30368	DJ Hero	English / French	NTSC-U	N/A	BLUS-30368
BLUS-30369	MotoGP 09/10	English / French / German / Italian / Spanish	NTSC-U	N/A	BLUS-30369
BLUS-30371	Tornado Outbreak	English / French / Spanish	NTSC-U	N/A	BLUS-30371
BLUS-30372	Band Hero	English / French	NTSC-U	N/A	BLUS-30372
BLUS-30374	James Cameron's Avatar: The Game	English / French / Spanish	NTSC-U	N/A	BLUS-30374
BLUS-30375	Madden NFL 10	English	NTSC-U	N/A	BLUS-30375
BLUS-30376	Watchmen: The End Is Nigh: Parts 1 and 2	English / French / German / Italian / Spanish	NTSC-U	N/A	BLUS-30376
BLUS-30377	Call of Duty: Modern Warfare 2	English	NTSC-U	N/A	BLUS-30377
BLUS-30378	Karaoke Revolution	English / French / Portuguese / Spanish	NTSC-U	N/A	BLUS-30378
BLUS-30379	F1 2010	English / French / German / Italian / Spanish	NTSC-U	N/A	BLUS-30379
BLUS-30380	Ninja Gaiden Sigma 2	English / French / German / Italian / Japanese / Spanish	NTSC-U	N/A	BLUS-30380
BLUS-30382	LEGO Rock Band	English / French / Spanish	NTSC-U	N/A	BLUS-30382
BLUS-30383	Kane & Lynch 2: Dog Days	English / French / Spanish	NTSC-U	N/A	BLUS-30383
BLUS-30385	FIFA Soccer 10	English / French / Spanish	NTSC-U	N/A	BLUS-30385
BLUS-30386	Borderlands	English / French / German / Italian / Spanish	NTSC-U	N/A	BLUS-30386
BLUS-30387	Pinball Hall of Fame: The Williams Collection	English	NTSC-U	N/A	BLUS-30387
BLUS-30388	DreamWorks Madagascar Kartz	English / French	NTSC-U	N/A	BLUS-30388
BLUS-30389	Chaotic: Shadow Warriors	English / French	NTSC-U	N/A	BLUS-30389
BLUS-30391	Need for Speed: Shift	English / French / Spanish	NTSC-U	N/A	BLUS-30391
BLUS-30392	BlazBlue: Calamity Trigger	Chinese / English / Japanese / Korean	NTSC-U	N/A	BLUS-30392
BLUS-30393	NBA Live 10	English / French	NTSC-U	N/A	BLUS-30393
BLUS-30394	Star Wars: The Clone Wars: Republic Heroes	English / French / Spanish	NTSC-U	N/A	BLUS-30394
BLUS-30395	Front Mission Evolved	English / French / German / Italian / Spanish	NTSC-U	N/A	BLUS-30395
BLUS-30396	Cabela's Big Game Hunter 2010	English	NTSC-U	N/A	BLUS-30396
BLUS-30397	Disney Sing It: Pop Hits	English / French / Spanish	NTSC-U	N/A	BLUS-30397
BLUS-30398	Way of the Samurai 3	English / French / German	NTSC-U	N/A	BLUS-30398
BLUS-30399	Afrika	English	NTSC-U	N/A	BLUS-30399
BLUS-30400	Just Cause 2	English / French / German / Italian / Spanish	NTSC-U	N/A	BLUS-30400
BLUS-30401	Prince of Persia: The Forgotten Sands	English / French / Spanish	NTSC-U	N/A	BLUS-30401
BLUS-30402	NBA 2K10	English / French / German / Italian / Spanish	NTSC-U	N/A	BLUS-30402
BLUS-30403	WET	English / French / Spanish	NTSC-U	N/A	BLUS-30403
BLUS-30404	PES 2010: Pro Evolution Soccer	English / French / Portuguese / Spanish	NTSC-U	N/A	BLUS-30404
BLUS-30405	Dante's Inferno	English / French / Spanish	NTSC-U	N/A	BLUS-30405
BLUS-30406	Hunted: The Demon's Forge	English / French / Spanish	NTSC-U	N/A	BLUS-30406
BLUS-30407	The Saboteur	English / French	NTSC-U	N/A	BLUS-30407
BLUS-30408	Army of Two: The 40th Day	English / French / German / Italian / Spanish	NTSC-U	N/A	BLUS-30408
BLUS-30409	Cabela's Outdoor Adventures	English	NTSC-U	N/A	BLUS-30409
BLUS-30410	Marvel vs. Capcom 3: Fate of Two Worlds	English / French / German / Italian / Japanese / Spanish	NTSC-U	N/A	BLUS-30410
BLUS-30411	Pure Futbol	English / French / Spanish	NTSC-U	N/A	BLUS-30411
BLUS-30412	WWE SmackDown vs. Raw 2010	English / French / Spanish	NTSC-U	N/A	BLUS-30412
BLUS-30415	Dragon Age: Origins	English / French / German / Italian / Spanish	NTSC-U	N/A	BLUS-30415
BLUS-30416	Final Fantasy XIII	English / French / German / Italian / Spanish	NTSC-U	N/A	BLUS-30416
BLUS-30417	Grand Slam Tennis 2	English / French	NTSC-U	N/A	BLUS-30417
BLUS-30418	Red Dead Redemption	English / French / German / Italian / Spanish	NTSC-U	N/A	BLUS-30418
BLUS-30420	BioShock 2	English / French / Spanish	NTSC-U	N/A	BLUS-30420
BLUS-30421	The Lord of the Rings: War in the North	English / French / Portuguese	NTSC-U	N/A	BLUS-30421
BLUS-30424	IL-2 Sturmovik: Birds of Prey	English / French / German / Italian / Spanish	NTSC-U	N/A	BLUS-30424
BLUS-30425	LEGO Indiana Jones 2: The Adventure Continues	English / French / Spanish	NTSC-U	N/A	BLUS-30425
BLUS-30427	Top Spin 4	English / French / German / Italian / Spanish	NTSC-U	N/A	BLUS-30427
BLUS-30428	Catherine	English	NTSC-U	N/A	BLUS-30428
BLUS-30429	Call of Duty: Modern Warfare 2	French	NTSC-U	N/A	BLUS-30429
BLUS-30431	Dragon Ball: Raging Blast	English / French / Spanish	NTSC-U	N/A	BLUS-30431
BLUS-30432	Warhammer 40,000: Space Marine	Dutch / English / French / German / Italian / Polish / Russian / Spanish	NTSC-U	N/A	BLUS-30432
BLUS-30433	Dance Dance Revolution	English / French / Spanish	NTSC-U	N/A	BLUS-30433
BLUS-30434	Lost Planet 2	English / French / German / Italian / Japanese / Korean / Spanish	NTSC-U	N/A	BLUS-30434
BLUS-30435	Jurassic: The Hunted	English	NTSC-U	N/A	BLUS-30435
BLUS-30436	Medal of Honor	English / French	NTSC-U	N/A	BLUS-30436
BLUS-30437	LEGO Harry Potter: Years 1-4	Danish / English / French / German / Italian / Spanish	NTSC-U	N/A	BLUS-30437
BLUS-30438	NHL 2K10	English / French	NTSC-U	N/A	BLUS-30438
BLUS-30439	Dead Rising 2	English / French / Italian / Japanese / Korean / Spanish	NTSC-U	N/A	BLUS-30439
BLUS-30441	Where the Wild Things Are	English / French / Spanish	NTSC-U	N/A	BLUS-30441
BLUS-30442	Midnight Club: Los Angeles: Complete Edition	English / French / German / Italian / Spanish	NTSC-U	N/A	BLUS-30442
BLUS-30443	Demon's Souls	English	NTSC-U	N/A	BLUS-30443
BLUS-30444	NCAA Basketball 10	English	NTSC-U	N/A	BLUS-30444
BLUS-30445	Star Wars: The Force Unleashed: Ultimate Sith Edition	English / French / German / Italian / Spanish	NTSC-U	N/A	BLUS-30445
BLUS-30447	Scene It? Bright Lights! Big Screen!	English	NTSC-U	N/A	BLUS-30447
BLUS-30448	Scene It? Bright Lights! Big Screen!	French	NTSC-U	N/A	BLUS-30448
BLUS-30450	Call of Duty: Modern Warfare 2	English	NTSC-U	N/A	BLUS-30450
BLUS-30451	Fallout 3: Game of the Year Edition	English	NTSC-U	N/A	BLUS-30451
BLUS-30453	Super Street Fighter IV	English / French / German / Italian / Japanese / Korean / Spanish	NTSC-U	N/A	BLUS-30453
BLUS-30455	Fallout 3: Game of the Year Edition	English / French	NTSC-U	N/A	BLUS-30455
BLUS-30456	Fairytale Fights	English / French / German / Italian / Spanish	NTSC-U	N/A	BLUS-30456
BLUS-30457	Disney TRON: Evolution	English / French / Spanish	NTSC-U	N/A	BLUS-30457
BLUS-30458	Battlefield: Bad Company 2	English / French	NTSC-U	N/A	BLUS-30458
BLUS-30460	Guitar Hero: Van Halen	English / French	NTSC-U	N/A	BLUS-30460
BLUS-30461	DreamWorks How to Train Your Dragon	English / French	NTSC-U	N/A	BLUS-30461
BLUS-30462	Star Ocean: The Last Hope International	English / French / German / Italian / Japanese / Spanish	NTSC-U	N/A	BLUS-30462
BLUS-30463	Rock Band 3	N/A	NTSC-U	N/A	BLUS-30463
BLUS-30464	Skate 3	English / French / Spanish	NTSC-U	N/A	BLUS-30464
BLUS-30465	Atelier Rorona: The Alchemist of Arland	English	NTSC-U	N/A	BLUS-30465
BLUS-30466	El Shaddai: Ascension of the Metatron	English / French / German / Italian / Japanese / Spanish	NTSC-U	N/A	BLUS-30466
BLUS-30467	Prison Break: The Conspiracy	English / French / Spanish	NTSC-U	N/A	BLUS-30467
BLUS-30469	Legend of the Guardians: The Owls of Ga'Hoole	Dutch / English / French / German / Italian / Portuguese / Spanish	NTSC-U	N/A	BLUS-30469
BLUS-30471	Dynasty Warriors: Strikeforce	English / French	NTSC-U	N/A	BLUS-30471
BLUS-30472	Majin and the Forsaken Kingdom	English / French / Spanish	NTSC-U	N/A	BLUS-30472
BLUS-30474	2010 FIFA World Cup South Africa	English / French / Spanish	NTSC-U	N/A	BLUS-30474
BLUS-30476	Deus Ex: Human Revolution	English / French / Spanish	NTSC-U	N/A	BLUS-30476
BLUS-30478	R.U.S.E.: The Art of Deception	English / French / Spanish	NTSC-U	N/A	BLUS-30478
BLUS-30480	Disney/Pixar Toy Story 3	English / French / Spanish	NTSC-U	N/A	BLUS-30480
BLUS-30481	Nier	English / French / German	NTSC-U	N/A	BLUS-30481
BLUS-30483	UFC Undisputed 2010	English / French	NTSC-U	N/A	BLUS-30483
BLUS-30484	Resonance of Fate	English / French / German / Italian / Japanese / Spanish	NTSC-U	N/A	BLUS-30484
BLUS-30485	Rage	English / French / Spanish	NTSC-U	N/A	BLUS-30485
BLUS-30487	Guitar Hero: Warriors of Rock	English / French	NTSC-U	N/A	BLUS-30487
BLUS-30488	Tom Clancy's H.A.W.X. 2	N/A	NTSC-U	N/A	BLUS-30488
BLUS-30489	Tiger Woods PGA Tour 11	English	NTSC-U	N/A	BLUS-30489
BLUS-30490	3D Dot Game Heroes	English	NTSC-U	N/A	BLUS-30490
BLUS-30491	Resident Evil 5: Gold Edition	English / French / German / Italian / Japanese / Spanish	NTSC-U	N/A	BLUS-30491
BLUS-30492	Sengoku Basara: Samurai Heroes	English / French / German / Italian / Spanish	NTSC-U	N/A	BLUS-30492
BLUS-30494	Yakuza 3	English	NTSC-U	N/A	BLUS-30494
BLUS-30495	Naruto Shippuden: Ultimate Ninja Storm 2	English / French / Spanish	NTSC-U	N/A	BLUS-30495
BLUS-30496	DreamWorks Shrek Forever After	English / French	NTSC-U	N/A	BLUS-30496
BLUS-30499	Spider-Man: Shattered Dimensions	English / French	NTSC-U	N/A	BLUS-30499
BLUS-30500	Fallout: New Vegas	English	NTSC-U	N/A	BLUS-30500
BLUS-30501	Dishonored	English / French / Spanish	NTSC-U	N/A	BLUS-30501
BLUS-30502	Warriors: Legends of Troy	English / French	NTSC-U	N/A	BLUS-30502
BLUS-30503	Trinity: Souls of Zill O'll	English	NTSC-U	N/A	BLUS-30503
BLUS-30504	Fist of the North Star: Ken's Rage	English	NTSC-U	N/A	BLUS-30504
BLUS-30505	Clash of the Titans: The Videogame	English / French / Spanish	NTSC-U	N/A	BLUS-30505
BLUS-30506	Major League Baseball 2K10	English	NTSC-U	N/A	BLUS-30506
BLUS-30507	Naughty Bear	English / French / Spanish	NTSC-U	N/A	BLUS-30507
BLUS-30508	Disney Sing It: Family Hits	English / French / Spanish	NTSC-U	N/A	BLUS-30508
BLUS-30509	Dragon Age: Origins: Awakening	English / French / German / Italian / Spanish	NTSC-U	N/A	BLUS-30509
BLUS-30510	Dungeon Siege III	English / French / Spanish	NTSC-U	N/A	BLUS-30510
BLUS-30511	F.E.A.R. 3	English / French / German / Italian / Japanese / Korean / Polish / Portuguese / Russian / Spanish	NTSC-U	N/A	BLUS-30511
BLUS-30512	Last Rebellion	English	NTSC-U	N/A	BLUS-30512
BLUS-30513	Little League World Series Baseball 2010	English	NTSC-U	N/A	BLUS-30513
BLUS-30514	Iron Man 2	English / French / German / Italian / Spanish	NTSC-U	N/A	BLUS-30514
BLUS-30515	Batman: Arkham Asylum: Game of the Year Edition	English / French / German / Italian / Spanish	NTSC-U	N/A	BLUS-30515
BLUS-30516	Armored Core V	English / French / Spanish	NTSC-U	N/A	BLUS-30516
BLUS-30517	Battlefield: Bad Company 2	English / French	NTSC-U	N/A	BLUS-30517
BLUS-30518	DreamWorks Megamind: Ultimate Showdown	English / French / Spanish	NTSC-U	N/A	BLUS-30518
BLUS-30519	SBK 09: Superbike World Championship	English / French	NTSC-U	N/A	BLUS-30519
BLUS-30520	MySims SkyHeroes	Dutch / English / French / German / Italian / Spanish	NTSC-U	N/A	BLUS-30520
BLUS-30521	Tom Clancy's Ghost Recon: Future Soldier	Dutch / English / French / German / Italian / Portuguese / Spanish	NTSC-U	N/A	BLUS-30521
BLUS-30522	Mortal Kombat	English / French / German / Italian / Portuguese / Spanish	NTSC-U	N/A	BLUS-30522
BLUS-30524	Grand Theft Auto: Episodes from Liberty City	English / French / German / Italian / Spanish	NTSC-U	N/A	BLUS-30524
BLUS-30525	Marvel Super Hero Squad: The Infinity Gauntlet	English / French	NTSC-U	N/A	BLUS-30525
BLUS-30526	DJ Hero 2	English / French / Spanish	NTSC-U	N/A	BLUS-30526
BLUS-30527	Test Drive Unlimited 2	English / French / German / Italian / Spanish	NTSC-U	N/A	BLUS-30527
BLUS-30528	Time Crisis: Razing Storm	English / French / German / Italian / Japanese / Spanish	NTSC-U	N/A	BLUS-30528
BLUS-30529	Virtua Tennis 4	English / French / German / Italian / Spanish	NTSC-U	N/A	BLUS-30529
BLUS-30530	Homefront	English / French / Spanish	NTSC-U	N/A	BLUS-30530
BLUS-30531	Spec Ops: The Line	English / French / Spanish	NTSC-U	N/A	BLUS-30531
BLUS-30532	Brunswick Pro Bowling	English	NTSC-U	N/A	BLUS-30532
BLUS-30533	Monopoly Streets	English / French / Spanish	NTSC-U	N/A	BLUS-30533
BLUS-30534	Star Wars: The Force Unleashed II	English / French / German / Italian / Spanish	NTSC-U	N/A	BLUS-30534
BLUS-30535	Trinity Universe	English	NTSC-U	N/A	BLUS-30535
BLUS-30536	Driver: San Francisco	English / French / Spanish	NTSC-U	N/A	BLUS-30536
BLUS-30537	Assassin's Creed: Brotherhood	English / French / Italian / Spanish	NTSC-U	N/A	BLUS-30537
BLUS-30538	Batman: Arkham City	English / French / German / Italian / Japanese / Korean / Polish / Portuguese / Russian / Spanish	NTSC-U	N/A	BLUS-30538
BLUS-30539	Thor: God of Thunder	English / French / German / Italian / Spanish	NTSC-U	N/A	BLUS-30539
BLUS-30540	LEGO Star Wars III: The Clone Wars	English / French / Spanish	NTSC-U	N/A	BLUS-30540
BLUS-30542	Tony Hawk: Shred	N/A	NTSC-U	N/A	BLUS-30542
BLUS-30543	Vanquish	English / French / German / Italian / Japanese / Spanish	NTSC-U	N/A	BLUS-30543
BLUS-30544	Nail'd	English / French / German / Italian / Spanish	NTSC-U	N/A	BLUS-30544
BLUS-30545	Man vs. Wild with Bear Grylls	English	NTSC-U	N/A	BLUS-30545
BLUS-30546	Madden NFL 11	English	NTSC-U	N/A	BLUS-30546
BLUS-30547	Mindjack	English / French / German / Italian / Japanese / Spanish	NTSC-U	N/A	BLUS-30547
BLUS-30548	Saw II: Flesh & Blood	English / French / Spanish	NTSC-U	N/A	BLUS-30548
BLUS-30549	CSI: Crime Scene Investigation: Fatal Conspiracy	English / French / German / Italian / Spanish	NTSC-U	N/A	BLUS-30549
BLUS-30550	Two Worlds II	English / French / Spanish	NTSC-U	N/A	BLUS-30550
BLUS-30551	Def Jam: Rapstar	English / French / German / Italian / Portuguese / Spanish	NTSC-U	N/A	BLUS-30551
BLUS-30553	Truth or Lies	English	NTSC-U	N/A	BLUS-30553
BLUS-30554	L.A. Noire	English / French / German / Italian / Spanish	NTSC-U	N/A	BLUS-30554
BLUS-30555	Apache: Air Assault	English / French	NTSC-U	N/A	BLUS-30555
BLUS-30557	Max Payne 3	English / French / Spanish	NTSC-U	N/A	BLUS-30557
BLUS-30558	Enslaved: Odyssey to the West	English / French / Spanish	NTSC-U	N/A	BLUS-30558
BLUS-30559	de Blob 2	English / French	NTSC-U	N/A	BLUS-30559
BLUS-30560	NCAA Football 11	English	NTSC-U	N/A	BLUS-30560
BLUS-30561	Monster Jam: Path of Destruction	English / French	NTSC-U	N/A	BLUS-30561
BLUS-30562	Bodycount	English / French / Spanish	NTSC-U	N/A	BLUS-30562
BLUS-30563	Cabela's Dangerous Hunts 2011	English	NTSC-U	N/A	BLUS-30563
BLUS-30564	Cabela's North American Adventures	English	NTSC-U	N/A	BLUS-30564
BLUS-30565	Silent Hill: Downpour	English / French / German / Italian / Portuguese / Spanish	NTSC-U	N/A	BLUS-30565
BLUS-30566	Need for Speed: Hot Pursuit	English / French / Spanish	NTSC-U	N/A	BLUS-30566
BLUS-30567	EA Sports MMA	English / French / German / Japanese / Spanish	NTSC-U	N/A	BLUS-30567
BLUS-30568	NHL 11	English / French	NTSC-U	N/A	BLUS-30568
BLUS-30569	You Don't Know Jack	English	NTSC-U	N/A	BLUS-30569
BLUS-30570	Rapala Pro Bass Fishing	English / French	NTSC-U	N/A	BLUS-30570
BLUS-30571	Racquet Sports	English / French / Spanish	NTSC-U	N/A	BLUS-30571
BLUS-30572	EA Sports Active 2: Personal Trainer	English / French / Spanish	NTSC-U	N/A	BLUS-30572
BLUS-30573	Green Day: Rock Band	English / French / German / Italian / Spanish	NTSC-U	N/A	BLUS-30573
BLUS-30574	NBA 2K11	English / French / German / Italian / Japanese / Spanish	NTSC-U	N/A	BLUS-30574
BLUS-30575	Harry Potter and the Deathly Hallows: Part 1	English / French / Spanish	NTSC-U	N/A	BLUS-30575
BLUS-30576	BlazBlue: Continuum Shift	Chinese / English / Japanese / Korean	NTSC-U	N/A	BLUS-30576
BLUS-30577	Bakugan: Defenders of the Core	English / French	NTSC-U	N/A	BLUS-30577
BLUS-30578	Hasbro Family Game Night 3	English / French / Spanish	NTSC-U	N/A	BLUS-30578
BLUS-30580	Shift 2: Unleashed	English / French / Spanish	NTSC-U	N/A	BLUS-30580
BLUS-30581	Dragon Ball: Raging Blast 2	English / French / Spanish	NTSC-U	N/A	BLUS-30581
BLUS-30582	Knights Contract	English / French / Spanish	NTSC-U	N/A	BLUS-30582
BLUS-30583	DC Universe Online	English	NTSC-U	N/A	BLUS-30583
BLUS-30585	Red Faction: Armageddon	English / French	NTSC-U	N/A	BLUS-30585
BLUS-30587	Zumba Fitness	English	NTSC-U	N/A	BLUS-30587
BLUS-30588	WWE All Stars	English / French / German / Italian / Spanish	NTSC-U	N/A	BLUS-30588
BLUS-30591	Call of Duty: Black Ops	English / French	NTSC-U	N/A	BLUS-30591
BLUS-30592	NBA Elite 11	English / French / Spanish	NTSC-U	N/A	BLUS-30592
BLUS-30593	The Lord of the Rings: Aragorn's Quest	English / French / Portuguese / Spanish	NTSC-U	N/A	BLUS-30593
BLUS-30596	Yoostar 2: In the Movies	English / French / German / Italian / Spanish	NTSC-U	N/A	BLUS-30596
BLUS-30597	John Daly's ProStroke Golf	English / French / Spanish	NTSC-U	N/A	BLUS-30597
BLUS-30602	Blood Drive	English	NTSC-U	N/A	BLUS-30602
BLUS-30603	Disney Sing It: Party Hits	English / French / Spanish	NTSC-U	N/A	BLUS-30603
BLUS-30604	NASCAR 2011: The Game	English	NTSC-U	N/A	BLUS-30604
BLUS-30606	Create	English / Spanish	NTSC-U	N/A	BLUS-30606
BLUS-30607	Alice: Madness Returns	English / French / German / Italian / Spanish	NTSC-U	N/A	BLUS-30607
BLUS-30608	Fight Night Champion	English / French	NTSC-U	N/A	BLUS-30608
BLUS-30609	The Sims 3	Dutch / English / French / German / Italian / Polish / Russian / Spanish	NTSC-U	N/A	BLUS-30609
BLUS-30610	PES 2011: Pro Evolution Soccer	English / French / Portuguese / Spanish	NTSC-U	N/A	BLUS-30610
BLUS-30611	Final Fantasy XIV Online: A Realm Reborn	N/A	NTSC-U	N/A	BLUS-30611
BLUS-30612	Sonic Generations	English / French / German / Italian / Japanese / Spanish	NTSC-U	N/A	BLUS-30612
BLUS-30613	Ace Combat: Assault Horizon	English / French / Spanish	NTSC-U	N/A	BLUS-30613
BLUS-30614	Rio	English / French / Spanish	NTSC-U	N/A	BLUS-30614
BLUS-30615	Duke Nukem Forever	English / French / German / Italian / Spanish	NTSC-U	N/A	BLUS-30615
BLUS-30616	DreamWorks The Penguins of Madagascar: Dr. Blowhole Returns: Again!	English / French	NTSC-U	N/A	BLUS-30616
BLUS-30621	WWE SmackDown vs. Raw 2011	English / French / Spanish	NTSC-U	N/A	BLUS-30621
BLUS-30622	Power Gig: Rise of the SixString	English	NTSC-U	N/A	BLUS-30622
BLUS-30623	Rock Band: Country Track Pack 2	English	NTSC-U	N/A	BLUS-30623
BLUS-30624	Dead Space 2	English / French / Spanish	NTSC-U	N/A	BLUS-30624
BLUS-30626	Fallout: New Vegas	English / French	NTSC-U	N/A	BLUS-30626
BLUS-30627	Fallout: New Vegas	English	NTSC-U	N/A	BLUS-30627
BLUS-30629	BioShock Infinite	English / French / German / Italian / Portuguese / Spanish	NTSC-U	N/A	BLUS-30629
BLUS-30630	FIFA Soccer 11	English / French / Spanish	NTSC-U	N/A	BLUS-30630
BLUS-30631	Crysis 2	English / French / Spanish	NTSC-U	N/A	BLUS-30631
BLUS-30632	Anarchy Reigns	English / French / Italian / Japanese / Spanish	NTSC-U	N/A	BLUS-30632
BLUS-30633	Deadliest Catch: Sea of Chaos	English	NTSC-U	N/A	BLUS-30633
BLUS-30634	DreamWorks Kung Fu Panda 2	English / French	NTSC-U	N/A	BLUS-30634
BLUS-30636	Venetica	English / French / German / Italian / Spanish	NTSC-U	N/A	BLUS-30636
BLUS-30638	Call of Duty: Black Ops	English / French	NTSC-U	N/A	BLUS-30638
BLUS-30639	Ar tonelico Qoga: Knell of Ar Ciel	English	NTSC-U	N/A	BLUS-30639
BLUS-30640	Lucha Libre AAA: Héroes del Ring	English / Spanish	NTSC-U	N/A	BLUS-30640
BLUS-30641	The Cursed Crusade	English / French / Spanish	NTSC-U	N/A	BLUS-30641
BLUS-30642	Captain America: Super Soldier	English / French / German / Italian / Spanish	NTSC-U	N/A	BLUS-30642
BLUS-30643	Yakuza 4	English	NTSC-U	N/A	BLUS-30643
BLUS-30645	Dragon Age II	English / French / German / Italian / Polish / Russian / Spanish	NTSC-U	N/A	BLUS-30645
BLUS-30649	Dragon Age: Origins: Ultimate Edition	English / French / German / Italian / Spanish	NTSC-U	N/A	BLUS-30649
BLUS-30650	Mass Effect 2	English / French / German / Italian / Russian / Spanish	NTSC-U	N/A	BLUS-30650
BLUS-30651	Bulletstorm	English / French / German / Italian / Japanese / Polish / Russian / Spanish	NTSC-U	N/A	BLUS-30651
BLUS-30652	No More Heroes: Heroes' Paradise	English / French / Spanish	NTSC-U	N/A	BLUS-30652
BLUS-30653	Shadows of the Damned	English / French / German / Italian / Spanish	NTSC-U	N/A	BLUS-30653
BLUS-30654	NeverDead	English / French / German / Italian / Spanish	NTSC-U	N/A	BLUS-30654
BLUS-30656	MotoGP 10/11	English / French / German / Italian / Spanish	NTSC-U	N/A	BLUS-30656
BLUS-30658	Rock of the Dead	English / French / Spanish	NTSC-U	N/A	BLUS-30658
BLUS-30663	Ben 10: Ultimate Alien: Cosmic Destruction	English / French / Spanish	NTSC-U	N/A	BLUS-30663
BLUS-30664	Get Fit with Mel B	Dutch / English / French / German / Italian / Spanish	NTSC-U	N/A	BLUS-30664
BLUS-30665	Nat Geo Challenge! Wild Life	English / French / Spanish	NTSC-U	N/A	BLUS-30665
BLUS-30666	Saints Row: The Third	Dutch / English / French / German / Italian / Polish / Russian / Spanish	NTSC-U	N/A	BLUS-30666
BLUS-30667	Fit in Six	English / French / Spanish	NTSC-U	N/A	BLUS-30667
BLUS-30669	Child of Eden	English / French / Spanish	NTSC-U	N/A	BLUS-30669
BLUS-30670	Rocksmith	English / French / Spanish	NTSC-U	N/A	BLUS-30670
BLUS-30674	Green Lantern: Rise of the Manhunters	English / French / Portuguese / Spanish	NTSC-U	N/A	BLUS-30674
BLUS-30678	Rango	English / French / German / Italian / Spanish	NTSC-U	N/A	BLUS-30678
BLUS-30681	Transformers: Fall of Cybertron	English / French / German / Italian / Spanish	NTSC-U	N/A	BLUS-30681
BLUS-30682	Grand Theft Auto IV & Episodes from Liberty City	English / French / German / Italian / Spanish	NTSC-U	N/A	BLUS-30682
BLUS-30683	SBK X: Superbike World Championship	English / French / Spanish	NTSC-U	N/A	BLUS-30683
BLUS-30686	Record of Agarest War Zero	English	NTSC-U	N/A	BLUS-30686
BLUS-30687	Far Cry 3	English / French / Portuguese / Spanish	NTSC-U	N/A	BLUS-30687
BLUS-30688	Earth Defense Force: Insect Armageddon	English	NTSC-U	N/A	BLUS-30688
BLUS-30689	NBA 2K11	N/A	NTSC-U	N/A	BLUS-30689
BLUS-30690	Dynasty Warriors 7	English / French	NTSC-U	N/A	BLUS-30690
BLUS-30693	UFC Personal Trainer: The Ultimate Fitness System	English / French	NTSC-U	N/A	BLUS-30693
BLUS-30694	Mayhem	English / French	NTSC-U	N/A	BLUS-30694
BLUS-30696	NBA Jam	English	NTSC-U	N/A	BLUS-30696
BLUS-30697	Michael Jackson: The Experience	English / French / Spanish	NTSC-U	N/A	BLUS-30697
BLUS-30700	Naughty Bear: Gold Edition	English / French / Spanish	NTSC-U	N/A	BLUS-30700
BLUS-30701	Hyperdimension Neptunia	English	NTSC-U	N/A	BLUS-30701
BLUS-30703	Dynasty Warriors: Gundam 3	English / French / German / Italian / Spanish	NTSC-U	N/A	BLUS-30703
BLUS-30704	Operation Flashpoint: Red River	English / French / Spanish	NTSC-U	N/A	BLUS-30704
BLUS-30705	Tiger Woods PGA Tour 12	English	NTSC-U	N/A	BLUS-30705
BLUS-30706	Supremacy MMA	English / French / Spanish	NTSC-U	N/A	BLUS-30706
BLUS-30707	MX vs. ATV Alive	English / French / German / Italian / Spanish	NTSC-U	N/A	BLUS-30707
BLUS-30709	Transformers: Dark of the Moon	English / French	NTSC-U	N/A	BLUS-30709
BLUS-30710	Kingdoms of Amalur: Reckoning	English / French / German / Italian / Spanish	NTSC-U	N/A	BLUS-30710
BLUS-30711	Red Dead Redemption: Undead Nightmare	English / French / German / Italian / Spanish	NTSC-U	N/A	BLUS-30711
BLUS-30712	Mafia II: Director's Cut	English / French / German / Italian / Spanish	NTSC-U	N/A	BLUS-30712
BLUS-30716	Days of Thunder: NASCAR Edition	English / French / German / Italian / Spanish	NTSC-U	N/A	BLUS-30716
BLUS-30717	Dead Space 2	English / French / Spanish	NTSC-U	N/A	BLUS-30717
BLUS-30718	The Tomb Raider Trilogy	Dutch / English / French / German / Italian / Spanish	NTSC-U	N/A	BLUS-30718
BLUS-30719	Major League Baseball 2K11	English	NTSC-U	N/A	BLUS-30719
BLUS-30720	Dragon's Dogma	English / French / German / Italian / Japanese / Spanish	NTSC-U	N/A	BLUS-30720
BLUS-30721	Asura's Wrath	English / French / German / Italian / Japanese / Spanish	NTSC-U	N/A	BLUS-30721
BLUS-30722	Street Fighter X Tekken	English / French / Spanish	NTSC-U	N/A	BLUS-30722
BLUS-30723	DmC: Devil May Cry	Dutch / English / French / German / Italian / Polish / Portuguese / Russian / Spanish	NTSC-U	N/A	BLUS-30723
BLUS-30724	DiRT 3	English / French / Spanish	NTSC-U	N/A	BLUS-30724
BLUS-30725	Disney/Pixar Cars 2	English / French / Spanish	NTSC-U	N/A	BLUS-30725
BLUS-30726	Disney Phineas and Ferb: Across the 2nd Dimension	English / French / Spanish	NTSC-U	N/A	BLUS-30726
BLUS-30727	Disgaea 4: A Promise Unforgotten	English	NTSC-U	N/A	BLUS-30727
BLUS-30728	London 2012	English / French / Spanish	NTSC-U	N/A	BLUS-30728
BLUS-30729	Binary Domain	English / Japanese	NTSC-U	N/A	BLUS-30729
BLUS-30731	DreamWorks Puss in Boots	English / French	NTSC-U	N/A	BLUS-30731
BLUS-30732	Portal 2	Chinese / Danish / Dutch / English / Finnish / French / German / Italian / Japanese / Korean / Norwegian / Polish / Portuguese / Russian / Spanish / Swedish	NTSC-U	N/A	BLUS-30732
BLUS-30734	Dance on Broadway	English / French / German / Italian / Spanish	NTSC-U	N/A	BLUS-30734
BLUS-30735	Atelier Totori: The Adventurer of Arland	English	NTSC-U	N/A	BLUS-30735
BLUS-30736	Soulcalibur V	English / French / German / Italian / Japanese / Russian / Spanish	NTSC-U	N/A	BLUS-30736
BLUS-30738	UFC Undisputed 3	English / French / Portuguese / Spanish	NTSC-U	N/A	BLUS-30738
BLUS-30739	Top Gun	English / French / German / Italian / Spanish	NTSC-U	N/A	BLUS-30739
BLUS-30740	Winter Stars	English / French / Spanish	NTSC-U	N/A	BLUS-30740
BLUS-30743	The Darkness II	English / French / German / Italian / Spanish	NTSC-U	N/A	BLUS-30743
BLUS-30744	LEGO Pirates of the Caribbean: The Video Game	English / French / Spanish	NTSC-U	N/A	BLUS-30744
BLUS-30745	NCAA Football 12	English	NTSC-U	N/A	BLUS-30745
BLUS-30746	X-Men: Destiny	English	NTSC-U	N/A	BLUS-30746
BLUS-30747	The Adventures of Tintin: The Game	English / French / Portuguese / Spanish	NTSC-U	N/A	BLUS-30747
BLUS-30750	Resident Evil: Operation Raccoon City	Dutch / English / French / German / Italian / Polish / Russian / Spanish	NTSC-U	N/A	BLUS-30750
BLUS-30752	Tiger Woods PGA Tour 12	N/A	NTSC-U	N/A	BLUS-30752
BLUS-30753	Generator Rex: Agent of Providence	English / French	NTSC-U	N/A	BLUS-30753
BLUS-30754	Prince of Persia Trilogy	English / French / German / Italian / Spanish	NTSC-U	N/A	BLUS-30754
BLUS-30755	GoldenEye 007: Reloaded	English / French	NTSC-U	N/A	BLUS-30755
BLUS-30756	Prototype 2	English / French	NTSC-U	N/A	BLUS-30756
BLUS-30757	Need for Speed: The Run	English / French / Spanish	NTSC-U	N/A	BLUS-30757
BLUS-30758	Red Dead Redemption: Game of the Year Edition	English / French / German / Italian / Spanish	NTSC-U	N/A	BLUS-30758
BLUS-30759	Rune Factory: Tides of Destiny	English	NTSC-U	N/A	BLUS-30759
BLUS-30760	Spider-Man: Edge of Time	English / French	NTSC-U	N/A	BLUS-30760
BLUS-30761	Tom Clancy's Splinter Cell Trilogy	English / French / German / Italian / Spanish	NTSC-U	N/A	BLUS-30761
BLUS-30762	Battlefield 3	English / French	NTSC-U	N/A	BLUS-30762
BLUS-30763	Dead Rising 2: Off the Record	English / French / Italian / Japanese / Korean / Spanish	NTSC-U	N/A	BLUS-30763
BLUS-30764	Devil May Cry: HD Collection	English / French / German / Italian / Japanese / Spanish	NTSC-U	N/A	BLUS-30764
BLUS-30765	ABC Wipeout 2	English	NTSC-U	N/A	BLUS-30765
BLUS-30766	Tekken Hybrid	English / French / German / Italian / Japanese / Korean / Spanish	NTSC-U	N/A	BLUS-30766
BLUS-30767	Dragon's Crown	English	NTSC-U	N/A	BLUS-30767
BLUS-30768	Harry Potter and the Deathly Hallows: Part 2	English / French / Spanish	NTSC-U	N/A	BLUS-30768
BLUS-30769	Bleach: Soul Resurrección	English	NTSC-U	N/A	BLUS-30769
BLUS-30770	Madden NFL 12	English	NTSC-U	N/A	BLUS-30770
BLUS-30772	F1 2011	English / French / Portuguese / Spanish	NTSC-U	N/A	BLUS-30772
BLUS-30773	Disney Universe	English / French / Spanish	NTSC-U	N/A	BLUS-30773
BLUS-30774	The House of the Dead: Overkill: Extended Cut	N/A	NTSC-U	N/A	BLUS-30774
BLUS-30776	Final Fantasy XIII-2	English / French / Spanish	NTSC-U	N/A	BLUS-30776
BLUS-30777	Ridge Racer Unbounded	English / French / Spanish	NTSC-U	N/A	BLUS-30777
BLUS-30778	The Elder Scrolls V: Skyrim	English / French / Spanish	NTSC-U	N/A	BLUS-30778
BLUS-30779	Skylanders: Spyro's Adventure	English / French	NTSC-U	N/A	BLUS-30779
BLUS-30780	The Bureau: XCOM Declassified	English / French / German / Italian / Spanish	NTSC-U	N/A	BLUS-30780
BLUS-30782	Dark Souls	English / French / Spanish	NTSC-U	N/A	BLUS-30782
BLUS-30784	White Knight Chronicles II	English / French / Spanish	NTSC-U	N/A	BLUS-30784
BLUS-30785	Get Up and Dance	English / French / Spanish	NTSC-U	N/A	BLUS-30785
BLUS-30786	Grease Dance	English / French / Spanish	NTSC-U	N/A	BLUS-30786
BLUS-30787	Ultimate Marvel vs. Capcom 3	English / French / German / Italian / Japanese / Spanish	NTSC-U	N/A	BLUS-30787
BLUS-30790	Dead Island	English / French / German / Italian / Polish / Spanish	NTSC-U	N/A	BLUS-30790
BLUS-30791	NHL 12	English / French	NTSC-U	N/A	BLUS-30791
BLUS-30792	Naruto Shippuden: Ultimate Ninja Storm Generations	English / French / Spanish	NTSC-U	N/A	BLUS-30792
BLUS-30793	Super Street Fighter IV: Arcade Edition	English / French / German / Italian / Japanese / Korean / Spanish	NTSC-U	N/A	BLUS-30793
BLUS-30794	LEGO Harry Potter: Years 5-7	English / French / Portuguese / Spanish	NTSC-U	N/A	BLUS-30794
BLUS-30795	Call of Juarez: The Cartel	English / French / Spanish	NTSC-U	N/A	BLUS-30795
BLUS-30796	Sniper: Ghost Warrior	English / French / Spanish	NTSC-U	N/A	BLUS-30796
BLUS-30798	Sniper Elite V2	English / French / Spanish	NTSC-U	N/A	BLUS-30798
BLUS-30799	DreamWorks Super Star Kartz	English / French	NTSC-U	N/A	BLUS-30799
BLUS-30800	Risen 2: Dark Waters	English / French / German / Italian / Polish / Russian / Spanish	NTSC-U	N/A	BLUS-30800
BLUS-30801	Thief	English / French / Spanish	NTSC-U	N/A	BLUS-30801
BLUS-30802	Family Game Night 4: The Game Show	English	NTSC-U	N/A	BLUS-30802
BLUS-30803	The Sims 3: Pets	Dutch / English / French / German / Italian / Polish / Russian / Spanish	NTSC-U	N/A	BLUS-30803
BLUS-30804	Syndicate	English / French / Spanish	NTSC-U	N/A	BLUS-30804
BLUS-30805	PES 2012: Pro Evolution Soccer	English / French / Portuguese / Spanish	NTSC-U	N/A	BLUS-30805
BLUS-30806	NASCAR Unleashed	English	NTSC-U	N/A	BLUS-30806
BLUS-30808	Assassin's Creed: Revelations	English / French / Portuguese / Spanish	NTSC-U	N/A	BLUS-30808
BLUS-30809	FIFA Soccer 12	English / French / Spanish	NTSC-U	N/A	BLUS-30809
BLUS-30810	Silent Hill: HD Collection	English / French / Spanish	NTSC-U	N/A	BLUS-30810
BLUS-30812	Motionsports Adrenaline	Dutch / English / French / German / Italian / Spanish	NTSC-U	N/A	BLUS-30812
BLUS-30813	Marvel Super Hero Squad: Comic Combat	English / French	NTSC-U	N/A	BLUS-30813
BLUS-30815	Adidas miCoach	English / French / Spanish	NTSC-U	N/A	BLUS-30815
BLUS-30816	Just Dance Kids 2	English / French / German / Italian / Spanish	NTSC-U	N/A	BLUS-30816
BLUS-30819	Cabela's Survival: Shadows of Katmai	English / French	NTSC-U	N/A	BLUS-30819
BLUS-30821	uDraw Studio: Instant Artist	Dutch / English / French / German / Italian / Spanish	NTSC-U	N/A	BLUS-30821
BLUS-30822	Ben 10: Galactic Racing	English / French / Spanish	NTSC-U	N/A	BLUS-30822
BLUS-30823	Dragon Ball Z: Ultimate Tenkaichi	English / French / Spanish	NTSC-U	N/A	BLUS-30823
BLUS-30824	Family Guy: Back to the Multiverse	English	NTSC-U	N/A	BLUS-30824
BLUS-30825	Pictionary: Ultimate Edition	English / French / Spanish	NTSC-U	N/A	BLUS-30825
BLUS-30826	Yakuza: Dead Souls	English	NTSC-U	N/A	BLUS-30826
BLUS-30828	The Amazing Spider-Man	English / French / Spanish	NTSC-U	N/A	BLUS-30828
BLUS-30829	Darksiders II	English / French	NTSC-U	N/A	BLUS-30829
BLUS-30830	NBA 2K12	English / French / German / Italian / Japanese / Spanish	NTSC-U	N/A	BLUS-30830
BLUS-30831	Birds of Steel	English / French / Spanish	NTSC-U	N/A	BLUS-30831
BLUS-30832	Alien: Isolation	English / French / Portuguese / Spanish	NTSC-U	N/A	BLUS-30832
BLUS-30833	Blades of Time	English / French / Spanish	NTSC-U	N/A	BLUS-30833
BLUS-30834	Cartoon Network: Punch Time Explosion XL	English	NTSC-U	N/A	BLUS-30834
BLUS-30836	Rayman Origins	English / French / Spanish	NTSC-U	N/A	BLUS-30836
BLUS-30837	LEGO Batman 2: DC Super Heroes	English / French / Portuguese / Russian / Spanish	NTSC-U	N/A	BLUS-30837
BLUS-30838	Call of Duty: Modern Warfare 3	English	NTSC-U	N/A	BLUS-30838
BLUS-30839	Sonic & All-Stars Racing Transformed	English / French / German / Italian / Spanish	NTSC-U	N/A	BLUS-30839
BLUS-30840	NCIS: Based on the TV Series	English / French / German / Italian / Spanish	NTSC-U	N/A	BLUS-30840
BLUS-30841	WWE '12	English / French / Spanish	NTSC-U	N/A	BLUS-30841
BLUS-30842	Test Drive: Ferrari Racing Legends	English / French / Spanish	NTSC-U	N/A	BLUS-30842
BLUS-30843	Cabela's Big Game Hunter 2012	English	NTSC-U	N/A	BLUS-30843
BLUS-30844	Cabela's Adventure Camp	English / French	NTSC-U	N/A	BLUS-30844
BLUS-30845	The King of Fighters XIII	Chinese / English / French / German / Italian / Japanese / Korean / Spanish	NTSC-U	N/A	BLUS-30845
BLUS-30846	Happy Feet Two	Dutch / English / French / German / Italian / Spanish	NTSC-U	N/A	BLUS-30846
BLUS-30847	Metal Gear Solid: HD Collection	English / French / Spanish	NTSC-U	N/A	BLUS-30847
BLUS-30849	SSX	English / French / Spanish	NTSC-U	N/A	BLUS-30849
BLUS-30850	Air Conflicts: Secret Wars	English / French / German / Italian / Spanish	NTSC-U	N/A	BLUS-30850
BLUS-30851	National Geographic: Challenge!	English / French / Spanish	NTSC-U	N/A	BLUS-30851
BLUS-30852	Plants vs. Zombies	English	NTSC-U	N/A	BLUS-30852
BLUS-30853	Mass Effect 3	English / French / German / Italian / Japanese / Polish / Russian / Spanish	NTSC-U	N/A	BLUS-30853
BLUS-30854	Tiger Woods PGA Tour 13	English	NTSC-U	N/A	BLUS-30854
BLUS-30855	Resident Evil 6	English / French / German / Italian / Polish / Portuguese / Russian / Spanish	NTSC-U	N/A	BLUS-30855
BLUS-30856	Heavy Fire: Afghanistan	English	NTSC-U	N/A	BLUS-30856
BLUS-30858	Top Gun: Hard Lock	English / French / Spanish	NTSC-U	N/A	BLUS-30858
BLUS-30862	Aliens: Colonial Marines	English / French / German / Italian / Polish / Spanish	NTSC-U	N/A	BLUS-30862
BLUS-30863	Champion Jockey: G1 Jockey & Gallop Racer	N/A	NTSC-U	N/A	BLUS-30863
BLUS-30865	Bejeweled 3	English	NTSC-U	N/A	BLUS-30865
BLUS-30869	BlazBlue: Continuum Shift Extend	Chinese / English / Japanese / Korean	NTSC-U	N/A	BLUS-30869
BLUS-30871	Rocksmith	N/A	NTSC-U	N/A	BLUS-30871
BLUS-30873	Dynasty Warriors 7: Xtreme Legends	English	NTSC-U	N/A	BLUS-30873
BLUS-30876	Sacred 3	English / French / German / Italian / Spanish	NTSC-U	N/A	BLUS-30876
BLUS-30881	Record of Agarest War 2	English	NTSC-U	N/A	BLUS-30881
BLUS-30882	FIFA Street	English / French / Spanish	NTSC-U	N/A	BLUS-30882
BLUS-30886	Back to the Future: The Game	English / French / German	NTSC-U	N/A	BLUS-30886
BLUS-30887	Call of Duty: Modern Warfare 3	French	NTSC-U	N/A	BLUS-30887
BLUS-30888	Fallout: New Vegas: Ultimate Edition	English	NTSC-U	N/A	BLUS-30888
BLUS-30889	Fallout: New Vegas: Ultimate Edition	N/A	NTSC-U	N/A	BLUS-30889
BLUS-30891	Tiger Woods PGA Tour 13	English	NTSC-U	N/A	BLUS-30891
BLUS-30897	Jimmie Johnson's Anything with an Engine	English / French / German / Italian / Spanish	NTSC-U	N/A	BLUS-30897
BLUS-30898	L.A. Noire: The Complete Edition	N/A	NTSC-U	N/A	BLUS-30898
BLUS-30899	Just Dance 3	English / French / Spanish	NTSC-U	N/A	BLUS-30899
BLUS-30901	Hyperdimension Neptunia mk2	English	NTSC-U	N/A	BLUS-30901
BLUS-30902	Mortal Kombat: Komplete Edition	English / French / German / Italian / Portuguese / Spanish	NTSC-U	N/A	BLUS-30902
BLUS-30903	Tales of Graces f	English	NTSC-U	N/A	BLUS-30903
BLUS-30904	Order Up!!	N/A	NTSC-U	N/A	BLUS-30904
BLUS-30905	Assassin's Creed: Revelations	English / French / Portuguese / Spanish	NTSC-U	N/A	BLUS-30905
BLUS-30907	Disney/Pixar Brave	English / French / Spanish	NTSC-U	N/A	BLUS-30907
BLUS-30908	Summer Stars 2012	English / French / German / Italian / Spanish	NTSC-U	N/A	BLUS-30908
BLUS-30911	Deadliest Warrior: Ancient Combat	English / French / Italian / Spanish	NTSC-U	N/A	BLUS-30911
BLUS-30913	Battleship	English / French	NTSC-U	N/A	BLUS-30913
BLUS-30914	Just Dance 3	English / French / Spanish	NTSC-U	N/A	BLUS-30914
BLUS-30915	Just Dance 3	English / French / Spanish	NTSC-U	N/A	BLUS-30915
BLUS-30916	Ninja Gaiden 3	English / French / German / Italian / Japanese / Spanish	NTSC-U	N/A	BLUS-30916
BLUS-30917	Lollipop Chainsaw	English / French / German / Italian / Russian / Spanish	NTSC-U	N/A	BLUS-30917
BLUS-30919	Sniper: Ghost Warrior 2	English / French / Spanish	NTSC-U	N/A	BLUS-30919
BLUS-30922	MIB: Alien Crisis	English / French	NTSC-U	N/A	BLUS-30922
BLUS-30923	Wheel of Fortune	English	NTSC-U	N/A	BLUS-30923
BLUS-30924	Jeopardy!	English	NTSC-U	N/A	BLUS-30924
BLUS-30927	Sleeping Dogs	English / French / Spanish	NTSC-U	N/A	BLUS-30927
BLUS-30931	Major League Baseball 2K12	English	NTSC-U	N/A	BLUS-30931
BLUS-30932	NASCAR the Game: Inside Line	English	NTSC-U	N/A	BLUS-30932
BLUS-30935	Star Trek	English / French / German / Italian / Russian / Spanish	NTSC-U	N/A	BLUS-30935
BLUS-30936	Defiance	English / French / German	NTSC-U	N/A	BLUS-30936
BLUS-30937	Zone of the Enders HD Collection	English / French / Portuguese / Spanish	NTSC-U	N/A	BLUS-30937
BLUS-30938	DiRT Showdown	English / French / Spanish	NTSC-U	N/A	BLUS-30938
BLUS-30939	Game of Thrones	English / French	NTSC-U	N/A	BLUS-30939
BLUS-30940	Port Royale 3: Pirates & Merchants	English / French / German / Italian / Spanish	NTSC-U	N/A	BLUS-30940
BLUS-30941	Atelier Meruru: The Apprentice of Arland	English	NTSC-U	N/A	BLUS-30941
BLUS-30942	Hitman HD Trilogy	English / French / Spanish	NTSC-U	N/A	BLUS-30942
BLUS-30943	XCOM: Enemy Unknown	English / French / German / Italian / Spanish	NTSC-U	N/A	BLUS-30943
BLUS-30944	NBA 2K12: Game of the Year Edition	N/A	NTSC-U	N/A	BLUS-30944
BLUS-30947	Ni no Kuni: Wrath of the White Witch	English / French / German / Italian / Spanish	NTSC-U	N/A	BLUS-30947
BLUS-30948	NCAA Football 13	English	NTSC-U	N/A	BLUS-30948
BLUS-30962	Disney Epic Mickey 2: The Power of Two	English / French / Portuguese / Spanish	NTSC-U	N/A	BLUS-30962
BLUS-30963	LEGO The Lord of the Rings	English / French / Portuguese / Spanish	NTSC-U	N/A	BLUS-30963
BLUS-30964	The Witch and the Hundred Knight	English	NTSC-U	N/A	BLUS-30964
BLUS-30966	Dragon Ball Z: Budokai HD Collection	English / French / Spanish	NTSC-U	N/A	BLUS-30966
BLUS-30971	Dead or Alive 5	English / French / German / Italian / Japanese / Spanish	NTSC-U	N/A	BLUS-30971
BLUS-30973	Madden NFL 13	English	NTSC-U	N/A	BLUS-30973
BLUS-30975	DiRT 3: Complete Edition	English / French / Spanish	NTSC-U	N/A	BLUS-30975
BLUS-30976	Crysis 3	English / French / Spanish	NTSC-U	N/A	BLUS-30976
BLUS-30977	Disney Infinity	English / French / Portuguese / Spanish	NTSC-U	N/A	BLUS-30977
BLUS-30978	Batman: Arkham City: Game of the Year Edition	English / French / German / Italian / Japanese / Korean / Polish / Portuguese / Russian / Spanish	NTSC-U	N/A	BLUS-30978
BLUS-30980	DreamWorks Madagascar 3: The Video Game	English / French / Spanish	NTSC-U	N/A	BLUS-30980
BLUS-30982	Borderlands 2	English / French / German / Italian / Spanish	NTSC-U	N/A	BLUS-30982
BLUS-30983	007 Legends	English / French	NTSC-U	N/A	BLUS-30983
BLUS-30985	Persona 4 Arena	English / Japanese	NTSC-U	N/A	BLUS-30985
BLUS-30990	Medal of Honor: Warfighter	English / French / Spanish	NTSC-U	N/A	BLUS-30990
BLUS-30991	Assassin's Creed III	English / French / Portuguese / Spanish	NTSC-U	N/A	BLUS-30991
BLUS-30996	Enemy Front	English / French / Portuguese / Spanish	NTSC-U	N/A	BLUS-30996
BLUS-30997	Dragon Age: Inquisition	English / French / Spanish	NTSC-U	N/A	BLUS-30997
BLUS-30998	FIFA Soccer 13	English / French / Spanish	NTSC-U	N/A	BLUS-30998
BLUS-30999	Castlevania: Lords of Shadow 2	English / French / German / Italian / Portuguese / Spanish	NTSC-U	N/A	BLUS-30999
BLUS-31000	Heavy Fire: Shattered Spear	English	NTSC-U	N/A	BLUS-31000
BLUS-31002	Tekken Tag Tournament 2	English / French / German / Italian / Japanese / Korean / Russian / Spanish	NTSC-U	N/A	BLUS-31002
BLUS-31003	NHL 13	English / French	NTSC-U	N/A	BLUS-31003
BLUS-31004	Los Caballeros del Zodiaco: Batalla por el Santuario ~ Os Cavaleiros do Zodíaco: Batalha do Santuário	Portuguese / Spanish	PAL	N/A	BLUS-31004
BLUS-31006	Tales of Xillia	English / French / Spanish	NTSC-U	N/A	BLUS-31006
BLUS-31007	Mugen Souls	English	NTSC-U	N/A	BLUS-31007
BLUS-31009	Cabela's Dangerous Hunts 2013	English / French	NTSC-U	N/A	BLUS-31009
BLUS-31010	Need for Speed: Most Wanted: A Criterion Game	English / French / Spanish	NTSC-U	N/A	BLUS-31010
BLUS-31011	Call of Duty: Black Ops II	English / French	NTSC-U	N/A	BLUS-31011
BLUS-31012	Remember Me	English / French / German / Italian / Spanish	NTSC-U	N/A	BLUS-31012
BLUS-31014	F1 2012	English / French / Portuguese / Spanish	NTSC-U	N/A	BLUS-31014
BLUS-31015	WWE '13	English / French / Spanish	NTSC-U	N/A	BLUS-31015
BLUS-31017	Ben 10: Omniverse	English / French / Spanish	NTSC-U	N/A	BLUS-31017
BLUS-31018	Injustice: Gods Among Us	English / French / German / Italian / Polish / Portuguese / Russian / Spanish	NTSC-U	N/A	BLUS-31018
BLUS-31019	Damage Inc.: Pacific Squadron WWII	English / French / German / Italian / Spanish	NTSC-U	N/A	BLUS-31019
BLUS-31020	Lost Planet 3	English / French / German / Italian / Japanese / Polish / Portuguese / Russian / Spanish	NTSC-U	N/A	BLUS-31020
BLUS-31024	Doom 3: BFG Edition	English / French / Spanish	NTSC-U	N/A	BLUS-31024
BLUS-31025	Tom Clancy's Splinter Cell: Blacklist	English / French / Portuguese / Spanish	NTSC-U	N/A	BLUS-31025
BLUS-31026	Dead Island: Game of the Year Edition	English / French / German / Italian / Polish / Spanish	NTSC-U	N/A	BLUS-31026
BLUS-31027	F1 Race Stars	English / French / Portuguese / Spanish	NTSC-U	N/A	BLUS-31027
BLUS-31028	NBA 2K13	Chinese / English / French / German / Italian / Japanese / Spanish	NTSC-U	N/A	BLUS-31028
BLUS-31029	PES 2013: Pro Evolution Soccer	English / French / Portuguese / Spanish	NTSC-U	N/A	BLUS-31029
BLUS-31030	Cabela's Hunting Expeditions	English	NTSC-U	N/A	BLUS-31030
BLUS-31031	Rocksmith	English / French / Spanish	NTSC-U	N/A	BLUS-31031
BLUS-31033	Just Dance 4	Dutch / English / French / German / Italian / Portuguese / Spanish	NTSC-U	N/A	BLUS-31033
BLUS-31036	Tomb Raider	English / French / Portuguese / Spanish	NTSC-U	N/A	BLUS-31036
BLUS-31040	Fuse	English / French / German / Spanish	NTSC-U	N/A	BLUS-31040
BLUS-31045	Metal Gear Rising: Revengeance	English / French / German / Italian / Japanese / Portuguese / Spanish	NTSC-U	N/A	BLUS-31045
BLUS-31046	The Testament of Sherlock Holmes	English / French / Spanish	NTSC-U	N/A	BLUS-31046
BLUS-31048	Disney/Pixar Toy Story Mania!	English / French / Spanish	NTSC-U	N/A	BLUS-31048
BLUS-31049	Skylanders: Giants	English / French / Portuguese / Spanish	NTSC-U	N/A	BLUS-31049
BLUS-31050	FIFA 13	English / Portuguese	NTSC-U	N/A	BLUS-31050
BLUS-31051	Resident Evil: Revelations	Dutch / English / French / German / Italian / Japanese / Polish / Portuguese / Russian / Spanish	NTSC-U	N/A	BLUS-31051
BLUS-31052	Dead Island: Riptide	English / French / German / Italian / Polish / Spanish	NTSC-U	N/A	BLUS-31052
BLUS-31053	Dead Space 3	English / French / Spanish	NTSC-U	N/A	BLUS-31053
BLUS-31054	Angry Birds Trilogy	English / French	NTSC-U	N/A	BLUS-31054
BLUS-31055	Grid 2	English / French / Portuguese / Spanish	NTSC-U	N/A	BLUS-31055
BLUS-31059	Middle-Earth: Shadow of Mordor	English / French / Spanish	NTSC-U	N/A	BLUS-31059
BLUS-31060	NHL 13	English / French	NTSC-U	N/A	BLUS-31060
BLUS-31062	Saints Row: The Third: The Full Package	Dutch / English / French / German / Italian / Polish / Russian / Spanish	NTSC-U	N/A	BLUS-31062
BLUS-31063	Tiger Woods PGA Tour 14	English	NTSC-U	N/A	BLUS-31063
BLUS-31064	Deadly Premonition: The Director's Cut	English	NTSC-U	N/A	BLUS-31064
BLUS-31065	The Walking Dead: Survival Instinct	English / French	NTSC-U	N/A	BLUS-31065
BLUS-31066	Naruto Shippuden: Ultimate Ninja Storm 3	English / French / Portuguese / Spanish	NTSC-U	N/A	BLUS-31066
BLUS-31067	DreamWorks Rise of the Guardians	English / French / Spanish	NTSC-U	N/A	BLUS-31067
BLUS-31068	Battlefield 3	English / French	NTSC-U	N/A	BLUS-31068
BLUS-31069	Army of Two: The Devil's Cartel	English / French / Spanish	NTSC-U	N/A	BLUS-31069
BLUS-31075	Tiger Woods PGA Tour 14	N/A	NTSC-U	N/A	BLUS-31075
BLUS-31076	Skylanders: Swap Force	English / French / Portuguese / Spanish	NTSC-U	N/A	BLUS-31076
BLUS-31077	Under Defeat HD: Deluxe Edition	N/A	NTSC-U	N/A	BLUS-31077
BLUS-31079	History Legends of War: Patton	English / French / Spanish	NTSC-U	N/A	BLUS-31079
BLUS-31083	Midway Arcade Origins	English / French / German / Italian / Spanish	NTSC-U	N/A	BLUS-31083
BLUS-31139	Mass Effect	English / French / Spanish	NTSC-U	N/A	BLUS-31139
BLUS-31140	Call of Duty: Black Ops II	English / Spanish	PAL	N/A	BLUS-31140
BLUS-31141	Call of Duty: Black Ops II	English / Portuguese	NTSC-U	N/A	BLUS-31141
BLUS-31142	Hitman: Absolution	English / French / Spanish	NTSC-U	N/A	BLUS-31142
BLUS-31143	Naughty Bear: Gold Edition	English / French / Spanish	NTSC-U	N/A	BLUS-31143
BLUS-31144	The Walking Dead: A Telltale Games Series	N/A	NTSC-U	N/A	BLUS-31144
BLUS-31145	Assassin's Creed: Ezio Trilogy	English / French / German / Italian / Portuguese / Spanish	NTSC-U	N/A	BLUS-31145
BLUS-31146	Deadpool	English / French / Spanish	NTSC-U	N/A	BLUS-31146
BLUS-31147	Batman: Arkham Origins	English / French / German / Italian / Korean / Polish / Russian / Spanish	NTSC-U	N/A	BLUS-31147
BLUS-31148	BandFuse: Rock Legends	English	NTSC-U	N/A	BLUS-31148
BLUS-31149	BioShock: Ultimate Rapture Edition	English / French / Spanish	NTSC-U	N/A	BLUS-31149
BLUS-31150	Hyperdimension Neptunia Victory	English	NTSC-U	N/A	BLUS-31150
BLUS-31151	The Smurfs 2	Dutch / English / French / German / Italian / Spanish	NTSC-U	N/A	BLUS-31151
BLUS-31152	Atelier Ayesha: The Alchemist of Dusk	English	NTSC-U	N/A	BLUS-31152
BLUS-31153	Fast & Furious: Showdown	English / French	NTSC-U	N/A	BLUS-31153
BLUS-31154	MUD: FIM Motocross World Championship	English / French / German / Italian / Spanish	NTSC-U	N/A	BLUS-31154
BLUS-31155	Dragon's Dogma: Dark Arisen	English / French / German / Italian / Japanese / Spanish	NTSC-U	N/A	BLUS-31155
BLUS-31156	Grand Theft Auto V	Chinese / English / French / Korean / Portuguese / Spanish	NTSC-U	N/A	BLUS-31156
BLUS-31157	Borderlands 2: Add-On Content Pack	N/A	NTSC-U	N/A	BLUS-31157
BLUS-31158	Arcania: The Complete Tale	English / French / Spanish	NTSC-U	N/A	BLUS-31158
BLUS-31159	NCAA Football 14	English	NTSC-U	N/A	BLUS-31159
BLUS-31160	Earth Defense Force 2025	English	NTSC-U	N/A	BLUS-31160
BLUS-31161	LEGO Marvel Super Heroes	English / French / Portuguese / Spanish	NTSC-U	N/A	BLUS-31161
BLUS-31162	Battlefield 4	English / French / Portuguese / Spanish	NTSC-U	N/A	BLUS-31162
BLUS-31164	Lightning Returns: Final Fantasy XIII	English / French / Spanish	NTSC-U	N/A	BLUS-31164
BLUS-31166	Murdered: Soul Suspect	English / French / Spanish	NTSC-U	N/A	BLUS-31166
BLUS-31167	Major League Baseball 2K13	English	NTSC-U	N/A	BLUS-31167
BLUS-31168	WRC 3: FIA World Rally Championship	English / French / German / Italian / Spanish	NTSC-U	N/A	BLUS-31168
BLUS-31170	Young Justice: Legacy	English / French / Portuguese / Spanish	NTSC-U	N/A	BLUS-31170
BLUS-31171	DreamWorks Turbo: Super Stunt Squad	English / French / Spanish	NTSC-U	N/A	BLUS-31171
BLUS-31172	Tales of Symphonia Chronicles	English / French / German / Italian / Spanish	NTSC-U	N/A	BLUS-31172
BLUS-31173	Time and Eternity	English	NTSC-U	N/A	BLUS-31173
BLUS-31174	Port Royale 3: Gold Edition	English / French / German / Italian / Spanish	NTSC-U	N/A	BLUS-31174
BLUS-31175	Ninja Gaiden 3: Razor's Edge	English / French / German / Italian / Japanese / Spanish	NTSC-U	N/A	BLUS-31175
BLUS-31176	Watch_Dogs	English / French / Portuguese / Spanish	NTSC-U	N/A	BLUS-31176
BLUS-31177	BioShock Infinite	English / French / German / Italian / Portuguese / Spanish	NTSC-U	N/A	BLUS-31177
BLUS-31178	Madden NFL 25	English	NTSC-U	N/A	BLUS-31178
BLUS-31179	NHL 14	English / French	NTSC-U	N/A	BLUS-31179
BLUS-31180	XCOM: Enemy Within	English / French / German / Italian / Polish / Russian / Spanish	NTSC-U	N/A	BLUS-31180
BLUS-31181	Destiny	English / French / German / Italian / Portuguese / Spanish	NTSC-U	N/A	BLUS-31181
BLUS-31182	Rocksmith: All-New 2014 Edition	English / French / German / Italian / Spanish	NTSC-U	N/A	BLUS-31182
BLUS-31183	Rayman Legends	English / French / Portuguese / Spanish	NTSC-U	N/A	BLUS-31183
BLUS-31184	Metro: Last Light	Czech / Dutch / English / French / German / Italian / Polish / Russian / Spanish	NTSC-U	N/A	BLUS-31184
BLUS-31185	Dynasty Warriors 8	English / French / German	NTSC-U	N/A	BLUS-31185
BLUS-31186	Killer Is Dead	English / Japanese	NTSC-U	N/A	BLUS-31186
BLUS-31187	Hakuoki: Stories of the Shinsengumi	English	NTSC-U	N/A	BLUS-31187
BLUS-31188	Diablo III	English / French / Spanish	NTSC-U	N/A	BLUS-31188
BLUS-31189	FIFA 14	English / French / Spanish	NTSC-U	N/A	BLUS-31189
BLUS-31190	FIFA 14	N/A	NTSC-U	N/A	BLUS-31190
BLUS-31191	South Park: The Stick of Truth	English / French / German / Italian / Portuguese / Spanish	NTSC-U	N/A	BLUS-31191
BLUS-31192	Worms Collection	English / French / German / Italian / Spanish	NTSC-U	N/A	BLUS-31192
BLUS-31193	Assassin's Creed IV: Black Flag	English / French / Portuguese / Spanish	NTSC-U	N/A	BLUS-31193
BLUS-31194	Armored Core: Verdict Day	English / French / Spanish	NTSC-U	N/A	BLUS-31194
BLUS-31195	Falling Skies: The Game	English / French / Portuguese / Spanish	NTSC-U	N/A	BLUS-31195
BLUS-31197	Drakengard 3	English / French	NTSC-U	N/A	BLUS-31197
BLUS-31198	El Chavo Kart	English / Portuguese / Spanish	PAL	N/A	BLUS-31198
BLUS-31199	Tom Clancy's Ghost Recon Anthology	Danish / Dutch / English / French / German / Italian / Norwegian / Portuguese / Spanish / Swedish	NTSC-U	N/A	BLUS-31199
BLUS-31200	Hot Wheels: World's Best Driver	English / French / Portuguese / Spanish	NTSC-U	N/A	BLUS-31200
BLUS-31201	Need for Speed: Rivals	English / French / Portuguese / Spanish	NTSC-U	N/A	BLUS-31201
BLUS-31202	The Elder Scrolls V: Skyrim: Legendary Edition	English / French / Spanish	NTSC-U	N/A	BLUS-31202
BLUS-31203	Yaiba: Ninja Gaiden Z	English / French / German / Italian / Japanese / Spanish	NTSC-U	N/A	BLUS-31203
BLUS-31204	NBA 2K14	Chinese / English / French / German / Italian / Japanese / Spanish	NTSC-U	N/A	BLUS-31204
BLUS-31205	Saints Row IV	English / French / German / Italian / Spanish	NTSC-U	N/A	BLUS-31205
BLUS-31206	Painkiller: Hell & Damnation	English / French / German / Italian / Japanese / Polish / Portuguese / Russian / Spanish	NTSC-U	N/A	BLUS-31206
BLUS-31207	Batman: Arkham Origins	English / Portuguese / Spanish	NTSC-U	N/A	BLUS-31207
BLUS-31208	F1 2013	English / French / Spanish	NTSC-U	N/A	BLUS-31208
BLUS-31209	F1 2013	English / Portuguese	NTSC-U	N/A	BLUS-31209
BLUS-31210	Air Conflicts: Pacific Carriers	English / French / German / Italian / Russian / Spanish	NTSC-U	N/A	BLUS-31210
BLUS-31211	Final Fantasy X | X-2: HD Remaster	English / French / German / Italian / Spanish	NTSC-U	N/A	BLUS-31211
BLUS-31212	Kingdom Hearts: HD 1.5 ReMIX	English / French / Spanish	NTSC-U	N/A	BLUS-31212
BLUS-31213	BlazBlue: Chrono Phantasma	Chinese / English / Japanese / Korean	NTSC-U	N/A	BLUS-31213
BLUS-31214	Adventure Time: Explore the Dungeon Because I Don't Know!	English / French / German / Italian / Spanish	NTSC-U	N/A	BLUS-31214
BLUS-31215	Ben 10: Omniverse 2	English / French / Spanish	NTSC-U	N/A	BLUS-31215
BLUS-31216	Dead or Alive 5 Ultimate	English / French / German / Italian / Japanese / Spanish	NTSC-U	N/A	BLUS-31216
BLUS-31217	Pac-Man and the Ghostly Adventures	English / French / Portuguese / Spanish	NTSC-U	N/A	BLUS-31217
BLUS-31218	Ultra Street Fighter IV	English / French / German / Italian / Japanese / Korean / Spanish	NTSC-U	N/A	BLUS-31218
BLUS-31219	Payday 2	English / French / Spanish	NTSC-U	N/A	BLUS-31219
BLUS-31220	Wolfenstein: The New Order	English / French / Spanish	NTSC-U	N/A	BLUS-31220
BLUS-31221	Diablo III	Portuguese / Spanish	PAL	N/A	BLUS-31221
BLUS-31270	Call of Duty: Ghosts	English / French / Portuguese / Spanish	NTSC-U	N/A	BLUS-31270
BLUS-31273	Angry Birds Star Wars	English / French / Portuguese / Spanish	NTSC-U	N/A	BLUS-31273
BLUS-31274	Cabela's Big Game Hunter: Pro Hunts	English	NTSC-U	N/A	BLUS-31274
BLUS-31275	Cabela's African Adventures	English	NTSC-U	N/A	BLUS-31275
BLUS-31276	Nickelodeon SpongeBob SquarePants: Plankton's Robotic Revenge	English / French	NTSC-U	N/A	BLUS-31276
BLUS-31277	WWE 2K14	English / French / Spanish	NTSC-U	N/A	BLUS-31277
BLUS-31312	The Guided Fate Paradox	English	NTSC-U	N/A	BLUS-31312
BLUS-31313	Disgaea D2: A Brighter Darkness	English	NTSC-U	N/A	BLUS-31313
BLUS-31314	Dragon Ball Z: Battle of Z	English / French / Portuguese / Spanish	NTSC-U	N/A	BLUS-31314
BLUS-31315	Just Dance 2014	English / French / German / Italian / Portuguese / Spanish	NTSC-U	N/A	BLUS-31315
BLUS-31316	Final Fantasy XIV Online: A Realm Reborn	N/A	NTSC-U	N/A	BLUS-31316
BLUS-31317	Deus Ex: Human Revolution: Director's Cut	English / French / Spanish	NTSC-U	N/A	BLUS-31317
BLUS-31319	Hatsune Miku: Project Diva F	English	NTSC-U	N/A	BLUS-31319
BLUS-31320	Air Conflicts: Vietnam	English / French / Spanish	NTSC-U	N/A	BLUS-31320
BLUS-31321	Aquapazza: Aquaplus Dream Match	English	NTSC-U	N/A	BLUS-31321
BLUS-31322	PES 2014: Pro Evolution Soccer	English / French / Portuguese / Spanish	NTSC-U	N/A	BLUS-31322
BLUS-31324	Transformers: Rise of the Dark Spark	English / French	NTSC-U	N/A	BLUS-31324
BLUS-31345	Madden NFL 25	English	NTSC-U	N/A	BLUS-31345
BLUS-31350	Naruto Shippuden: Ultimate Ninja Storm 3 Full Burst	English / French / Portuguese / Spanish	NTSC-U	N/A	BLUS-31350
BLUS-31357	Os Cavaleiros do Zodíaco: Bravos Soldados	English / Portuguese / Spanish	PAL	N/A	BLUS-31357
BLUS-31364	Injustice: Gods Among Us: Ultimate Edition	English / French / German / Italian / Polish / Portuguese / Russian / Spanish	NTSC-U	N/A	BLUS-31364
BLUS-31367	XBlaze: Code: Embryo	English	NTSC-U	N/A	BLUS-31367
BLUS-31368	Disney DuckTales: Remastered	English / French / German / Italian / Portuguese / Spanish	NTSC-U	N/A	BLUS-31368
BLUS-31369	Metal Gear Solid V: Ground Zeroes	English / French / German / Italian / Japanese / Portuguese / Russian / Spanish	NTSC-U	N/A	BLUS-31369
BLUS-31373	The LEGO Movie: Videogame	English / French / Portuguese / Spanish	NTSC-U	N/A	BLUS-31373
BLUS-31374	The Evil Within	English / French / Spanish	NTSC-U	N/A	BLUS-31374
BLUS-31377	The Walking Dead: A Telltale Games Series: Game of the Year Edition	English / French / German / Italian / Spanish	NTSC-U	N/A	BLUS-31377
BLUS-31378	NASCAR '14	English	NTSC-U	N/A	BLUS-31378
BLUS-31381	Farming Simulator	English / French / German / Italian / Spanish	NTSC-U	N/A	BLUS-31381
BLUS-31382	Castlevania: Lords of Shadow	English / French / German / Italian / Spanish	NTSC-U	N/A	BLUS-31382
BLUS-31385	Worms: The Revolution Collection	English / French / German / Italian / Polish / Russian / Spanish	NTSC-U	N/A	BLUS-31385
BLUS-31386	Ragnarok Odyssey ACE	English	NTSC-U	N/A	BLUS-31386
BLUS-31387	Rambo: The Video Game	English / French / German / Italian / Spanish	NTSC-U	N/A	BLUS-31387
BLUS-31388	DreamWorks How to Train Your Dragon 2	English / French / Portuguese / Spanish	NTSC-U	N/A	BLUS-31388
BLUS-31389	2014 FIFA World Cup Brazil	English / French / Spanish	NTSC-U	N/A	BLUS-31389
BLUS-31390	Copa do Mundo da FIFA Brasil 2014	English / Portuguese	NTSC-U	N/A	BLUS-31390
BLUS-31391	Atelier Escha & Logy: Alchemists of the Dusk Sky	English	NTSC-U	N/A	BLUS-31391
BLUS-31392	LEGO The Hobbit	English / French / Portuguese / Spanish	NTSC-U	N/A	BLUS-31392
BLUS-31393	Far Cry Compilation	English / French / German / Italian / Portuguese / Spanish	NTSC-U	N/A	BLUS-31393
BLUS-31396	Deception IV: Blood Ties	English / French / German / Japanese	NTSC-U	N/A	BLUS-31396
BLUS-31397	Tales of Xillia 2	English / French / Spanish	NTSC-U	N/A	BLUS-31397
BLUS-31401	Sniper Elite III	English / French / Portuguese / Spanish	NTSC-U	N/A	BLUS-31401
BLUS-31402	Dynasty Warriors 8: Xtreme Legends	N/A	NTSC-U	N/A	BLUS-31402
BLUS-31405	JoJo's Bizarre Adventure: All Star Battle	English / French / German / Italian / Spanish	NTSC-U	N/A	BLUS-31405
BLUS-31410	Plants vs. Zombies: Garden Warfare	English / French / German / Italian / Japanese / Portuguese / Spanish	NTSC-U	N/A	BLUS-31410
BLUS-31411	Bound by Flame	English / French / Spanish	NTSC-U	N/A	BLUS-31411
BLUS-31412	Sherlock Holmes: Crimes & Punishments	English / French / German / Italian / Spanish	NTSC-U	N/A	BLUS-31412
BLUS-31416	Saints Row IV: National Treasure Edition	English / French / German / Italian / Spanish	NTSC-U	N/A	BLUS-31416
BLUS-31417	Mugen Souls Z	English	NTSC-U	N/A	BLUS-31417
BLUS-31418	Disney Infinity 2.0 Edition	English / French / Portuguese / Spanish	NTSC-U	N/A	BLUS-31418
BLUS-31420	Far Cry 4	English / French / Portuguese / Spanish	NTSC-U	N/A	BLUS-31420
BLUS-31421	Naruto Shippuden: Ultimate Ninja Storm Revolution	English / French / Portuguese / Spanish	NTSC-U	N/A	BLUS-31421
BLUS-31423	Fairy Fencer F	English	NTSC-U	N/A	BLUS-31423
BLUS-31424	Arcana Heart 3: Love Max!!!!!	English	NTSC-U	N/A	BLUS-31424
BLUS-31425	Akiba's Trip: Undead & Undressed	English / Japanese	NTSC-U	N/A	BLUS-31425
BLUS-31426	Minecraft: PlayStation 3 Edition	Danish / Dutch / English / Finnish / French / German / Italian / Japanese / Korean / Norwegian / Polish / Portuguese / Russian / Spanish / Swedish / Turkish	NTSC-U	N/A	BLUS-31426
BLUS-31427	One Piece: Unlimited World Red	N/A	NTSC-U	N/A	BLUS-31427
BLUS-31428	Madden NFL 15	English	NTSC-U	N/A	BLUS-31428
BLUS-31429	Syberia Collection	N/A	NTSC-U	N/A	BLUS-31429
BLUS-31431	Hatsune Miku: Project Diva F 2nd	English	NTSC-U	N/A	BLUS-31431
BLUS-31432	Risen 3: Titan Lords	English / French / German / Italian / Spanish	NTSC-U	N/A	BLUS-31432
BLUS-31433	Escape Dead Island	English / French / German / Italian / Portuguese / Spanish	NTSC-U	N/A	BLUS-31433
BLUS-31434	LEGO Batman 3: Beyond Gotham	English / French / Portuguese / Spanish	NTSC-U	N/A	BLUS-31434
BLUS-31435	Nickelodeon Teenage Mutant Ninja Turtles: Danger of the Ooze	English / French	NTSC-U	N/A	BLUS-31435
BLUS-31436	NHL 15	English / French	NTSC-U	N/A	BLUS-31436
BLUS-31437	Diablo III: Reaper of Souls: Ultimate Evil Edition	English / French / Spanish	NTSC-U	N/A	BLUS-31437
BLUS-31438	Diablo III: Reaper of Souls: Ultimate Evil Edition	Portuguese / Spanish	NTSC-U	N/A	BLUS-31438
BLUS-31440	Battlefield Hardline	English / French / Portuguese / Spanish	NTSC-U	N/A	BLUS-31440
BLUS-31441	Digimon All-Star Rumble	English / French / Portuguese / Spanish	NTSC-U	N/A	BLUS-31441
BLUS-31442	Skylanders: Trap Team	English / French / Portuguese / Spanish	NTSC-U	N/A	BLUS-31442
BLUS-31443	FIFA 15	English / French / Spanish	NTSC-U	N/A	BLUS-31443
BLUS-31444	Resident Evil: Revelations 2	Chinese / English / French / German / Italian / Japanese / Korean / Polish / Portuguese / Russian / Spanish	NTSC-U	N/A	BLUS-31444
BLUS-31445	Borderlands: The Pre-Sequel!	English / French / German / Italian / Spanish	NTSC-U	N/A	BLUS-31445
BLUS-31447	Tales of Xillia 2	English / French / Spanish	NTSC-U	N/A	BLUS-31447
BLUS-31448	Duck Dynasty	English	NTSC-U	N/A	BLUS-31448
BLUS-31449	Atelier Rorona Plus: The Alchemist of Arland	English	NTSC-U	N/A	BLUS-31449
BLUS-31450	Adventure Time: The Secret of the Nameless Kingdom	English / French / Portuguese / Spanish	NTSC-U	N/A	BLUS-31450
BLUS-31452	Grid Autosport	English / French / Portuguese / Spanish	NTSC-U	N/A	BLUS-31452
BLUS-31453	Natural Doctrine	English	NTSC-U	N/A	BLUS-31453
BLUS-31454	Just Dance 2015	English / French / German / Italian / Portuguese / Spanish	NTSC-U	N/A	BLUS-31454
BLUS-31455	MX vs. ATV Supercross	English / French / German / Italian / Spanish	NTSC-U	N/A	BLUS-31455
BLUS-31456	NBA 2K15	Chinese / English / French / German / Italian / Japanese / Spanish	NTSC-U	N/A	BLUS-31456
BLUS-31457	FIFA 15	N/A	NTSC-U	N/A	BLUS-31457
BLUS-31458	Pac-Man and the Ghostly Adventures 2	English / French / Portuguese / Spanish	NTSC-U	N/A	BLUS-31458
BLUS-31459	Terra-Média: Sombras de Mordor	English / Portuguese / Spanish	NTSC-U	N/A	BLUS-31459
BLUS-31460	Kingdom Hearts: HD 2.5 ReMIX	English / French / Spanish	NTSC-U	N/A	BLUS-31460
BLUS-31461	Class of Heroes 2G	English	NTSC-U	N/A	BLUS-31461
BLUS-31464	WWE 2K15	English / French / Spanish	NTSC-U	N/A	BLUS-31464
BLUS-31465	Assassin's Creed: Rogue	English / French / Portuguese / Spanish	NTSC-U	N/A	BLUS-31465
BLUS-31466	Call of Duty: Advanced Warfare	English / French / Portuguese / Spanish	NTSC-U	N/A	BLUS-31466
BLUS-31467	Guilty Gear Xrd: Sign	English	NTSC-U	N/A	BLUS-31467
BLUS-31468	The Voice: I Want You	English	NTSC-U	N/A	BLUS-31468
BLUS-31469	Persona 4 Arena Ultimax	English	NTSC-U	N/A	BLUS-31469
BLUS-31471	F1 2014	English / French / Spanish	NTSC-U	N/A	BLUS-31471
BLUS-31472	F1 2014	English / Portuguese	NTSC-U	N/A	BLUS-31472
BLUS-31473	LEGO Dimensions	English / French / Spanish	NTSC-U	N/A	BLUS-31473
BLUS-31474	Tokyo Twilight Ghost Hunters	English	NTSC-U	N/A	BLUS-31474
BLUS-31476	Tears to Tiara II: Heir of the Overlord	English	NTSC-U	N/A	BLUS-31476
BLUS-31478	Ar nosurge: Ode to an Unborn Star	N/A	NTSC-U	N/A	BLUS-31478
BLUS-31480	PES 2015: Pro Evolution Soccer	English / French / Portuguese / Spanish	NTSC-U	N/A	BLUS-31480
BLUS-31483	Assassin's Creed: The Americas Collection	English / French / Portuguese / Spanish	NTSC-U	N/A	BLUS-31483
BLUS-31488	The Walking Dead: Season Two: A Telltale Games Series	English / French / German / Portuguese / Spanish	NTSC-U	N/A	BLUS-31488
BLUS-31489	The Wolf Among Us: A Telltale Games Series	English / French / German / Spanish	NTSC-U	N/A	BLUS-31489
BLUS-31490	Under Night In-Birth: Exe:Late	English	NTSC-U	N/A	BLUS-31490
BLUS-31491	Metal Gear Solid V: The Phantom Pain	English / French / German / Italian / Japanese / Portuguese / Russian / Spanish	NTSC-U	N/A	BLUS-31491
BLUS-31493	MXGP: The Official Motocross Videogame	N/A	NTSC-U	N/A	BLUS-31493
BLUS-31494	MotoGP 14	English / French / Portuguese / Spanish	NTSC-U	N/A	BLUS-31494
BLUS-31496	Saints Row: Gat out of Hell	English / French / German / Italian / Spanish	NTSC-U	N/A	BLUS-31496
BLUS-31497	BioShock Infinite: The Complete Edition	N/A	NTSC-U	N/A	BLUS-31497
BLUS-31498	Farming Simulator 15	Dutch / English / French / German / Italian / Polish / Portuguese / Spanish	NTSC-U	N/A	BLUS-31498
BLUS-31500	The Awakened Fate Ultimatum	English	NTSC-U	N/A	BLUS-31500
BLUS-31505	Retro City Rampage DX	English	NTSC-U	N/A	BLUS-31505
BLUS-31506	Rugby 15	English / French / Spanish	NTSC-U	N/A	BLUS-31506
BLUS-31507	Dragon Ball Xenoverse	English / French / Portuguese / Spanish	NTSC-U	N/A	BLUS-31507
BLUS-31508	Motorcycle Club	English / French / German / Italian / Spanish	NTSC-U	N/A	BLUS-31508
BLUS-31509	WRC 4: FIA World Rally Championship	English / French / Spanish	NTSC-U	N/A	BLUS-31509
BLUS-31513	BlazBlue: Chrono Phantasma Extend	English / Japanese	NTSC-U	N/A	BLUS-31513
BLUS-31515	Dragon Age: Inquisition	English / Portuguese	NTSC-U	N/A	BLUS-31515
BLUS-31516	Falling Skies: The Game	English / Portuguese	NTSC-U	N/A	BLUS-31516
BLUS-31518	LEGO Jurassic World	English / French / Portuguese / Spanish	NTSC-U	N/A	BLUS-31518
BLUS-31519	J-Stars Victory Vs+	English / French / Spanish	NTSC-U	N/A	BLUS-31519
BLUS-31520	Teslagrad	Dutch / English / French / German / Italian / Japanese / Norwegian / Polish / Portuguese / Russian / Spanish / Turkish	NTSC-U	N/A	BLUS-31520
BLUS-31521	Madden NFL 16	English	NTSC-U	N/A	BLUS-31521
BLUS-31522	Disney Infinity 3.0 Edition	English / French / Spanish	NTSC-U	N/A	BLUS-31522
BLUS-31523	XBlaze: Lost: Memories	English	NTSC-U	N/A	BLUS-31523
BLUS-31525	Atelier Shallie: Alchemists of the Dusk Sea	English	NTSC-U	N/A	BLUS-31525
BLUS-31526	Adventure Time: Finn & Jake Investigations	English / French / German / Italian / Portuguese / Spanish	NTSC-U	N/A	BLUS-31526
BLUS-31527	Call of Duty: Black Ops III	English / French / Portuguese / Spanish	NTSC-U	N/A	BLUS-31527
BLUS-31528	Dark Souls II: Scholar of the First Sin	English / French / Portuguese / Spanish	NTSC-U	N/A	BLUS-31528
BLUS-31531	DreamWorks Kung Fu Panda: Showdown of Legendary Legends	English / French / German / Italian / Portuguese / Spanish	NTSC-U	N/A	BLUS-31531
BLUS-31532	Sniper Elite III: Ultimate Edition	English / French / Portuguese / Spanish	NTSC-U	N/A	BLUS-31532
BLUS-31533	Tales of Zestiria	English / French / German / Italian / Spanish	NTSC-U	N/A	BLUS-31533
BLUS-31535	Dengeki Bunko: Fighting Climax	English	NTSC-U	N/A	BLUS-31535
BLUS-31536	Teenage Mutant Ninja Turtles: Mutants in Manhattan	English / French	NTSC-U	N/A	BLUS-31536
BLUS-31537	Terraria	English / French / Spanish	NTSC-U	N/A	BLUS-31537
BLUS-31538	Steins;Gate	English	NTSC-U	N/A	BLUS-31538
BLUS-31539	Battlefield Hardline	English / French / Portuguese / Spanish	NTSC-U	N/A	BLUS-31539
BLUS-31540	NHL Legacy Edition	English / French	NTSC-U	N/A	BLUS-31540
BLUS-31542	NBA 2K16	Chinese / English / French / German / Italian / Japanese / Spanish	NTSC-U	N/A	BLUS-31542
BLUS-31543	FIFA 16	English / French / Spanish	NTSC-U	N/A	BLUS-31543
BLUS-31545	Skylanders: SuperChargers	English / French / Portuguese / Spanish	NTSC-U	N/A	BLUS-31545
BLUS-31549	WRC 5	English / French / German / Italian / Spanish	NTSC-U	N/A	BLUS-31549
BLUS-31550	LEGO Marvel Avengers	English / French / Portuguese / Spanish	NTSC-U	N/A	BLUS-31550
BLUS-31551	Ultimate Action Triple Pack	English / French / German / Italian / Portuguese / Spanish	NTSC-U	N/A	BLUS-31551
BLUS-31552	Ultimate Stealth Triple Pack	English / French / Spanish	NTSC-U	N/A	BLUS-31552
BLUS-31553	FIFA 16	N/A	NTSC-U	N/A	BLUS-31553
BLUS-31554	Lost Dimension	English	NTSC-U	N/A	BLUS-31554
BLUS-31556	Guitar Hero Live	English / French / Spanish	NTSC-U	N/A	BLUS-31556
BLUS-31558	Just Dance 2016	English / French / German / Italian / Portuguese / Spanish	NTSC-U	N/A	BLUS-31558
BLUS-31559	Os Cavaleiros do Zodíaco: Alma dos Soldados	English / French / Portuguese / Spanish	PAL	N/A	BLUS-31559
BLUS-31560	NASCAR '15	English	NTSC-U	N/A	BLUS-31560
BLUS-31561	Final Fantasy XIV Online: The Complete Experience	N/A	NTSC-U	N/A	BLUS-31561
BLUS-31562	Final Fantasy XIV Online: Heavensward	N/A	NTSC-U	N/A	BLUS-31562
BLUS-31563	Barbie & Her Sisters: Puppy Rescue	English / French / Portuguese / Spanish	NTSC-U	N/A	BLUS-31563
BLUS-31564	PES 2016: Pro Evolution Soccer	English / French / Portuguese / Spanish	NTSC-U	N/A	BLUS-31564
BLUS-31565	WWE 2K16	English / French / Spanish	NTSC-U	N/A	BLUS-31565
BLUS-31566	Transformers: Devastation	English / French	NTSC-U	N/A	BLUS-31566
BLUS-31568	Tony Hawk's Pro Skater 5	English / French	NTSC-U	N/A	BLUS-31568
BLUS-31570	Adam's Venture: Chronicles	English / French / German / Italian / Spanish	NTSC-U	N/A	BLUS-31570
BLUS-31571	Monster High: New Ghoul in School	English / French / Portuguese / Spanish	NTSC-U	N/A	BLUS-31571
BLUS-31572	The Legend of Heroes: Trails of Cold Steel	English	NTSC-U	N/A	BLUS-31572
BLUS-31576	The Jackbox Party Pack	N/A	NTSC-U	N/A	BLUS-31576
BLUS-31577	The Disgaea Triple Play Collection	English	NTSC-U	N/A	BLUS-31577
BLUS-31578	LEGO Star Wars: The Force Awakens	English / French / Portuguese / Spanish	NTSC-U	N/A	BLUS-31578
BLUS-31579	Minecraft: Story Mode: A Telltale Games Series	N/A	NTSC-U	N/A	BLUS-31579
BLUS-31580	NASCAR '15: Victory Edition	English	NTSC-U	N/A	BLUS-31580
BLUS-31581	The Arland Atelier Trilogy	English	NTSC-U	N/A	BLUS-31581
BLUS-31582	Game of Thrones: A Telltale Games Series	Chinese / English / French / German / Portuguese / Russian / Spanish	NTSC-U	N/A	BLUS-31582
BLUS-31584	Grand Theft Auto: San Andreas	English / French / German / Italian / Russian / Spanish	NTSC-U	N/A	BLUS-31584
BLUS-31586	Tales from the Borderlands	English / French / German / Italian / Portuguese / Spanish	NTSC-U	N/A	BLUS-31586
BLUS-31587	Aegis of Earth: Protonovus Assault	English	NTSC-U	N/A	BLUS-31587
BLUS-31588	Guilty Gear Xrd: Revelator	English / Japanese	NTSC-U	N/A	BLUS-31588
BLUS-31589	Madden NFL 17	English	NTSC-U	N/A	BLUS-31589
BLUS-31591	BlazBlue: Central Fiction	English / Japanese	NTSC-U	N/A	BLUS-31591
BLUS-31593	FIFA 17	English / French / Spanish	NTSC-U	N/A	BLUS-31593
BLUS-31594	FIFA 17	N/A	NTSC-U	N/A	BLUS-31594
BLUS-31595	Just Dance 2017	English / French / German / Italian / Portuguese / Spanish	NTSC-U	N/A	BLUS-31595
BLUS-31597	The Legend of Heroes: Trails of Cold Steel II	English	NTSC-U	N/A	BLUS-31597
BLUS-31598	PES 2017: Pro Evolution Soccer	English / French / Portuguese / Spanish	NTSC-U	N/A	BLUS-31598
BLUS-31599	WWE 2K17	English / French / Spanish	NTSC-U	N/A	BLUS-31599
BLUS-31600	Skylanders: Imaginators	English / French / Portuguese / Spanish	NTSC-U	N/A	BLUS-31600
BLUS-31601	Odin Sphere: Leifthrasir	English	NTSC-U	N/A	BLUS-31601
BLUS-31602	NBA 2K17	Chinese / English / French / German / Italian / Japanese / Spanish	NTSC-U	N/A	BLUS-31602
BLUS-31604	Persona 5	English	NTSC-U	N/A	BLUS-31604
BLUS-31605	Batman: The Telltale Series	English / French / German / Portuguese / Russian / Spanish	NTSC-U	N/A	BLUS-31605
BLUS-31606	Minecraft: Story Mode: A Telltale Games Series: The Complete Adventure	English / French / German / Portuguese / Russian / Spanish	NTSC-U	N/A	BLUS-31606
BLUS-31608	Disney/Pixar Cars 3: Driven to Win	English / French / Portuguese / Spanish	NTSC-U	N/A	BLUS-31608
BLUS-31610	FIFA 18: Legacy Edition	English / French / Spanish	NTSC-U	N/A	BLUS-31610
BLUS-31611	FIFA 18	English / Portuguese	NTSC-U	N/A	BLUS-31611
BLUS-31612	PES 2018: Pro Evolution Soccer	English / French / Portuguese / Spanish	NTSC-U	N/A	BLUS-31612
BLUS-31613	Just Dance 2018	English / French / German / Italian / Portuguese / Spanish	NTSC-U	N/A	BLUS-31613
BLUS-31614	NBA 2K18	Chinese / English / French / German / Italian / Japanese / Spanish	NTSC-U	N/A	BLUS-31614
BLUS-31616	FIFA 19: Legacy Edition	English / French / Spanish	PAL	N/A	BLUS-31616
BLUS-31617	FIFA 19: Legacy Edition	English / Portuguese	NTSC-U	N/A	BLUS-31617
BLUS-31620	Oddworld: Stranger's Wrath HD	English / French / Portuguese / Spanish	NTSC-U	N/A	BLUS-31620
BLUS-31621	Oddworld: Abe's Oddysee: New 'n' Tasty!	English / French / Portuguese / Spanish	NTSC-U	N/A	BLUS-31621
BLUS-31622	Shakedown: Hawaii	English	NTSC-U	N/A	BLUS-31622
BLUS-41022	Sniper Elite V2: Silver Star Edition	English / French / Spanish	NTSC-U	N/A	BLUS-41022
BLUS-41028	Metal Gear Solid: The Legacy Collection 1987-2012 (Disc 2)	English / French / Spanish	NTSC-U	N/A	BLUS-41028
BLUS-41038	Dishonored: Game of the Year Edition	English / French / Spanish	NTSC-U	N/A	BLUS-41038
BLUS-41042	Magus	English	NTSC-U	N/A	BLUS-41042
BLUS-41044	The Amazing Spider-Man 2	English / French / Portuguese / Spanish	NTSC-U	N/A	BLUS-41044
BLUS-41045	Dark Souls II	English / French / Spanish	NTSC-U	N/A	BLUS-41045
BLUS-41046	Borderlands 2: Game of the Year Edition (Add-On Disc)	N/A	NTSC-U	N/A	BLUS-41046
BLUS-82012	Borderlands Triple Pack (Gameplay Disc)	English / French / German / Italian / Spanish	NTSC-U	N/A	BLUS-82012
BLUS-82013	Borderlands Triple Pack (Add-On Installation Disc)	English / French / German / Italian / Spanish	NTSC-U	N/A	BLUS-82013
BLUS-90262	GoldenEye 007: Reloaded	English / French	NTSC-U	N/A	BLUS-90262
NPJA-00096	The Last of Us	English / Japanese	NTSC-J	2013-06-20	NPJA-00096
NPUA-80960	The Last of Us	English / French / Portuguese / Spanish	NTSC-U	2013-06-14	NPUA-80960
SCJC-80003	PlayStation 3 System Software Update (Version 2.0)	Chinese / Danish / Dutch / English / Finnish / French / German / Italian / Japanese / Korean / Norwegian / Polish / Portuguese / Russian / Spanish / Swedish / Turkish	PAL	N/A	SCJC-80003
XCUS-00001	Ratchet & Clank: Full Frontal Assault	English / French / Spanish	NTSC-U	N/A	XCUS-00001
XCUS-00003	PlayStation All-Stars Battle Royale	English / French / Portuguese / Spanish	NTSC-U	N/A	XCUS-00003
