ID	title	language	region	release_date	serial
BCAS-20001	Ridge Racer 7	English / Japanese	NTSC-J	N/A	BCAS-20001
BCAS-20002	Genji: Kamui Souran	N/A	NTSC-J	N/A	BCAS-20002
BCAS-20003	Resistance: Fall of Man	Dutch / English / French / German / Italian / Japanese / Korean / Portuguese / Spanish	NTSC-J	N/A	BCAS-20003
BCAS-20013	Folklore	Chinese / English	NTSC-J	N/A	BCAS-20013
BCAS-20018	Railfan: Taiwan High Speed Rail	Chinese / English	NTSC-J	N/A	BCAS-20018
BCAS-20023	Ratchet & Clank Future: Tools of Destruction	Chinese / Danish / Dutch / English / Finnish / French / German / Italian / Japanese / Korean / Norwegian / Portuguese / Spanish / Swedish	NTSC-J	N/A	BCAS-20023
BCAS-20037	Resistance: Fall of Man	Dutch / English / French / German / Italian / Japanese / Korean / Portuguese / Spanish	NTSC-J	N/A	BCAS-20037
BCAS-20043	Battle Fantasia	Japanese	NTSC-J	N/A	BCAS-20043
BCAS-20044	MotorStorm II	English	NTSC-J	N/A	BCAS-20044
BCAS-20047	Siren: New Translation	English / Japanese	NTSC-J	N/A	BCAS-20047
BCAS-20048	Soulcalibur IV	English / French / German / Italian / Japanese / Spanish	NTSC-J	N/A	BCAS-20048
BCAS-20050	Hakuna Matata	Japanese	NTSC-J	N/A	BCAS-20050
BCAS-20052	Ratchet & Clank: Quest for Booty	Chinese / English	NTSC-J	N/A	BCAS-20052
BCAS-20055	Resistance 2	Danish / Dutch / English / Finnish / French / German / Italian / Japanese / Korean / Norwegian / Portuguese / Spanish / Swedish	NTSC-J	N/A	BCAS-20055
BCAS-20062	Hakuna Matata	Chinese / English / Korean	NTSC-J	N/A	BCAS-20062
BCAS-20063	Samurai Dou 3	Japanese	NTSC-J	N/A	BCAS-20063
BCAS-20064	Aquanaut's Holiday: Hidden Memories	Chinese / English	NTSC-J	N/A	BCAS-20064
BCAS-20066	Killzone 2	Chinese / Danish / Dutch / English / Finnish / French / German / Italian / Japanese / Korean / Norwegian / Polish / Portuguese / Russian / Spanish / Swedish	NTSC-J	N/A	BCAS-20066
BCAS-20071	Demon's Souls	Chinese / English / Korean	NTSC-J	N/A	BCAS-20071
BCAS-20073	The Last Guy	Chinese / English	NTSC-J	N/A	BCAS-20073
BCAS-20078	LittleBigPlanet: Game of the Year Edition	Chinese / English	NTSC-J	N/A	BCAS-20078
BCAS-20079	Uncharted: Drake's Fortune	Chinese / English / Korean	NTSC-J	N/A	BCAS-20079
BCAS-20087	Toro! Let's Party!	Chinese / English / Korean	NTSC-J	N/A	BCAS-20087
BCAS-20089	Kidou Senshi Gundam Senki	Japanese	NTSC-J	N/A	BCAS-20089
BCAS-20090	Hakuna Matata	Chinese / English / Korean	NTSC-J	N/A	BCAS-20090
BCAS-20097	Uncharted 2: Among Thieves	Chinese / English / Korean	NTSC-J	N/A	BCAS-20097
BCAS-20102	God of War Collection	English	NTSC-U	N/A	BCAS-20102
BCAS-20107	Heavy Rain	Chinese / English / Korean	NTSC-J	N/A	BCAS-20107
BCAS-20110	Resistance 2	Danish / Dutch / English / Finnish / French / German / Italian / Japanese / Korean / Norwegian / Portuguese / Spanish / Swedish	NTSC-J	N/A	BCAS-20110
BCAS-20113	LittleBigPlanet 2	Chinese / English	NTSC-J	N/A	BCAS-20113
BCAS-20114	Last Rebellion	English	NTSC-U	N/A	BCAS-20114
BCAS-20115	Demon's Souls	Chinese / English / Korean	NTSC-J	N/A	BCAS-20115
BCAS-20118	Red Seeds Profile	Japanese	NTSC-J	N/A	BCAS-20118
BCAS-20125	Sports Champions	Chinese / English	NTSC-J	N/A	BCAS-20125
BCAS-20127	PlayStation 3 Big Hit Titles' Demo Collection Vol. 2	N/A	NTSC-J	N/A	BCAS-20127
BCAS-20131	Toro! Let's Party!	Chinese / English / Korean	NTSC-J	N/A	BCAS-20131
BCAS-20136	3D Collection	English	NTSC-J	N/A	BCAS-20136
BCAS-20144	Beat Sketch!	Chinese / English / Korean	NTSC-J	N/A	BCAS-20144
BCAS-20148	Rorona no Atelier: Arland no Renkinjutsushi	Japanese	NTSC-J	N/A	BCAS-20148
BCAS-20151	Gran Turismo 5	Chinese / English	NTSC-J	N/A	BCAS-20151
BCAS-20158	PlayStation 3 Big Hit Titles' Demo Collection Vol. 3	N/A	NTSC-J	N/A	BCAS-20158
BCAS-20160	MotorStorm 3: Apocalypse	English	NTSC-J	N/A	BCAS-20160
BCAS-20167	Samurai Dou 4	Japanese	NTSC-J	N/A	BCAS-20167
BCAS-20175	God of War: Origins Collection	Chinese / English / Korean	NTSC-J	N/A	BCAS-20175
BCAS-20180	inFamous	Chinese / English / Korean	NTSC-J	N/A	BCAS-20180
BCAS-20181	inFamous 2	Chinese / English / Korean	NTSC-J	N/A	BCAS-20181
BCAS-20192	Split/Second	English / French / Spanish	NTSC-J	N/A	BCAS-20192
BCAS-20218	Ni no Kuni: Shiroki Seihai no Joou	Japanese	NTSC-J	N/A	BCAS-20218
BCAS-20222	Jak and Daxter Collection	English / French / Spanish	NTSC-U	N/A	BCAS-20222
BCAS-20226	All About PlayStation Game Hits Vol. 1	N/A	NTSC-J	N/A	BCAS-20226
BCAS-20233	Tokyo Jungle	Chinese / Korean	NTSC-J	N/A	BCAS-20233
BCAS-20236	Attouteki Yuugi: Mugen Souls	Japanese	NTSC-J	N/A	BCAS-20236
BCAS-20237	MLB 12: The Show	English	NTSC-U	N/A	BCAS-20237
BCAS-20239	Totori no Atelier: Arland no Renkinjutsushi 2	Japanese	NTSC-J	N/A	BCAS-20239
BCAS-20240	Meruru no Atelier: Arland no Renkinjutsushi 3	Japanese	NTSC-J	N/A	BCAS-20240
BCAS-20242	Disney/Pixar Brave	English / French / Spanish	NTSC-U	N/A	BCAS-20242
BCAS-20244	Chou Jigen Game Neptune mk2	Japanese	NTSC-J	N/A	BCAS-20244
BCAS-20247	Journey Collector's Edition	Chinese / English	NTSC-J	N/A	BCAS-20247
BCAS-20250	Sleeping Dogs	English / French / Spanish	NTSC-U	N/A	BCAS-20250
BCAS-20252	Kami Jigen Game Neptune V	Japanese	NTSC-J	N/A	BCAS-20252
BCAS-20267	Gran Turismo 5: 2013 Edition	Chinese / English	NTSC-J	N/A	BCAS-20267
BCAS-20272	Tomb Raider	Chinese / English / Korean	NTSC-J	N/A	BCAS-20272
BCAS-20274	Disgaea D2	Japanese	NTSC-J	N/A	BCAS-20274
BCAS-20276	Everybody's Golf 6	Chinese / English	NTSC-J	N/A	BCAS-20276
BCAS-20279	Lightning Returns: Final Fantasy XIII	Chinese / Korean	NTSC-J	N/A	BCAS-20279
BCAS-20283	Final Fantasy XIII-2	Chinese / English / Korean	NTSC-J	N/A	BCAS-20283
BCAS-20289	Final Fantasy X | X-2: HD Remaster	Chinese / Korean	NTSC-J	N/A	BCAS-20289
BCAS-20311	Drag-on Dragoon 3	Chinese	NTSC-J	N/A	BCAS-20311
BCAS-20319	Lost in the Rain	Chinese / English	NTSC-J	N/A	BCAS-20319
BCAS-20333	The Evil Within	Chinese	NTSC-J	N/A	BCAS-20333
BCAS-20335	Dragon's Crown	Chinese / Korean	NTSC-J	N/A	BCAS-20335
BCAS-25001	Final Fantasy XIII	Japanese	NTSC-J	N/A	BCAS-25001
BCAS-25003	God of War III	Chinese / English	NTSC-J	N/A	BCAS-25003
BCAS-25006	Heavy Rain: Move Edition	Chinese / English / Korean	NTSC-J	N/A	BCAS-25006
BCAS-25007	God of War III	Chinese / English	NTSC-J	N/A	BCAS-25007
BCAS-25008	Killzone 3	Chinese / Danish / Dutch / English / Finnish / French / German / Italian / Korean / Norwegian / Polish / Portuguese / Russian / Spanish / Swedish / Turkish	NTSC-J	N/A	BCAS-25008
BCAS-25009	Uncharted 3: Drake's Deception	Chinese / English / Korean	NTSC-J	N/A	BCAS-25009
BCAS-25011	Final Fantasy XIII	Chinese / English / Korean	NTSC-J	N/A	BCAS-25011
BCAS-25012	Resistance 3	English / Korean	NTSC-J	N/A	BCAS-25012
BCAS-25014	Uncharted 3: Drake's Deception: Game of the Year Edition	Chinese / English / Korean	NTSC-J	N/A	BCAS-25014
BCAS-25015	The Last of Us	Chinese / English / Korean	NTSC-J	2013-06-14	BCAS-25015
BCAS-25016	God of War: Ascension	Chinese / English / Korean	NTSC-J	N/A	BCAS-25016
BCAS-85001	Tekken Hybrid	English / French / German / Italian / Japanese / Korean / Spanish	NTSC-J	N/A	BCAS-85001
BCAX-90001	Demo & Trailer Collection for Asia	N/A	NTSC-J	N/A	BCAX-90001
BCAX-90003	PlayStation 3 Big Hit Titles' Demo Collection	N/A	NTSC-J	N/A	BCAX-90003
BCAX-90004	PlayStation Move Starter Disc	English	NTSC-J	N/A	BCAX-90004
BCED-00060	Official PlayStation Magazine Issue 07: July 2007	English	PAL	N/A	BCED-00060
BCED-00084	Official PlayStation Magazine Issue 08: August 2007	English	PAL	N/A	BCED-00084
BCED-00085	Official PlayStation Magazine Issue 09: September 2007	English / French / German / Italian / Spanish	PAL	N/A	BCED-00085
BCED-00086	Official PlayStation Magazine Issue 10: October 2007	English / French / German / Italian / Spanish	PAL	N/A	BCED-00086
BCED-00087	Official PlayStation Magazine Issue 11: November 2007	English / French / German / Italian / Spanish	PAL	N/A	BCED-00087
BCED-00088	Official PlayStation Magazine Issue 12: December 2007	English / French / German / Italian / Spanish	PAL	N/A	BCED-00088
BCED-00181	Official PlayStation Magazine Issue 13: Christmas 2007	English / French / German / Italian / Spanish	PAL	N/A	BCED-00181
BCED-00202	Official PlayStation Magazine Issue 14: January 2008	English / French / German / Italian / Spanish	PAL	N/A	BCED-00202
BCED-00203	Official PlayStation Magazine Issue 15: February 2008	English / French / German / Italian / Spanish	PAL	N/A	BCED-00203
BCED-00204	Official PlayStation Magazine Issue 16: March 2008	English / French / German / Italian / Spanish	PAL	N/A	BCED-00204
BCED-00205	Official PlayStation Magazine Issue 17: April 2008	English / French / German / Italian / Spanish	PAL	N/A	BCED-00205
BCED-00206	Official PlayStation Magazine Issue 18: May 2008	English / French / German / Italian / Spanish	PAL	N/A	BCED-00206
BCED-00207	Official PlayStation Magazine Issue 19: June 2008	English / French / German / Italian / Spanish	PAL	N/A	BCED-00207
BCED-00208	Official PlayStation Magazine Issue 20: July 2008	English / French / German / Italian / Spanish	PAL	N/A	BCED-00208
BCED-00209	Official PlayStation Magazine Issue 21: August 2008	English / French / German / Italian / Spanish	PAL	N/A	BCED-00209
BCED-00210	Official PlayStation Magazine Issue 22: September 2008	English / French / German / Italian / Spanish	PAL	N/A	BCED-00210
BCED-00211	Official PlayStation Magazine Issue 23: October 2008	English / French / German / Italian / Spanish	PAL	N/A	BCED-00211
BCED-00212	Official PlayStation Magazine Issue 24: November 2008	English / French / German / Italian / Spanish	PAL	N/A	BCED-00212
BCED-00213	Official PlayStation Magazine Issue 25: December 2008	English / French / German / Italian / Spanish	PAL	N/A	BCED-00213
BCED-00214	Official PlayStation Magazine Issue 26: Christmas 2008	English / French / German / Italian / Portuguese / Spanish	PAL	N/A	BCED-00214
BCED-00393	Gran Turismo 5: Prologue: Special Event Version: GT by Citroën	Dutch / English / French / German / Italian / Japanese / Portuguese / Spanish	PAL	N/A	BCED-00393
BCED-00426	Official PlayStation Magazine Issue 27: January 2009	English / French / German / Italian / Portuguese / Spanish	PAL	N/A	BCED-00426
BCED-00427	Official PlayStation Magazine Issue 28: February 2009	English / French / German / Italian / Portuguese / Spanish	PAL	N/A	BCED-00427
BCED-00428	Official PlayStation Magazine Issue 29: March 2009	English / French / German / Italian / Portuguese / Spanish	PAL	N/A	BCED-00428
BCED-00429	Official PlayStation Magazine Issue 30: April 2009	English / French / German / Italian / Portuguese / Spanish	PAL	N/A	BCED-00429
BCED-00430	Official PlayStation Magazine Issue 31: May 2009	English / French / German / Italian / Portuguese / Spanish	PAL	N/A	BCED-00430
BCED-00431	Official PlayStation Magazine Issue 32: June 2009	English / French / German / Italian / Portuguese / Spanish	PAL	N/A	BCED-00431
BCED-00432	Official PlayStation Magazine Issue 33: July 2009	English / French / German / Italian / Portuguese / Spanish	PAL	N/A	BCED-00432
BCED-00433	Official PlayStation Magazine Issue 34: August 2009	English / French / German / Italian / Portuguese / Spanish	PAL	N/A	BCED-00433
BCED-00434	Official PlayStation Magazine Issue 35: September 2009	English / French / German / Italian / Portuguese / Spanish	PAL	N/A	BCED-00434
BCED-00435	Official PlayStation Magazine Issue 36: October 2009	English / French / German / Italian / Portuguese / Spanish	PAL	N/A	BCED-00435
BCED-00436	Official PlayStation Magazine Issue 37: November 2009	English / French / German / Italian / Portuguese / Spanish	PAL	N/A	BCED-00436
BCED-00437	Official PlayStation Magazine Issue 38: December 2009	English / French / German / Italian / Portuguese / Spanish	PAL	N/A	BCED-00437
BCED-00438	Official PlayStation Magazine Issue 39: Christmas 2009	English / French / German / Italian / Portuguese / Spanish	PAL	N/A	BCED-00438
BCED-00439	Official PlayStation Magazine Issue 40: January 2010	English	PAL	N/A	BCED-00439
BCED-00803	Official PlayStation Magazine Issue 41: February 2010	English	PAL	N/A	BCED-00803
BCED-00804	Official PlayStation Magazine Issue 42: March 2010	English	PAL	N/A	BCED-00804
BCED-00805	Official PlayStation Magazine Issue 43: April 2010	English	PAL	N/A	BCED-00805
BCED-00806	Official PlayStation Magazine Issue 44: May 2010	English	PAL	N/A	BCED-00806
BCED-00807	Official PlayStation Magazine Issue 45: June 2010	English	PAL	N/A	BCED-00807
BCED-00808	Official PlayStation Magazine Issue 46: July 2010	English	PAL	N/A	BCED-00808
BCED-00809	Official PlayStation Magazine Issue 47: August 2010	English	PAL	N/A	BCED-00809
BCED-00810	Official PlayStation Magazine Issue 48: September 2010	English	PAL	N/A	BCED-00810
BCED-00811	Official PlayStation Magazine Issue 49: October 2010	English	PAL	N/A	BCED-00811
BCED-00812	Official PlayStation Magazine Issue 50: November 2010	English	PAL	N/A	BCED-00812
BCED-00813	Official PlayStation Magazine Issue 51: December 2010	English	PAL	N/A	BCED-00813
BCED-00814	Official PlayStation Magazine Issue 52: Christmas 2010	English	PAL	N/A	BCED-00814
BCED-00815	Official PlayStation Magazine Issue 53: January 2011	English	PAL	N/A	BCED-00815
BCED-01063	PlayStation Move Starter Disc	Danish / Dutch / English / Finnish / French / German / Italian / Norwegian / Polish / Portuguese / Russian / Spanish / Swedish	PAL	N/A	BCED-01063
BCED-01196	Official PlayStation Magazine Issue 54: February 2011	English	PAL	N/A	BCED-01196
BCED-01197	Official PlayStation Magazine Issue 55: March 2011	English	PAL	N/A	BCED-01197
BCED-01198	Official PlayStation Magazine Issue 56: April 2011	English	PAL	N/A	BCED-01198
BCED-01199	Official PlayStation Magazine Issue 57: May 2011	English	PAL	N/A	BCED-01199
BCED-01200	Official PlayStation Magazine Issue 58: June 2011	English	PAL	N/A	BCED-01200
BCED-01201	Official PlayStation Magazine Issue 58: June 2011	English	PAL	N/A	BCED-01201
BCED-01202	Official PlayStation Magazine Issue 60: August 2011	English	PAL	N/A	BCED-01202
BCED-01203	Official PlayStation Magazine Issue 61: September 2011	English	PAL	N/A	BCED-01203
BCED-01204	Official PlayStation Magazine Issue 62: October 2011	English	PAL	N/A	BCED-01204
BCED-01205	Official PlayStation Magazine Issue 63: November 2011	English	PAL	N/A	BCED-01205
BCED-01206	Official PlayStation Magazine Issue 64: December 2011	English	PAL	N/A	BCED-01206
BCED-01207	Official PlayStation Magazine Issue 65: Christmas 2011	N/A	PAL	N/A	BCED-01207
BCED-01208	Official PlayStation Magazine Issue 66: January 2012	English	PAL	N/A	BCED-01208
BCED-01209	Official PlayStation Magazine Issue 67: February 2012	English	PAL	N/A	BCED-01209
BCED-01564	Official PlayStation Magazine Issue 69: April 2012	English	PAL	N/A	BCED-01564
BCED-01565	Official PlayStation Magazine Issue 70: May 2012	English	PAL	N/A	BCED-01565
BCED-01566	Official PlayStation Magazine Issue 71: June 2012	N/A	PAL	N/A	BCED-01566
BCED-01567	Official PlayStation Magazine Issue 72: July 2012	English	PAL	N/A	BCED-01567
BCED-01568	Official PlayStation Magazine Issue 73: August 2012	N/A	PAL	N/A	BCED-01568
BCED-01569	Official PlayStation Magazine Issue 74: September 2012	N/A	PAL	N/A	BCED-01569
BCED-01570	Official PlayStation Magazine Issue 75: October 2012	N/A	PAL	N/A	BCED-01570
BCED-01571	Official PlayStation Magazine Issue 76: November 2012	N/A	PAL	N/A	BCED-01571
BCED-01572	Official PlayStation Magazine Issue 77: December 2012	N/A	PAL	N/A	BCED-01572
BCED-01573	Official PlayStation Magazine Issue 78: Christmas 2012	N/A	PAL	N/A	BCED-01573
BCED-01574	Official PlayStation Magazine Issue 79: January 2013	N/A	PAL	N/A	BCED-01574
BCED-01575	Official PlayStation Magazine Issue 80: February 2013	English	PAL	N/A	BCED-01575
BCED-01576	Official PlayStation Magazine Issue 81: March 2013	N/A	PAL	N/A	BCED-01576
BCED-01577	Official PlayStation Magazine Issue 68: March 2012	English	PAL	N/A	BCED-01577
BCED-01817	Official PlayStation Magazine Issue 82: April 2013	N/A	PAL	N/A	BCED-01817
BCED-01818	Official PlayStation Magazine Issue 83: May 2013	N/A	PAL	N/A	BCED-01818
BCED-01819	Official PlayStation Magazine Issue 84: June 2013	English	PAL	N/A	BCED-01819
BCES-00000	Ratchet & Clank: A Crack in Time	Dutch / English / French / German / Italian / Spanish	PAL	N/A	BCES-00000
BCES-00001	Resistance: Fall of Man	Dutch / English / French / German / Italian / Japanese / Korean / Portuguese / Spanish	PAL	N/A	BCES-00001
BCES-00002	Genji: Days of the Blade	Danish / Dutch / English / Finnish / French / German / Italian / Japanese / Norwegian / Portuguese / Spanish / Swedish	PAL	N/A	BCES-00002
BCES-00004	Lair	Chinese / Danish / Dutch / English / Finnish / French / German / Italian / Japanese / Korean / Norwegian / Portuguese / Spanish / Swedish	PAL	N/A	BCES-00004
BCES-00005	Formula One: Championship Edition	English / Finnish / French / German / Italian / Portuguese / Spanish	PAL	N/A	BCES-00005
BCES-00006	MotorStorm	Danish / Dutch / English / Finnish / French / German / Italian / Norwegian / Portuguese / Spanish / Swedish	PAL	N/A	BCES-00006
BCES-00007	The Eye of Judgment	Chinese / English / French / German / Italian / Japanese / Spanish	PAL	N/A	BCES-00007
BCES-00008	Warhawk	Danish / Dutch / English / Finnish / French / German / Italian / Norwegian / Portuguese / Russian / Spanish / Swedish	PAL	N/A	BCES-00008
BCES-00009	Ridge Racer 7	English / French / German / Italian / Japanese / Spanish	PAL	N/A	BCES-00009
BCES-00011	SingStar	Danish / Dutch / English / Finnish / French / German / Italian / Norwegian / Portuguese / Spanish / Swedish	PAL	N/A	BCES-00011
BCES-00030	SingStar	Danish / Dutch / English / Finnish / French / German / Italian / Norwegian / Portuguese / Spanish / Swedish	PAL	N/A	BCES-00030
BCES-00031	SingStar	Danish / Dutch / English / Finnish / French / German / Italian / Norwegian / Portuguese / Spanish / Swedish	PAL	N/A	BCES-00031
BCES-00032	SingStar	Danish / Dutch / English / Finnish / French / German / Italian / Norwegian / Portuguese / Spanish / Swedish	PAL	N/A	BCES-00032
BCES-00050	Folklore	English / French / German / Italian / Spanish	PAL	N/A	BCES-00050
BCES-00051	SingStar	N/A	PAL	N/A	BCES-00051
BCES-00052	Ratchet & Clank: Tools of Destruction	Chinese / Danish / Dutch / English / Finnish / French / German / Italian / Japanese / Korean / Norwegian / Portuguese / Spanish / Swedish	PAL	N/A	BCES-00052
BCES-00057	Time Crisis 4	English / French / German / Italian / Spanish	PAL	N/A	BCES-00057
BCES-00065	Uncharted: Drake's Fortune	Danish / Dutch / English / Finnish / French / German / Italian / Norwegian / Portuguese / Spanish / Swedish	PAL	N/A	BCES-00065
BCES-00068	Everybody's Golf: World Tour	English / French / German / Italian / Spanish	PAL	N/A	BCES-00068
BCES-00069	EyeCreate	English / French / German / Italian / Spanish	PAL	N/A	BCES-00069
BCES-00078	Heavenly Sword	Danish / Dutch / English / Finnish / French / German / Italian / Norwegian / Portuguese / Spanish / Swedish	PAL	N/A	BCES-00078
BCES-00081	Killzone 2	Danish / Dutch / English / Finnish / French / German / Italian / Norwegian / Polish / Portuguese / Russian / Spanish / Swedish	PAL	N/A	BCES-00081
BCES-00096	PlayTV	Basque / Catalan / Danish / Dutch / English / Finnish / French / Gaelic / German / Italian / Norwegian / Portuguese / Spanish / Swedish	PAL	N/A	BCES-00096
BCES-00098	Buzz! Quiz TV	Dutch / English / French / German / Italian / Portuguese / Spanish	PAL	N/A	BCES-00098
BCES-00099	Buzz! Quiz TV	Danish / English / Finnish / Norwegian / Swedish	PAL	N/A	BCES-00099
BCES-00104	Gran Turismo 5: Prologue	Dutch / English / French / German / Italian / Portuguese / Spanish	PAL	N/A	BCES-00104
BCES-00112	NBA 08	English / French / German / Italian / Spanish	PAL	N/A	BCES-00112
BCES-00129	MotorStorm: Pacific Rift	Danish / Dutch / English / Finnish / French / German / Italian / Norwegian / Portuguese / Russian / Spanish / Swedish	PAL	N/A	BCES-00129
BCES-00141	LittleBigPlanet	Chinese / Danish / Dutch / English / Finnish / French / German / Italian / Japanese / Korean / Norwegian / Portuguese / Spanish / Swedish	PAL	N/A	BCES-00141
BCES-00173	SOCOM: Confrontation	Danish / Dutch / English / Finnish / French / German / Italian / Japanese / Korean / Norwegian / Portuguese / Russian / Spanish / Swedish	PAL	N/A	BCES-00173
BCES-00185	SingStar Vol. 2	Danish / Dutch / English / Finnish / French / German / Italian / Norwegian / Portuguese / Spanish / Swedish	PAL	N/A	BCES-00185
BCES-00195	Buzz! Quiz TV	Polish	PAL	N/A	BCES-00195
BCES-00216	SingStar Vol. 3	Danish / Dutch / English / Finnish / French / German / Italian / Norwegian / Portuguese / Spanish / Swedish	PAL	N/A	BCES-00216
BCES-00220	inFamous	Dutch / French / German / Italian / Spanish	PAL	N/A	BCES-00220
BCES-00225	White Knight Chronicles	English / French / German / Italian / Spanish	PAL	N/A	BCES-00225
BCES-00226	Resistance 2	Danish / Dutch / English / Finnish / French / German / Italian / Japanese / Korean / Norwegian / Portuguese / Spanish / Swedish	PAL	N/A	BCES-00226
BCES-00233	SingStar Vol. 2	Danish / Dutch / English / Finnish / French / German / Italian / Norwegian / Portuguese / Spanish / Swedish	PAL	N/A	BCES-00233
BCES-00234	SingStar Vol. 2	Danish / Dutch / English / Finnish / French / German / Italian / Norwegian / Portuguese / Spanish / Swedish	PAL	N/A	BCES-00234
BCES-00235	SingStar Vol. 2	Danish / Dutch / English / Finnish / French / German / Italian / Norwegian / Portuguese / Spanish / Swedish	PAL	N/A	BCES-00235
BCES-00264	SingStar Hits	Danish / Dutch / English / Finnish / French / German / Italian / Norwegian / Spanish / Swedish	PAL	N/A	BCES-00264
BCES-00265	SingStar Vol. 3	Danish / Dutch / English / Finnish / French / German / Italian / Norwegian / Portuguese / Spanish / Swedish	PAL	N/A	BCES-00265
BCES-00266	SingStar Vol. 3	Danish / Dutch / English / Finnish / French / German / Italian / Norwegian / Portuguese / Spanish / Swedish	PAL	N/A	BCES-00266
BCES-00267	SingStar Vol. 3	Danish / Dutch / English / Finnish / French / German / Italian / Norwegian / Portuguese / Spanish / Swedish	PAL	N/A	BCES-00267
BCES-00293	SingStar Pop Edition	Danish / Dutch / English / Finnish / French / German / Italian / Norwegian / Portuguese / Russian / Spanish / Swedish	PAL	N/A	BCES-00293
BCES-00294	Siren: Blood Curse	English / French / German / Italian / Spanish	PAL	N/A	BCES-00294
BCES-00301	Ratchet & Clank: Quest for Booty	Chinese / Danish / Dutch / English / Finnish / French / German / Italian / Japanese / Korean / Norwegian / Portuguese / Spanish / Swedish	PAL	N/A	BCES-00301
BCES-00303	Buzz! Quiz TV	Dutch / English / French / German / Italian / Portuguese / Spanish	PAL	N/A	BCES-00303
BCES-00304	Buzz! TV Visa Special Edition	Danish / English / Finnish / Norwegian / Swedish	PAL	N/A	BCES-00304
BCES-00341	SingStar Pop Edition	Danish / Dutch / English / Finnish / French / German / Italian / Norwegian / Portuguese / Russian / Spanish / Swedish	PAL	N/A	BCES-00341
BCES-00342	SingStar Pop 2009	Danish / Dutch / English / Finnish / French / German / Italian / Norwegian / Portuguese / Russian / Spanish / Swedish	PAL	N/A	BCES-00342
BCES-00345	SingStar A Tutto Pop	Danish / Dutch / English / Finnish / French / German / Italian / Norwegian / Portuguese / Russian / Spanish / Swedish	PAL	N/A	BCES-00345
BCES-00346	SingStar Hits 2	Danish / Dutch / English / Finnish / French / German / Italian / Norwegian / Portuguese / Russian / Spanish / Swedish	PAL	N/A	BCES-00346
BCES-00347	Buzz! Brain of the UK	English	PAL	N/A	BCES-00347
BCES-00348	Buzz! Le Plus Malin des Français	French	PAL	N/A	BCES-00348
BCES-00349	Buzz! Il Quizzone Nazionale	Italian	PAL	N/A	BCES-00349
BCES-00350	Buzz! Deutschlands Superquiz	German	PAL	N/A	BCES-00350
BCES-00351	Buzz! ¿Qué Sabes de tu País?	Spanish	PAL	N/A	BCES-00351
BCES-00363	Buzz! Brain of Oz	English	PAL	N/A	BCES-00363
BCES-00364	Buzz! Brain of the World	Dutch / English / French	PAL	N/A	BCES-00364
BCES-00365	Buzz! Brain of Switzerland	French / German / Italian	PAL	N/A	BCES-00365
BCES-00366	Buzz! Brain of the World	Danish / English / Finnish / Norwegian / Swedish	PAL	N/A	BCES-00366
BCES-00367	Buzz! Polskie Łamigłówki	Croatian / English / Polish / Russian	PAL	N/A	BCES-00367
BCES-00381	SingStar ABBA	Danish / Dutch / English / Finnish / French / German / Italian / Norwegian / Portuguese / Spanish / Swedish	PAL	N/A	BCES-00381
BCES-00423	SingStar ABBA	Danish / Dutch / English / Finnish / French / German / Italian / Norwegian / Portuguese / Spanish / Swedish	PAL	N/A	BCES-00423
BCES-00440	Buzz! Quiz World	English	PAL	N/A	BCES-00440
BCES-00458	Heavy Rain	English	PAL	N/A	BCES-00458
BCES-00459	Buzz! Quem é o Génio Português?	English / German / Portuguese	PAL	N/A	BCES-00459
BCES-00463	The Shoot	Danish / Dutch / English / Finnish / French / German / Italian / Norwegian / Polish / Portuguese / Russian / Spanish / Swedish	PAL	N/A	BCES-00463
BCES-00483	EyePet	Danish / Dutch / English / Finnish / French / German / Italian / Norwegian / Polish / Portuguese / Russian / Spanish / Swedish	PAL	N/A	BCES-00483
BCES-00484	MotorStorm: Apocalypse	Danish / Dutch / English / Finnish / French / German / Italian / Korean / Norwegian / Polish / Portuguese / Russian / Spanish / Swedish	PAL	N/A	BCES-00484
BCES-00494	SingStar Queen	Danish / Dutch / English / Finnish / French / German / Italian / Norwegian / Polish / Portuguese / Russian / Spanish / Swedish	PAL	N/A	BCES-00494
BCES-00509	Uncharted 2: Among Thieves	Dutch / English / French / German / Italian	PAL	N/A	BCES-00509
BCES-00510	God of War III	Dutch / English / French / German / Italian / Polish / Portuguese / Russian / Spanish	PAL	N/A	BCES-00510
BCES-00511	Ratchet & Clank: A Crack in Time	Dutch / English / French / German / Italian / Spanish	PAL	N/A	BCES-00511
BCES-00518	SingStar Morangos com Açúcar	Danish / Dutch / English / Finnish / French / German / Italian / Norwegian / Polish / Portuguese / Russian / Spanish / Swedish	PAL	N/A	BCES-00518
BCES-00519	SingStar Mallorca Party	Danish / Dutch / English / Finnish / French / German / Italian / Norwegian / Polish / Portuguese / Russian / Spanish / Swedish	PAL	N/A	BCES-00519
BCES-00520	SingStar Studio 100	Danish / Dutch / English / Finnish / French / German / Italian / Norwegian / Polish / Portuguese / Russian / Spanish / Swedish	PAL	N/A	BCES-00520
BCES-00531	SingStar Polskie Hity	Danish / Dutch / English / Finnish / French / German / Italian / Norwegian / Polish / Portuguese / Russian / Spanish / Swedish	PAL	N/A	BCES-00531
BCES-00548	Pain	English / French / German / Italian / Spanish	PAL	N/A	BCES-00548
BCES-00558	MAG	Danish / Dutch / English / Finnish / French / German / Italian / Japanese / Korean / Norwegian / Polish / Portuguese / Russian / Spanish / Swedish	PAL	N/A	BCES-00558
BCES-00569	Gran Turismo 5	Dutch / English / French / German / Greek / Italian / Japanese / Polish / Portuguese / Russian / Spanish / Turkish	PAL	N/A	BCES-00569
BCES-00583	SingStar Mecano	Danish / Dutch / English / Finnish / French / German / Italian / Norwegian / Polish / Portuguese / Russian / Spanish / Swedish	PAL	N/A	BCES-00583
BCES-00591	inFamous	Polish	PAL	N/A	BCES-00591
BCES-00596	SingStar Motown	Danish / Dutch / English / Finnish / French / German / Italian / Norwegian / Polish / Portuguese / Russian / Spanish / Swedish	PAL	N/A	BCES-00596
BCES-00598	TV Superstars	Danish / Dutch / English / Finnish / French / German / Italian / Norwegian / Polish / Portuguese / Russian / Spanish / Swedish	PAL	N/A	BCES-00598
BCES-00607	SingStar Take That	Danish / Dutch / English / Finnish / French / German / Italian / Norwegian / Polish / Portuguese / Russian / Spanish / Swedish	PAL	N/A	BCES-00607
BCES-00609	inFamous	English / Portuguese / Russian	PAL	N/A	BCES-00609
BCES-00611	LittleBigPlanet: Game of the Year Edition	Chinese / Danish / Dutch / English / Finnish / French / German / Italian / Japanese / Korean / Norwegian / Polish / Portuguese / Russian / Spanish / Swedish	PAL	N/A	BCES-00611
BCES-00614	SingStar Made in Germany	Danish / Dutch / English / Finnish / French / German / Italian / Norwegian / Polish / Portuguese / Russian / Spanish / Swedish	PAL	N/A	BCES-00614
BCES-00617	SingStar Starter Pack	Danish / Dutch / English / Finnish / French / German / Italian / Norwegian / Polish / Portuguese / Russian / Spanish / Swedish	PAL	N/A	BCES-00617
BCES-00621	SingStar Starter Pack	Danish / Dutch / English / Finnish / French / German / Italian / Norwegian / Polish / Portuguese / Russian / Spanish / Swedish	PAL	N/A	BCES-00621
BCES-00622	SingStar Intro	Danish / Dutch / English / Finnish / French / German / Italian / Norwegian / Polish / Portuguese / Russian / Spanish / Swedish	PAL	N/A	BCES-00622
BCES-00624	SingStar Starter Pack	Danish / Dutch / English / Finnish / French / German / Italian / Norwegian / Polish / Portuguese / Russian / Spanish / Swedish	PAL	N/A	BCES-00624
BCES-00625	SingStar Starter Pack	Danish / Dutch / English / Finnish / French / German / Italian / Norwegian / Polish / Portuguese / Russian / Spanish / Swedish	PAL	N/A	BCES-00625
BCES-00634	SingStar The Wiggles	Danish / Dutch / English / Finnish / French / German / Italian / Norwegian / Polish / Portuguese / Russian / Spanish / Swedish	PAL	N/A	BCES-00634
BCES-00640	SingStar Chartbreaker	Danish / Dutch / English / Finnish / French / German / Italian / Norwegian / Polish / Portuguese / Russian / Spanish / Swedish	PAL	N/A	BCES-00640
BCES-00642	Ghostbusters: The Video Game	Dutch / English / French / German / Italian / Spanish	PAL	N/A	BCES-00642
BCES-00644	Buzz! Quiz World	Dutch / English / French / German / Italian	PAL	N/A	BCES-00644
BCES-00645	Buzz! Quiz World	English / Portuguese / Spanish	PAL	N/A	BCES-00645
BCES-00646	Buzz! Quiz World	Danish / English / Finnish / Norwegian / Swedish	PAL	N/A	BCES-00646
BCES-00647	Buzz! Quiz World	Croatian / Czech / Greek / Polish / Russian	PAL	N/A	BCES-00647
BCES-00664	WipEout HD Fury	Danish / Dutch / English / Finnish / French / German / Italian / Norwegian / Portuguese / Russian / Spanish / Swedish	PAL	N/A	BCES-00664
BCES-00701	ModNation Racers	Danish / Dutch / English / Finnish / French / German / Italian / Norwegian / Polish / Portuguese / Russian / Spanish / Swedish	PAL	N/A	BCES-00701
BCES-00722	SingStar Vasco	Afrikaans / Danish / Dutch / English / Finnish / French / German / Italian / Norwegian / Polish / Portuguese / Russian / Spanish / Swedish	PAL	N/A	BCES-00722
BCES-00726	Ratchet & Clank: A Crack in Time	English	PAL	N/A	BCES-00726
BCES-00727	Uncharted 2: Among Thieves	English	PAL	N/A	BCES-00727
BCES-00747	Start the Party!	English	PAL	N/A	BCES-00747
BCES-00748	Ratchet & Clank: A Crack in Time	Danish / English / Finnish / Norwegian / Portuguese / Swedish	PAL	N/A	BCES-00748
BCES-00757	Uncharted 2: Among Thieves	Danish / English / Finnish / Norwegian / Polish / Portuguese / Russian / Spanish / Swedish	PAL	N/A	BCES-00757
BCES-00764	ModNation Racers	English	PAL	N/A	BCES-00764
BCES-00784	Buzz! The Ultimate Music Quiz	English	PAL	N/A	BCES-00784
BCES-00791	God of War Collection	English / French / German / Italian / Russian / Spanish	PAL	N/A	BCES-00791
BCES-00795	Sports Champions	Danish / Dutch / English / Finnish / French / German / Italian / Norwegian / Polish / Portuguese / Russian / Spanish / Swedish	PAL	N/A	BCES-00795
BCES-00797	Heavy Rain	Dutch / English / French / German / Italian / Portuguese / Spanish	PAL	N/A	BCES-00797
BCES-00799	God of War III	English	PAL	N/A	BCES-00799
BCES-00800	God of War Collection	English	PAL	N/A	BCES-00800
BCES-00802	Heavy Rain	Danish / English / Finnish / Norwegian / Polish / Russian / Swedish	PAL	N/A	BCES-00802
BCES-00818	MAG	English	PAL	N/A	BCES-00818
BCES-00819	Sorcery	Danish / Dutch / English / Finnish / French / German / Italian / Norwegian / Polish / Portuguese / Russian / Spanish / Swedish	PAL	N/A	BCES-00819
BCES-00828	Buzz! The Ultimate Music Quiz	Dutch / English / French / German / Italian	PAL	N/A	BCES-00828
BCES-00829	Buzz! The Ultimate Music Quiz	Danish / English / Finnish / Norwegian / Swedish	PAL	N/A	BCES-00829
BCES-00830	Buzz! The Ultimate Music Quiz	English / Portuguese / Spanish	PAL	N/A	BCES-00830
BCES-00831	Buzz! The Ultimate Music Quiz	Greek	PAL	N/A	BCES-00831
BCES-00835	SingStar Guitar	Danish / Dutch / English / Finnish / French / German / Italian / Norwegian / Polish / Portuguese / Russian / Spanish / Swedish	PAL	N/A	BCES-00835
BCES-00846	SingStar Chart Hits	Danish / Dutch / English / Finnish / French / German / Italian / Norwegian / Polish / Portuguese / Russian / Spanish / Swedish	PAL	N/A	BCES-00846
BCES-00847	SingStar SuomiHitit	Danish / Dutch / English / Finnish / French / German / Italian / Norwegian / Polish / Portuguese / Russian / Spanish / Swedish	PAL	N/A	BCES-00847
BCES-00850	LittleBigPlanet 2	Danish / Dutch / English / Finnish / French / German / Italian / Norwegian / Polish / Portuguese / Russian / Spanish / Swedish	PAL	N/A	BCES-00850
BCES-00852	SingStar Kent	Danish / Dutch / English / Finnish / French / German / Italian / Norwegian / Polish / Portuguese / Spanish / Swedish	PAL	N/A	BCES-00852
BCES-00856	SingStar Polskie Hity 2	Danish / Dutch / English / Finnish / French / German / Italian / Norwegian / Polish / Portuguese / Russian / Spanish / Swedish	PAL	N/A	BCES-00856
BCES-00864	EyePet: Move Edition	Danish / Dutch / English / Finnish / French / German / Italian / Norwegian / Polish / Portuguese / Russian / Spanish / Swedish	PAL	N/A	BCES-00864
BCES-00865	EyePet & Friends	Danish / Dutch / English / Finnish / French / German / Italian / Norwegian / Polish / Portuguese / Russian / Spanish / Swedish	PAL	N/A	BCES-00865
BCES-00869	SingStar Fussballhits	Danish / Dutch / English / Finnish / French / German / Italian / Norwegian / Polish / Portuguese / Russian / Spanish / Swedish	PAL	N/A	BCES-00869
BCES-00871	SingStar Portugal Hits	Danish / Dutch / English / Finnish / French / German / Italian / Norwegian / Polish / Portuguese / Russian / Spanish / Swedish	PAL	N/A	BCES-00871
BCES-00873	SingStar Patito Feo	Danish / Dutch / English / Finnish / French / German / Italian / Norwegian / Polish / Portuguese / Russian / Spanish / Swedish	PAL	N/A	BCES-00873
BCES-00874	The Fight	Danish / Dutch / English / Finnish / French / German / Italian / Norwegian / Polish / Portuguese / Russian / Spanish / Swedish	PAL	N/A	BCES-00874
BCES-00879	Disney/Pixar Toy Story 3	Danish / Finnish / Norwegian / Swedish	PAL	N/A	BCES-00879
BCES-00894	SingStar Dance	Danish / Dutch / English / Finnish / French / German / Italian / Norwegian / Polish / Portuguese / Russian / Spanish / Swedish	PAL	N/A	BCES-00894
BCES-00907	Starhawk	Danish / Dutch / English / Finnish / French / German / Italian / Norwegian / Polish / Portuguese / Russian / Spanish / Swedish	PAL	N/A	BCES-00907
BCES-00908	Kung Fu Rider	Danish / Dutch / English / Finnish / French / German / Italian / Norwegian / Polish / Portuguese / Russian / Spanish / Swedish	PAL	N/A	BCES-00908
BCES-00935	Puppeteer	Danish / Dutch / English / Finnish / French / German / Italian / Norwegian / Polish / Portuguese / Russian / Spanish / Swedish / Turkish	PAL	N/A	BCES-00935
BCES-00938	SOCOM: Special Forces	Danish / Dutch / English / Finnish / French / German / Italian / Norwegian / Polish / Portuguese / Russian / Spanish / Swedish	PAL	N/A	BCES-00938
BCES-00939	SOCOM: Special Forces	English	PAL	N/A	BCES-00939
BCES-00956	PlayStation Move Heroes	Danish / Dutch / English / Finnish / French / German / Italian / Norwegian / Polish / Portuguese / Russian / Spanish / Swedish	PAL	N/A	BCES-00956
BCES-00968	The Sly Trilogy	Danish / Dutch / English / Finnish / French / German / Italian / Norwegian / Portuguese / Spanish / Swedish	PAL	N/A	BCES-00968
BCES-00969	Start the Party!	Danish / Dutch / English / Finnish / French / German / Italian / Norwegian / Polish / Portuguese / Russian / Spanish / Swedish	PAL	N/A	BCES-00969
BCES-00970	Start the Party! Parti Başlasin!	English / Turkish	PAL	N/A	BCES-00970
BCES-00979	SingStar Guitar	Danish / Dutch / English / Finnish / French / German / Italian / Norwegian / Polish / Portuguese / Russian / Spanish / Swedish	PAL	N/A	BCES-00979
BCES-00980	SingStar Guitar	Danish / Dutch / English / Finnish / French / German / Italian / Norwegian / Polish / Portuguese / Russian / Spanish / Swedish	PAL	N/A	BCES-00980
BCES-00981	SingStar Guitar	Danish / Dutch / English / Finnish / French / German / Italian / Norwegian / Polish / Portuguese / Russian / Spanish / Swedish	PAL	N/A	BCES-00981
BCES-00982	The Sly Trilogy	English	PAL	N/A	BCES-00982
BCES-01007	Killzone 3	Chinese / Danish / Dutch / English / Finnish / French / German / Italian / Japanese / Korean / Norwegian / Polish / Portuguese / Russian / Spanish / Swedish / Turkish	PAL	N/A	BCES-01007
BCES-01010	Twisted Metal	Dutch / English / French / German / Italian / Polish / Portuguese / Russian / Spanish	PAL	N/A	BCES-01010
BCES-01012	Sports Champions	English	PAL	N/A	BCES-01012
BCES-01023	SingStar Cantautori Italiani	Danish / Dutch / English / Finnish / French / German / Italian / Norwegian / Polish / Portuguese / Russian / Spanish / Swedish	PAL	N/A	BCES-01023
BCES-01024	SingStar Après-Ski Party 2	Danish / Dutch / English / Finnish / French / German / Italian / Norwegian / Polish / Portuguese / Russian / Spanish / Swedish	PAL	N/A	BCES-01024
BCES-01027	Sorcery	English	PAL	N/A	BCES-01027
BCES-01029	Kung Fu Rider	English	PAL	N/A	BCES-01029
BCES-01048	DC Universe Online	English / French / German / Italian / Spanish	PAL	N/A	BCES-01048
BCES-01049	SingStar Dance	Danish / Dutch / English / Finnish / French / German / Italian / Norwegian / Polish / Portuguese / Russian / Spanish / Swedish	PAL	N/A	BCES-01049
BCES-01058	The Shoot	English	PAL	N/A	BCES-01058
BCES-01070	Time Crisis: Razing Storm	English / French / German / Italian / Japanese / Spanish	PAL	N/A	BCES-01070
BCES-01072	The Fight	Danish / Dutch / English / Finnish / French / German / Italian / Norwegian / Polish / Portuguese / Russian / Spanish / Swedish	PAL	N/A	BCES-01072
BCES-01077	TV Superstars	English	PAL	N/A	BCES-01077
BCES-01083	SingStar Afrikaanse Treffers	Afrikaans / Danish / Dutch / English / Finnish / French / German / Italian / Norwegian / Polish / Portuguese / Russian / Spanish / Swedish	PAL	N/A	BCES-01083
BCES-01085	White Knight Chronicles II	English / French / German / Italian / Spanish	PAL	N/A	BCES-01085
BCES-01086	LittleBigPlanet 2	English	PAL	N/A	BCES-01086
BCES-01097	Ico & Shadow of the Colossus	English / French / German / Italian / Spanish	PAL	N/A	BCES-01097
BCES-01104	MotorStorm: Apocalypse	English	PAL	N/A	BCES-01104
BCES-01115	Ico & Shadow of the Colossus	English	PAL	N/A	BCES-01115
BCES-01118	Resistance 3	Danish / Dutch / English / Finnish / French / German / Italian / Norwegian / Polish / Portuguese / Russian / Spanish / Swedish	PAL	N/A	BCES-01118
BCES-01121	Beyond: Two Souls	English	PAL	N/A	BCES-01121
BCES-01122	Beyond: Two Souls	Danish / English / Finnish / French / German / Italian / Norwegian / Swedish	PAL	N/A	BCES-01122
BCES-01123	Beyond: Two Souls	English / Greek / Portuguese / Russian / Spanish	PAL	N/A	BCES-01123
BCES-01141	Ratchet & Clank: All 4 One	Danish / Dutch / English / Finnish / French / German / Italian / Norwegian / Polish / Portuguese / Russian / Spanish / Swedish	PAL	N/A	BCES-01141
BCES-01142	Ratchet & Clank: All 4 One	English	PAL	N/A	BCES-01142
BCES-01143	inFamous 2	Dutch / English / French / German / Italian / Polish / Portuguese / Russian / Spanish	PAL	N/A	BCES-01143
BCES-01144	inFamous 2	English	PAL	N/A	BCES-01144
BCES-01156	White Knight Chronicles II	English	PAL	N/A	BCES-01156
BCES-01175	Uncharted 3: Drake's Deception	Czech / Danish / Dutch / English / Finnish / French / German / Greek / Italian / Norwegian / Polish / Portuguese / Russian / Spanish / Swedish / Turkish	PAL	N/A	BCES-01175
BCES-01176	Uncharted 3: Drake's Deception	English	PAL	N/A	BCES-01176
BCES-01180	PlayStation Move Heroes	English	PAL	N/A	BCES-01180
BCES-01186	Ape Escape	Dutch / English / French / German / Italian / Polish / Portuguese / Russian / Spanish	PAL	N/A	BCES-01186
BCES-01229	inFamous 2	Turkish	PAL	N/A	BCES-01229
BCES-01234	Starhawk	English	PAL	N/A	BCES-01234
BCES-01247	DanceStar Party	Danish / Dutch / English / Finnish / French / German / Italian / Norwegian / Polish / Portuguese / Russian / Spanish / Swedish	PAL	N/A	BCES-01247
BCES-01255	SingStar SuomiSuosikit	Danish / Dutch / English / Finnish / French / German / Italian / Norwegian / Portuguese / Russian / Spanish / Swedish	PAL	N/A	BCES-01255
BCES-01257	SingStar Back to the 80s	Afrikaans / Danish / Dutch / English / Finnish / French / German / Italian / Norwegian / Polish / Portuguese / Russian / Spanish / Swedish	PAL	N/A	BCES-01257
BCES-01258	SingStar Grandes Éxitos	Afrikaans / Danish / Dutch / English / Finnish / French / German / Italian / Norwegian / Polish / Portuguese / Russian / Spanish / Swedish	PAL	N/A	BCES-01258
BCES-01273	Start the Party! Save the World	Danish / Dutch / English / Finnish / French / German / Italian / Norwegian / Polish / Portuguese / Russian / Spanish / Swedish	PAL	N/A	BCES-01273
BCES-01274	Start the Party! Save the World	English	PAL	N/A	BCES-01274
BCES-01277	God of War Collection: Volume II	English / French / German / Italian / Polish / Russian / Spanish	PAL	N/A	BCES-01277
BCES-01278	God of War Collection: Volume II	English	PAL	N/A	BCES-01278
BCES-01279	Medieval Moves	Danish / Dutch / English / Finnish / French / German / Italian / Norwegian / Polish / Portuguese / Russian / Spanish / Swedish	PAL	N/A	BCES-01279
BCES-01284	Sly Cooper: Thieves in Time	Czech / Danish / Dutch / English / Finnish / French / German / Greek / Italian / Norwegian / Polish / Portuguese / Russian / Spanish / Swedish / Turkish	PAL	N/A	BCES-01284
BCES-01285	Sly Cooper: Thieves in Time	English	PAL	N/A	BCES-01285
BCES-01289	Puppeteer	English	PAL	N/A	BCES-01289
BCES-01293	Heavy Rain: Édition Modifiée	Dutch / English / French / German / Italian / Portuguese / Spanish	PAL	N/A	BCES-01293
BCES-01325	The Jak and Daxter Trilogy	English / French / German / Italian / Portuguese / Russian / Spanish	PAL	N/A	BCES-01325
BCES-01334	Move Mind Benders	Danish / Dutch / English / Finnish / French / German / Italian / Norwegian / Polish / Portuguese / Russian / Spanish / Swedish	PAL	N/A	BCES-01334
BCES-01335	After Hours Athletes	Danish / Dutch / English / Finnish / French / German / Italian / Norwegian / Polish / Portuguese / Russian / Spanish / Swedish	PAL	N/A	BCES-01335
BCES-01336	Medieval Moves	English	PAL	N/A	BCES-01336
BCES-01337	Move Fitness	Danish / Dutch / English / Finnish / French / German / Italian / Norwegian / Polish / Portuguese / Russian / Spanish / Swedish	PAL	N/A	BCES-01337
BCES-01353	Resistance 3	English	PAL	N/A	BCES-01353
BCES-01360	DanceStar Party	Danish / Dutch / English / Finnish / French / German / Italian / Norwegian / Polish / Portuguese / Russian / Spanish / Swedish	PAL	N/A	BCES-01360
BCES-01361	DanceStar Party	Danish / Dutch / English / Finnish / French / German / Italian / Norwegian / Polish / Portuguese / Russian / Spanish / Swedish	PAL	N/A	BCES-01361
BCES-01369	Carnival Island	Danish / Dutch / English / Finnish / French / German / Italian / Norwegian / Polish / Portuguese / Russian / Spanish / Swedish	PAL	N/A	BCES-01369
BCES-01370	Carnival Island	English	PAL	N/A	BCES-01370
BCES-01400	Twisted Metal	English	PAL	N/A	BCES-01400
BCES-01422	LittleBigPlanet Karting	Danish / Dutch / English / Finnish / French / German / Italian / Norwegian / Polish / Portuguese / Russian / Spanish / Swedish	PAL	N/A	BCES-01422
BCES-01423	LittleBigPlanet Karting	English	PAL	N/A	BCES-01423
BCES-01435	PlayStation All-Stars Battle Royale	Danish / Dutch / English / Finnish / French / German / Italian / Norwegian / Polish / Portuguese / Russian / Spanish / Swedish	PAL	N/A	BCES-01435
BCES-01436	PlayStation All-Stars Battle Royale	English	PAL	N/A	BCES-01436
BCES-01441	SingStar Return to the 80's	Afrikaans / Danish / Dutch / English / Finnish / French / German / Italian / Norwegian / Polish / Portuguese / Russian / Spanish / Swedish	PAL	N/A	BCES-01441
BCES-01454	Tekken Hybrid	English / French / German / Italian / Japanese / Korean / Spanish	PAL	N/A	BCES-01454
BCES-01491	EyePet & Friends	English	PAL	N/A	BCES-01491
BCES-01497	Ra.One: The Game	English	PAL	N/A	BCES-01497
BCES-01498	Move Street Cricket	English	PAL	N/A	BCES-01498
BCES-01503	The Ratchet & Clank Trilogy	English / French / German / Italian / Spanish	PAL	N/A	BCES-01503
BCES-01505	DanceStar Party Hits	Danish / Dutch / English / Finnish / French / German / Italian / Norwegian / Polish / Portuguese / Russian / Spanish / Swedish	PAL	N/A	BCES-01505
BCES-01509	Move Fitness	English	PAL	N/A	BCES-01509
BCES-01531	Wonderbook: Book of Spells	Bulgarian / Croatian / Czech / Danish / Dutch / English / Finnish / French / German / Greek / Hungarian / Italian / Norwegian / Polish / Portuguese / Romanian / Russian / Spanish / Swedish / Turkish	PAL	N/A	BCES-01531
BCES-01584	The Last of Us	Czech / Danish / Dutch / English / Finnish / French / German / Greek / Italian / Norwegian / Portuguese / Spanish / Swedish / Turkish	PAL	2013-06-14	BCES-01584
BCES-01585	The Last of Us	English / Polish / Russian	PAL	2013-06-14	BCES-01585
BCES-01594	Ratchet & Clank: QForce	Danish / Dutch / English / Finnish / French / German / Italian / Norwegian / Polish / Portuguese / Russian / Spanish / Swedish	PAL	N/A	BCES-01594
BCES-01598	Sports Champions 2	Danish / Dutch / English / Finnish / French / German / Italian / Norwegian / Polish / Portuguese / Russian / Spanish / Swedish	PAL	N/A	BCES-01598
BCES-01599	Sports Champions 2	English	PAL	N/A	BCES-01599
BCES-01626	Ratchet & Clank: QForce	English	PAL	N/A	BCES-01626
BCES-01645	Doctor Who: The Eternity Clock	English / French / German / Italian / Spanish	PAL	N/A	BCES-01645
BCES-01663	LittleBigPlanet 3	Danish / Dutch / English / Finnish / French / German / Italian / Norwegian / Polish / Portuguese / Russian / Spanish / Swedish	PAL	N/A	BCES-01663
BCES-01670	Uncharted 3: Drake's Deception: Game of the Year Edition	Czech / Danish / Dutch / English / Finnish / French / German / Greek / Italian / Norwegian / Polish / Portuguese / Russian / Spanish / Swedish / Turkish	PAL	N/A	BCES-01670
BCES-01692	Uncharted 3: Drake's Deception: Game of the Year Edition	English	PAL	N/A	BCES-01692
BCES-01693	LittleBigPlanet 2: Extras Edition	Danish / Dutch / English / Finnish / French / German / Italian / Norwegian / Polish / Portuguese / Russian / Spanish	PAL	N/A	BCES-01693
BCES-01694	LittleBigPlanet 2: Extras Edition	English	PAL	N/A	BCES-01694
BCES-01695	Move Street Cricket II	English	PAL	N/A	BCES-01695
BCES-01700	Invizimals: The Lost Kingdom	Danish / Dutch / English / Finnish / French / German / Italian / Norwegian / Polish / Portuguese / Russian / Spanish / Swedish	PAL	N/A	BCES-01700
BCES-01725	Wonderbook: Diggs Nightcrawler	Czech / Danish / Dutch / English / Finnish / French / German / Italian / Norwegian / Polish / Portuguese / Russian / Spanish / Swedish	PAL	N/A	BCES-01725
BCES-01726	DanceStar Party Hits	Danish / Dutch / English / Finnish / French / German / Italian / Norwegian / Polish / Portuguese / Russian / Spanish / Swedish	PAL	N/A	BCES-01726
BCES-01727	DanceStar Party Hits	Danish / Dutch / English / Finnish / French / German / Italian / Norwegian / Polish / Portuguese / Russian / Spanish / Swedish	PAL	N/A	BCES-01727
BCES-01735	SingStar SuomiHuiput	Afrikaans / Danish / Dutch / English / Finnish / French / German / Italian / Norwegian / Polish / Portuguese / Russian / Spanish / Swedish	PAL	N/A	BCES-01735
BCES-01740	Journey Collector's Edition	Danish / Dutch / English / Finnish / French / German / Italian / Norwegian / Polish / Portuguese / Russian / Spanish / Swedish	PAL	N/A	BCES-01740
BCES-01741	God of War: Ascension	Dutch / English / French / German / Greek / Italian / Polish / Portuguese / Russian / Spanish / Turkish	PAL	N/A	BCES-01741
BCES-01742	God of War: Ascension	English	PAL	N/A	BCES-01742
BCES-01743	Killzone	Dutch / English / French / German / Italian / Spanish	PAL	N/A	BCES-01743
BCES-01806	Wonderbook: Walking with Dinosaurs	Czech / Danish / Dutch / English / Finnish / French / German / Greek / Hungarian / Italian / Norwegian / Polish / Portuguese / Russian / Spanish / Swedish	PAL	N/A	BCES-01806
BCES-01866	Wonderbook: Book of Potions	Czech / Danish / Dutch / English / Finnish / French / German / Greek / Hungarian / Italian / Norwegian / Polish / Portuguese / Russian / Spanish / Swedish	PAL	N/A	BCES-01866
BCES-01888	Beyond: Two Souls	Croatian / Czech / Dutch / English / French / Hungarian / Polish / Turkish	PAL	N/A	BCES-01888
BCES-01893	Gran Turismo 6	Czech / Dutch / English / French / German / Greek / Hungarian / Italian / Japanese / Polish / Portuguese / Russian / Spanish / Turkish	PAL	N/A	BCES-01893
BCES-01908	Ratchet & Clank: Nexus	Danish / Dutch / English / Finnish / French / German / Italian / Norwegian / Polish / Portuguese / Russian / Spanish / Swedish	PAL	N/A	BCES-01908
BCES-01915	SingStar SuomiHelmet	Afrikaans / Danish / Dutch / English / Finnish / French / German / Italian / Norwegian / Polish / Portuguese / Russian / Spanish / Swedish	PAL	N/A	BCES-01915
BCES-01949	Ratchet & Clank: Nexus	English	PAL	N/A	BCES-01949
BCES-01953	Wonderbook: Walking with Dinosaurs	English	PAL	N/A	BCES-01953
BCES-01970	Invizimals: The Lost Kingdom	Greek / Italian / Portuguese / Spanish	PAL	N/A	BCES-01970
BCES-01977	Gran Turismo 6	English	PAL	N/A	BCES-01977
BCES-02025	SingStar Ultimate Party	Danish / Dutch / English / Finnish / French / German / Italian / Norwegian / Polish / Portuguese / Russian / Spanish / Swedish / Turkish	PAL	N/A	BCES-02025
BCES-02042	SingStar Ultimate Party	Danish / Dutch / English / Finnish / French / German / Italian / Norwegian / Polish / Portuguese / Russian / Spanish / Swedish / Turkish	PAL	N/A	BCES-02042
BCES-02043	SingStar MegaHits	Danish / Dutch / English / Finnish / French / German / Italian / Norwegian / Polish / Portuguese / Russian / Spanish / Swedish / Turkish	PAL	N/A	BCES-02043
BCES-02044	SingStar SuomiBileet	Danish / Dutch / English / Finnish / French / German / Italian / Norwegian / Polish / Portuguese / Russian / Spanish / Swedish / Turkish	PAL	N/A	BCES-02044
BCES-02045	SingStar Nova Geração	Danish / Dutch / English / Finnish / French / German / Italian / Norwegian / Polish / Portuguese / Russian / Spanish / Swedish / Turkish	PAL	N/A	BCES-02045
BCES-02046	SingStar Ultimate Party	Polish	PAL	N/A	BCES-02046
BCES-02068	LittleBigPlanet 3	English	PAL	N/A	BCES-02068
BCES-02111	SingStar Frozen: Il Regno di Ghiaccio	Danish / Dutch / English / Finnish / French / German / Italian / Norwegian / Polish / Portuguese / Russian / Spanish / Swedish / Turkish	PAL	N/A	BCES-02111
BCES-02112	SingStar Die Eiskönigin: Völlig unverfroren	English / German	PAL	N/A	BCES-02112
BCES-02113	SingStar Frozen: El Reino del Hielo	Danish / Dutch / English / Finnish / French / German / Italian / Norwegian / Polish / Portuguese / Russian / Spanish / Swedish / Turkish	PAL	N/A	BCES-02113
BCES-02118	SingStar Frozen: Kraina Lodu	Polish	PAL	N/A	BCES-02118
BCES-02120	SingStar Frozen: O Reino do Gelo	Danish / Dutch / English / Finnish / French / German / Italian / Norwegian / Polish / Portuguese / Russian / Spanish / Swedish / Turkish	PAL	N/A	BCES-02120
BCET-00006	Killzone 2	Danish / Dutch / English / Finnish / French / German / Italian / Norwegian / Polish / Portuguese / Russian / Spanish / Swedish	PAL	N/A	BCET-00006
BCET-00010	inFamous	English	PAL	N/A	BCET-00010
BCET-00012	EyePet	Danish / Dutch / English / Finnish / French / German / Italian / Norwegian / Polish / Portuguese / Russian / Spanish / Swedish	PAL	N/A	BCET-00012
BCET-00029	Wonderbook: Book of Spells	English	PAL	N/A	BCET-00029
BCJB-95001	Minna no Golf 5	Japanese	NTSC-J	N/A	BCJB-95001
BCJB-95002	Me Motion	N/A	NTSC-J	N/A	BCJB-95002
BCJB-95003	LittleBigPlanet	Danish / Dutch / English / Finnish / French / German / Italian / Japanese / Norwegian / Portuguese / Spanish / Swedish	NTSC-J	N/A	BCJB-95003
BCJB-95004	Gran Turismo 5: Prologue Spec III	N/A	NTSC-J	N/A	BCJB-95004
BCJB-95006	Torne	N/A	NTSC-J	N/A	BCJB-95006
BCJB-95008	Beat Sketch!	Japanese	NTSC-J	N/A	BCJB-95008
BCJB-95011	Sports Champions	English / Japanese	NTSC-J	N/A	BCJB-95011
BCJB-95013	Torne	N/A	NTSC-J	N/A	BCJB-95013
BCJB-95014	Minna no Golf 6	Japanese	NTSC-J	N/A	BCJB-95014
BCJB-95501	Uncharted: Sabaku ni Nemuru Atlantis	English / Japanese	NTSC-J	N/A	BCJB-95501
BCJB-95503	Gran Turismo 6	N/A	NTSC-J	N/A	BCJB-95503
BCJS-30001	Gran Turismo 5	English / Japanese	NTSC-J	N/A	BCJS-30001
BCJS-30002	Genji: Kamui Souran	Japanese	NTSC-J	N/A	BCJS-30002
BCJS-30003	Resistance: Jinrui Botsuraku no Hi	Dutch / English / French / German / Italian / Japanese / Korean / Portuguese / Spanish	NTSC-J	N/A	BCJS-30003
BCJS-30004	MotorStorm	N/A	NTSC-J	N/A	BCJS-30004
BCJS-30005	Formula One: Championship Edition	Japanese	NTSC-J	N/A	BCJS-30005
BCJS-30006	NBA 07	English	NTSC-J	N/A	BCJS-30006
BCJS-30007	The Eye of Judgment	N/A	NTSC-J	N/A	BCJS-30007
BCJS-30009	FolksSoul: Ushinawareta Denshou	N/A	NTSC-J	N/A	BCJS-30009
BCJS-30010	Boku no Natsuyasumi 3: Kitaguni-hen: Chiisana Boku no Daisougen	Japanese	NTSC-J	N/A	BCJS-30010
BCJS-30011	Minna no Golf 5	Japanese	NTSC-J	N/A	BCJS-30011
BCJS-30012	Rise from Lair	N/A	NTSC-J	N/A	BCJS-30012
BCJS-30014	Ratchet & Clank Future	Chinese / Danish / Dutch / English / Finnish / French / German / Italian / Japanese / Korean / Norwegian / Portuguese / Spanish / Swedish	NTSC-J	N/A	BCJS-30014
BCJS-30015	Uncharted: El Dorado no Hihou	English / Japanese	NTSC-J	N/A	BCJS-30015
BCJS-30016	Heavenly Sword	N/A	NTSC-J	N/A	BCJS-30016
BCJS-30017	Gran Turismo 5: Prologue	Japanese	NTSC-J	N/A	BCJS-30017
BCJS-30018	LittleBigPlanet	Danish / Dutch / English / Finnish / French / German / Italian / Japanese / Norwegian / Portuguese / Spanish / Swedish	NTSC-J	N/A	BCJS-30018
BCJS-30019	MotorStorm Complete	N/A	NTSC-J	N/A	BCJS-30019
BCJS-30020	Siren: New Translation	Japanese	NTSC-J	N/A	BCJS-30020
BCJS-30021	Afrika	Japanese	NTSC-J	N/A	BCJS-30021
BCJS-30022	Demon's Souls	Japanese	NTSC-J	N/A	BCJS-30022
BCJS-30023	Aquanaut's Holiday: Kakusareta Kiroku	Japanese	NTSC-J	N/A	BCJS-30023
BCJS-30024	SOCOM: Confrontation	N/A	NTSC-J	N/A	BCJS-30024
BCJS-30026	Derby Time Online	N/A	NTSC-J	N/A	BCJS-30026
BCJS-30027	MotorStorm II	N/A	NTSC-J	N/A	BCJS-30027
BCJS-30029	Resistance 2	Danish / Dutch / English / Finnish / French / German / Italian / Japanese / Korean / Norwegian / Portuguese / Spanish / Swedish	NTSC-J	N/A	BCJS-30029
BCJS-30030	Shirokishi Monogatari: Inishie no Kodou	Japanese	NTSC-J	N/A	BCJS-30030
BCJS-30032	Killzone 2	Chinese / Danish / Dutch / English / Finnish / French / German / Italian / Japanese / Korean / Norwegian / Polish / Portuguese / Russian / Spanish / Swedish	NTSC-J	N/A	BCJS-30032
BCJS-30033	The Last Guy	N/A	NTSC-J	N/A	BCJS-30033
BCJS-30034	Toro to Morimori	Japanese	NTSC-J	N/A	BCJS-30034
BCJS-30035	Uncharted: Ougontou to Kieta Sendan	English / Japanese	NTSC-J	N/A	BCJS-30035
BCJS-30036	MAG: Massive Action Game	Japanese	NTSC-J	N/A	BCJS-30036
BCJS-30037	inFamous: Akumyou Takaki Otoko	N/A	NTSC-J	N/A	BCJS-30037
BCJS-30038	Ratchet & Clank Future 2	English / Japanese	NTSC-J	N/A	BCJS-30038
BCJS-30039	Shirokishi Monogatari: Inishie no Kodou: EX Edition	N/A	NTSC-J	N/A	BCJS-30039
BCJS-30040	Heavy Rain: Kokoro no Kishimu Toki	N/A	NTSC-J	N/A	BCJS-30040
BCJS-30041	ModNation: Mugen no Kart Oukoku	N/A	NTSC-J	N/A	BCJS-30041
BCJS-30042	Shirokishi Monogatari: Hikari to Yami no Kakusei	Japanese	NTSC-J	N/A	BCJS-30042
BCJS-30050	Gran Turismo 5	English / Japanese	NTSC-J	N/A	BCJS-30050
BCJS-30052	SOCOM 4: U.S. Navy SEALs	N/A	NTSC-J	N/A	BCJS-30052
BCJS-30053	Sports Champions	English / Japanese	NTSC-J	N/A	BCJS-30053
BCJS-30054	Furi Furi! Saru Get You	N/A	NTSC-J	N/A	BCJS-30054
BCJS-30055	Machi Suberi	Japanese	NTSC-J	N/A	BCJS-30055
BCJS-30056	Move de Party	Japanese	NTSC-J	N/A	BCJS-30056
BCJS-30057	Me & My Pet	N/A	NTSC-J	N/A	BCJS-30057
BCJS-30058	LittleBigPlanet 2	Japanese	NTSC-J	N/A	BCJS-30058
BCJS-30060	Shooting Studio	N/A	NTSC-J	N/A	BCJS-30060
BCJS-30061	Sly Cooper Collection	Japanese	NTSC-J	N/A	BCJS-30061
BCJS-30062	Nikudan	English / Japanese	NTSC-J	N/A	BCJS-30062
BCJS-30063	TV Superstar	N/A	NTSC-J	N/A	BCJS-30063
BCJS-30065	Mugen Kairou: Hikari to Kage no Hako	Japanese	NTSC-J	N/A	BCJS-30065
BCJS-30067	Fure! Fure! Bowling	N/A	NTSC-J	N/A	BCJS-30067
BCJS-30068	Tsumiki Bloq	N/A	NTSC-J	N/A	BCJS-30068
BCJS-30069	Tokyo Jungle	Japanese	NTSC-J	N/A	BCJS-30069
BCJS-30070	Ico	Japanese	NTSC-J	N/A	BCJS-30070
BCJS-30071	Wander to Kyozou	Japanese	NTSC-J	N/A	BCJS-30071
BCJS-30072	Gachinko Heroes	N/A	NTSC-J	N/A	BCJS-30072
BCJS-30073	Ico	Japanese	NTSC-J	N/A	BCJS-30073
BCJS-30074	Wander to Kyozou	Japanese	NTSC-J	N/A	BCJS-30074
BCJS-30075	inFamous 2	N/A	NTSC-J	N/A	BCJS-30075
BCJS-30076	Starhawk	N/A	NTSC-J	N/A	BCJS-30076
BCJS-30077	Bleach: Soul Ignition	Japanese	NTSC-J	N/A	BCJS-30077
BCJS-30078	Puppeteer	English / Japanese	NTSC-J	N/A	BCJS-30078
BCJS-30080	God of War: Rakujitsu no Hisoukyoku & Koutan no Kokuin: HD Collection	Japanese	NTSC-J	N/A	BCJS-30080
BCJS-30081	Ratchet & Clank: All 4 One	N/A	NTSC-J	N/A	BCJS-30081
BCJS-30082	Happy Charlie to Soratobu Carnival	N/A	NTSC-J	N/A	BCJS-30082
BCJS-30083	Lord of Sorcery	N/A	NTSC-J	N/A	BCJS-30083
BCJS-30084	Ratchet & Clank 1, 2, 3: Ginga Saikyou Gorgeous Pack	N/A	NTSC-J	N/A	BCJS-30084
BCJS-30085	LittleBigPlanet Karting	N/A	NTSC-J	N/A	BCJS-30085
BCJS-30086	Sports Champions 2	N/A	NTSC-J	N/A	BCJS-30086
BCJS-30087	Wonderbook: Book of Spells	N/A	NTSC-J	N/A	BCJS-30087
BCJS-30088	PlayStation All-Stars Battle Royale	English / Japanese	NTSC-J	N/A	BCJS-30088
BCJS-30089	Minna no Golf 6	Japanese	NTSC-J	N/A	BCJS-30089
BCJS-30093	Rain	Japanese	NTSC-J	N/A	BCJS-30093
BCJS-30094	Ratchet & Clank: Ginga Saikyou Tri-Star Pack	N/A	NTSC-J	N/A	BCJS-30094
BCJS-30095	LittleBigPlanet 3	N/A	NTSC-J	N/A	BCJS-30095
BCJS-30100	Gran Turismo 5: Spec II	N/A	NTSC-J	N/A	BCJS-30100
BCJS-35001	Destiny	English / French / German / Italian / Japanese / Portuguese / Spanish	NTSC-J	N/A	BCJS-35001
BCJS-35002	Destiny	English / French / German / Italian / Japanese / Portuguese / Spanish	NTSC-J	N/A	BCJS-35002
BCJS-35003	Call of Duty: Black Ops III	N/A	NTSC-J	N/A	BCJS-35003
BCJS-37001	God of War III	Japanese	NTSC-J	N/A	BCJS-37001
BCJS-37002	God of War III	Japanese	NTSC-J	N/A	BCJS-37002
BCJS-37003	Killzone 3	English / Japanese	NTSC-J	N/A	BCJS-37003
BCJS-37004	Uncharted: Sabaku ni Nemuru Atlantis	English / Japanese	NTSC-J	N/A	BCJS-37004
BCJS-37006	Resistance 3	English / Japanese	NTSC-J	N/A	BCJS-37006
BCJS-37008	God of War: Ascension	English / Japanese	NTSC-J	N/A	BCJS-37008
BCJS-37010	The Last of Us	English / Japanese	NTSC-J	2013-06-20	BCJS-37010
BCJS-37011	Beyond: Two Souls	N/A	NTSC-J	N/A	BCJS-37011
BCJS-70002	FolksSoul: Ushinawareta Denshou	N/A	NTSC-J	N/A	BCJS-70002
BCJS-70004	Ratchet & Clank Future	Chinese / Danish / Dutch / English / Finnish / French / German / Italian / Japanese / Korean / Norwegian / Portuguese / Spanish / Swedish	NTSC-J	N/A	BCJS-70004
BCJS-70005	Minna no Golf 5	Japanese	NTSC-J	N/A	BCJS-70005
BCJS-70006	Siren: New Translation	Japanese	NTSC-J	N/A	BCJS-70006
BCJS-70007	Uncharted: El Dorado no Hihou	English / Japanese	NTSC-J	N/A	BCJS-70007
BCJS-70008	Afrika	Japanese	NTSC-J	N/A	BCJS-70008
BCJS-70009	LittleBigPlanet	Danish / Dutch / English / Finnish / French / German / Italian / Japanese / Norwegian / Portuguese / Spanish / Swedish	NTSC-J	N/A	BCJS-70009
BCJS-70010	Resistance: Jinrui Botsuraku no Hi	Dutch / English / French / German / Italian / Japanese / Korean / Portuguese / Spanish	NTSC-J	N/A	BCJS-70010
BCJS-70012	Ratchet & Clank Future	Chinese / Danish / Dutch / English / Finnish / French / German / Italian / Japanese / Korean / Norwegian / Portuguese / Spanish / Swedish	NTSC-J	N/A	BCJS-70012
BCJS-70013	Demon's Souls	Japanese	NTSC-J	N/A	BCJS-70013
BCJS-70015	Uncharted: El Dorado no Hihou	English / Japanese	NTSC-J	N/A	BCJS-70015
BCJS-70017	Heavy Rain: Kokoro no Kishimu Toki: PlayStation Move Taiou	N/A	NTSC-J	N/A	BCJS-70017
BCJS-70019	Shirokishi Monogatari: Hikari to Yami no Kakusei	Japanese	NTSC-J	N/A	BCJS-70019
BCJS-70020	Minna no Golf 5	N/A	NTSC-J	N/A	BCJS-70020
BCJS-70021	Uncharted: Ougontou to Kieta Sendan	English / Japanese	NTSC-J	N/A	BCJS-70021
BCJS-70023	inFamous 2	N/A	NTSC-J	N/A	BCJS-70023
BCJS-70024	LittleBigPlanet 2	Japanese	NTSC-J	N/A	BCJS-70024
BCJS-70025	Bleach: Soul Ignition	Japanese	NTSC-J	N/A	BCJS-70025
BCJS-70027	Tokyo Jungle	Japanese	NTSC-J	N/A	BCJS-70027
BCJS-75004	The Last of Us	English / Japanese	NTSC-J	2015-01-22	BCJS-75004
BCJX-96001	Gran Turismo HD Concept	Japanese	NTSC-J	N/A	BCJX-96001
BCJX-96003	PlayStation 3 Special Demo Disc	Japanese	NTSC-J	N/A	BCJX-96003
BCJX-96004	PlayStation 3 Special Demo Disc	Japanese	NTSC-J	N/A	BCJX-96004
BCJX-96005	Motto Asobou: PlayStation Move Taiken Disc	N/A	NTSC-J	N/A	BCJX-96005
BCJX-96008	Ratchet & Clank: All 4 One	N/A	NTSC-J	N/A	BCJX-96008
BCJX-96010	Puppeteer	N/A	NTSC-J	N/A	BCJX-96010
BCKS-10002	MotorStorm	N/A	NTSC-J	N/A	BCKS-10002
BCKS-10006	MLB 07: The Show	English	NTSC-J	N/A	BCKS-10006
BCKS-10011	Lair	Chinese / Danish / Dutch / English / Finnish / French / German / Italian / Japanese / Korean / Norwegian / Portuguese / Spanish / Swedish	NTSC-J	N/A	BCKS-10011
BCKS-10012	Warhawk	N/A	NTSC-J	N/A	BCKS-10012
BCKS-10013	Ninja Gaiden Sigma	English / Japanese	NTSC-J	N/A	BCKS-10013
BCKS-10018	FolksSoul: Ilheobeorin Jeonseung	English / Korean	NTSC-J	N/A	BCKS-10018
BCKS-10024	Beowulf: The Game	English / French / German / Italian / Spanish	NTSC-J	N/A	BCKS-10024
BCKS-10028	The Golden Compass	English	NTSC-J	N/A	BCKS-10028
BCKS-10030	Gran Turismo 5: Prologue	Korean	NTSC-J	N/A	BCKS-10030
BCKS-10039	Ridge Racer 7	English / Japanese	NTSC-J	N/A	BCKS-10039
BCKS-10043	The Club	English / French / Italian / Spanish	NTSC-J	N/A	BCKS-10043
BCKS-10050	Battle Fantasia	Japanese	NTSC-J	N/A	BCKS-10050
BCKS-10059	LittleBigPlanet	N/A	NTSC-J	N/A	BCKS-10059
BCKS-10063	Hakuna Matata	Chinese / English / Korean	NTSC-J	N/A	BCKS-10063
BCKS-10065	Sonic Unleashed	English / French / German / Italian / Japanese / Spanish	NTSC-U	N/A	BCKS-10065
BCKS-10071	Demon's Souls	Chinese / English / Korean	NTSC-J	N/A	BCKS-10071
BCKS-10084	Uncharted: Drake's Fortune	Chinese / English / Korean	NTSC-J	N/A	BCKS-10084
BCKS-10093	God of War Collection	English	NTSC-U	N/A	BCKS-10093
BCKS-10094	WipEout HD Fury	Chinese / Korean	NTSC-J	N/A	BCKS-10094
BCKS-10096	Gran Turismo 5	Chinese / English / Korean	NTSC-J	N/A	BCKS-10096
BCKS-10097	EyePet	N/A	NTSC-J	N/A	BCKS-10097
BCKS-10099	MAG	English / French / German / Italian / Japanese / Korean / Polish / Portuguese / Russian / Spanish	NTSC-J	N/A	BCKS-10099
BCKS-10100	Bayonetta	English / French / German / Italian / Japanese / Spanish	NTSC-J	N/A	BCKS-10100
BCKS-10111	Ryuu ga Gotoku 4: Densetsu o Tsugu Mono	Japanese	NTSC-J	N/A	BCKS-10111
BCKS-10112	No More Heroes: Eiyuu-tachi no Rakuen	Japanese	NTSC-J	N/A	BCKS-10112
BCKS-10113	Heavy Rain	Chinese / English / Korean	NTSC-J	N/A	BCKS-10113
BCKS-10121	MLB 10: The Show	English	NTSC-U	N/A	BCKS-10121
BCKS-10128	Front Mission Evolved	English / French / German / Italian / Spanish	NTSC-J	N/A	BCKS-10128
BCKS-10138	TV Superstars	N/A	NTSC-J	N/A	BCKS-10138
BCKS-10140	Start the Party!	N/A	NTSC-J	N/A	BCKS-10140
BCKS-10141	Kung Fu Rider	N/A	NTSC-J	N/A	BCKS-10141
BCKS-10148	Echochrome II	Chinese / English / Korean	NTSC-J	N/A	BCKS-10148
BCKS-10161	Catherine	Korean	NTSC-J	N/A	BCKS-10161
BCKS-10178	Magye Jeongi Disgaea 4	Korean	NTSC-J	N/A	BCKS-10178
BCKS-10195	Call of Duty: Modern Warfare 3	English	NTSC-U	N/A	BCKS-10195
BCKS-10202	Disney Universe	English / French / Spanish	NTSC-U	N/A	BCKS-10202
BCKS-10207	Final Fantasy XIII-2	Chinese / English / Korean	NTSC-J	N/A	BCKS-10207
BCKS-10216	Sorcery	Chinese / English / Korean	NTSC-J	N/A	BCKS-10216
BCKS-10217	Tokyo Jungle	Chinese / Korean	NTSC-J	N/A	BCKS-10217
BCKS-10220	Prototype 2	English / French	NTSC-U	N/A	BCKS-10220
BCKS-10231	Sports Champions 2	N/A	NTSC-J	N/A	BCKS-10231
BCKS-10238	Disney Epic Mickey 2: The Power of Two	English / French / Portuguese / Spanish	NTSC-U	N/A	BCKS-10238
BCKS-10241	Tomb Raider	Chinese / English / Korean	NTSC-J	N/A	BCKS-10241
BCKS-10245	Wonderbook: Book of Spells	N/A	NTSC-J	N/A	BCKS-10245
BCKS-10254	Final Fantasy X | X-2: HD Remaster	Chinese / Korean	NTSC-J	N/A	BCKS-10254
BCKS-10264	Disgaea D2	Chinese / Korean	NTSC-J	N/A	BCKS-10264
BCKS-10276	The Evil Within	Korean	NTSC-J	N/A	BCKS-10276
BCKS-15001	Final Fantasy XIII	Japanese	NTSC-J	N/A	BCKS-15001
BCKS-15002	Final Fantasy XIII	Japanese	NTSC-J	N/A	BCKS-15002
BCKS-15003	God of War III	Korean	NTSC-J	N/A	BCKS-15003
BCKS-15004	Final Fantasy XIII	Chinese / English / Korean	NTSC-J	N/A	BCKS-15004
BCKS-15007	God of War III	Korean	NTSC-J	N/A	BCKS-15007
BCKS-15008	Final Fantasy XIII	Chinese / English / Korean	NTSC-J	N/A	BCKS-15008
BCKS-15011	Uncharted 3: Drake's Deception: Game of the Year Edition	Chinese / English / Korean	NTSC-J	N/A	BCKS-15011
BCKS-15012	God of War: Ascension	Chinese / English / Korean	NTSC-J	N/A	BCKS-15012
BCKS-15013	The Last of Us	Chinese / English / Korean	NTSC-J	2013-06-14	BCKS-15013
BCKS-15014	Beyond: Two Souls	Chinese / English / Korean	NTSC-J	N/A	BCKS-15014
BCKS-93001	Tekken Hybrid	English / French / German / Italian / Japanese / Korean / Spanish	NTSC-J	N/A	BCKS-93001
BCUS-00236	MLB 15: The Show	English	NTSC-U	N/A	BCUS-00236
BCUS-01089	MLB The Show 16	English	NTSC-U	N/A	BCUS-01089
BCUS-81138	LittleBigPlanet 3	English / Portuguese / Spanish	NTSC-U	N/A	BCUS-81138
BCUS-90142	Mercenaries 2: World in Flames	English / French / German / Italian / Russian / Spanish	NTSC-U	N/A	BCUS-90142
BCUS-90143	Tomb Raider: Underworld	Dutch / English / French / German / Italian / Spanish	NTSC-U	N/A	BCUS-90143
BCUS-90162	Call of Duty: Black Ops	English / French	NTSC-U	N/A	BCUS-90162
BCUS-90190	The Ico & Shadow of the Colossus Collection	English / French / Spanish	NTSC-U	N/A	BCUS-90190
BCUS-90259	Ratchet & Clank: All 4 One	English / French / Spanish	NTSC-U	N/A	BCUS-90259
BCUS-90260	LittleBigPlanet 2: Special Edition	English / French / Portuguese / Spanish	NTSC-U	N/A	BCUS-90260
BCUS-90490	Sports Champions / Medieval Moves: Deadmund's Quest Combo Disc	English / French / Portuguese / Spanish	NTSC-U	N/A	BCUS-90490
BCUS-90637	MLB 12: The Show	English	NTSC-U	N/A	BCUS-90637
BCUS-90660	PlayStation Move Game Demo Disc Volume 2	English / French / Spanish	NTSC-U	N/A	BCUS-90660
BCUS-90664	Resistance 2	Danish / Dutch / English / Finnish / French / German / Italian / Japanese / Korean / Norwegian / Portuguese / Spanish / Swedish	NTSC-U	N/A	BCUS-90664
BCUS-90762	PlayStation Move Game Demo Disc Volume 3	English / French / Spanish	NTSC-U	N/A	BCUS-90762
BCUS-94344	SingStar Latino	English / Portuguese / Spanish	NTSC-U	N/A	BCUS-94344
BCUS-98102	NBA 07	English	NTSC-U	N/A	BCUS-98102
BCUS-98103	Uncharted: Drake's Fortune	Danish / Dutch / English / Finnish / French / German / Italian / Norwegian / Portuguese / Spanish / Swedish	NTSC-U	N/A	BCUS-98103
BCUS-98106	Twisted Metal	English / French / Spanish	NTSC-U	N/A	BCUS-98106
BCUS-98107	Resistance: Fall of Man	Dutch / English / French / German / Italian / Japanese / Korean / Portuguese / Spanish	NTSC-U	N/A	BCUS-98107
BCUS-98109	MLB 07: The Show	English	NTSC-U	N/A	BCUS-98109
BCUS-98110	MAG	N/A	NTSC-U	N/A	BCUS-98110
BCUS-98111	God of War III	English	NTSC-U	N/A	BCUS-98111
BCUS-98112	Lair	English	NTSC-U	N/A	BCUS-98112
BCUS-98114	Gran Turismo 5	English / French / Japanese / Portuguese / Spanish	NTSC-U	N/A	BCUS-98114
BCUS-98115	Hot Shots Golf: Out of Bounds	English	NTSC-U	N/A	BCUS-98115
BCUS-98116	Killzone 2	Danish / Dutch / English / Finnish / French / German / Italian / Norwegian / Polish / Portuguese / Russian / Spanish / Swedish	NTSC-U	N/A	BCUS-98116
BCUS-98117	Warhawk	English	NTSC-U	N/A	BCUS-98117
BCUS-98119	inFamous	English / French / Spanish	NTSC-U	N/A	BCUS-98119
BCUS-98120	Resistance 2	Danish / Dutch / English / Finnish / French / German / Italian / Japanese / Korean / Norwegian / Portuguese / Spanish / Swedish	NTSC-U	N/A	BCUS-98120
BCUS-98123	Uncharted 2: Among Thieves	English / French / Spanish	NTSC-U	N/A	BCUS-98123
BCUS-98124	Ratchet & Clank Future: A Crack in Time	English / French / Spanish	NTSC-U	N/A	BCUS-98124
BCUS-98125	inFamous 2	English / French / Portuguese / Spanish	NTSC-U	N/A	BCUS-98125
BCUS-98127	Ratchet & Clank Future: Tools of Destruction	Chinese / Danish / Dutch / English / Finnish / French / German / Italian / Japanese / Korean / Norwegian / Portuguese / Spanish / Swedish	NTSC-U	N/A	BCUS-98127
BCUS-98131	Genji: Days of the Blade	English	NTSC-U	N/A	BCUS-98131
BCUS-98132	Heavenly Sword	English / French / German / Italian / Spanish	NTSC-U	N/A	BCUS-98132
BCUS-98133	The Eye of Judgment	English / French / German / Italian / Japanese / Spanish	NTSC-U	N/A	BCUS-98133
BCUS-98135	SOCOM 4: U.S. Navy SEALs	English / French / Portuguese / Spanish	NTSC-U	N/A	BCUS-98135
BCUS-98137	MotorStorm	English / French / Spanish	NTSC-U	N/A	BCUS-98137
BCUS-98141	MLB 08: The Show	English	NTSC-U	N/A	BCUS-98141
BCUS-98142	Formula One: Championship Edition	English	NTSC-U	N/A	BCUS-98142
BCUS-98144	NBA 08 featuring Games of the Week	English	NTSC-U	N/A	BCUS-98144
BCUS-98145	Buzz! Quiz TV	English	NTSC-U	N/A	BCUS-98145
BCUS-98146	White Knight Chronicles: International Edition	English / French / Spanish	NTSC-U	N/A	BCUS-98146
BCUS-98147	Folklore	English / French / German / Italian / Spanish	NTSC-U	N/A	BCUS-98147
BCUS-98148	LittleBigPlanet	Danish / Dutch / English / Finnish / French / German / Italian / Norwegian / Portuguese / Spanish / Swedish	NTSC-U	N/A	BCUS-98148
BCUS-98151	SingStar	Danish / Dutch / English / Finnish / French / German / Italian / Norwegian / Portuguese / Spanish / Swedish	NTSC-U	N/A	BCUS-98151
BCUS-98152	SOCOM: U.S. Navy SEALs: Confrontation	Danish / Dutch / English / Finnish / French / German / Italian / Japanese / Korean / Norwegian / Portuguese / Russian / Spanish / Swedish	NTSC-U	N/A	BCUS-98152
BCUS-98153	Ratchet & Clank Future: Tools of Destruction	Dutch / English / French / German / Italian / Japanese / Korean / Portuguese / Spanish	NTSC-U	N/A	BCUS-98153
BCUS-98155	MotorStorm: Pacific Rift	English / French / Spanish	NTSC-U	N/A	BCUS-98155
BCUS-98158	Gran Turismo 5: Prologue	English / French	NTSC-U	N/A	BCUS-98158
BCUS-98161	SingStar	Danish / Dutch / English / Finnish / French / German / Italian / Norwegian / Portuguese / Spanish / Swedish	NTSC-U	N/A	BCUS-98161
BCUS-98162	Warhawk	English	NTSC-U	N/A	BCUS-98162
BCUS-98164	Heavy Rain	English / French / Portuguese / Spanish	NTSC-U	N/A	BCUS-98164
BCUS-98165	NBA 09: The Inside	English	NTSC-U	N/A	BCUS-98165
BCUS-98167	ModNation Racers	English / French / Spanish	NTSC-U	N/A	BCUS-98167
BCUS-98169	PlayStation 3 System Software Update (Version 2.0)	English / French	NTSC-U	N/A	BCUS-98169
BCUS-98174	The Last of Us	English / French / Portuguese / Spanish	NTSC-U	2013-06-14	BCUS-98174
BCUS-98175	Ratchet & Clank: All 4 One	English / French / Spanish	NTSC-U	N/A	BCUS-98175
BCUS-98176	Resistance 3	English / French / Spanish	NTSC-U	N/A	BCUS-98176
BCUS-98177	Sports Champions	English / French / Portuguese / Spanish	NTSC-U	N/A	BCUS-98177
BCUS-98180	MLB 09: The Show	English	NTSC-U	N/A	BCUS-98180
BCUS-98181	Starhawk	English / French / Portuguese / Spanish	NTSC-U	N/A	BCUS-98181
BCUS-98183	SOCOM: U.S. Navy SEALs: Confrontation	Danish / Dutch / English / Finnish / French / German / Italian / Japanese / Korean / Norwegian / Portuguese / Russian / Spanish / Swedish	NTSC-U	N/A	BCUS-98183
BCUS-98186	SingStar Vol. 2	Danish / Dutch / English / Finnish / French / German / Italian / Norwegian / Portuguese / Spanish / Swedish	NTSC-U	N/A	BCUS-98186
BCUS-98190	Resistance 2	Danish / Dutch / English / Finnish / French / German / Italian / Japanese / Korean / Norwegian / Portuguese / Spanish / Swedish	NTSC-U	N/A	BCUS-98190
BCUS-98192	SingStar ABBA	Danish / Dutch / English / Finnish / French / German / Italian / Norwegian / Portuguese / Spanish / Swedish	NTSC-U	N/A	BCUS-98192
BCUS-98199	LittleBigPlanet	Chinese / Danish / Dutch / English / Finnish / French / German / Italian / Japanese / Korean / Norwegian / Portuguese / Spanish / Swedish	NTSC-U	N/A	BCUS-98199
BCUS-98203	Sorcery	English / French / Spanish	NTSC-U	N/A	BCUS-98203
BCUS-98206	SingStar Queen	Danish / Dutch / English / Finnish / French / German / Italian / Norwegian / Portuguese / Russian / Spanish / Swedish	NTSC-U	N/A	BCUS-98206
BCUS-98207	MLB 10: The Show	English	NTSC-U	N/A	BCUS-98207
BCUS-98208	LittleBigPlanet: Game of the Year Edition	Chinese / Danish / Dutch / English / Finnish / French / German / Italian / Japanese / Korean / Norwegian / Portuguese / Russian / Spanish / Swedish	NTSC-U	N/A	BCUS-98208
BCUS-98209	Buzz! Quiz World	English	NTSC-U	N/A	BCUS-98209
BCUS-98214	EyePet	English / French / Portuguese / Spanish	NTSC-U	N/A	BCUS-98214
BCUS-98215	Buzz! Quiz World	English	NTSC-U	N/A	BCUS-98215
BCUS-98220	Start the Party!	English / French / Portuguese / Spanish	NTSC-U	N/A	BCUS-98220
BCUS-98222	The Shoot	English / French / Portuguese / Spanish	NTSC-U	N/A	BCUS-98222
BCUS-98224	TV Superstars	English / French / Portuguese / Spanish	NTSC-U	N/A	BCUS-98224
BCUS-98227	Puppeteer	English / French / Portuguese / Spanish	NTSC-U	N/A	BCUS-98227
BCUS-98229	God of War Collection	English	NTSC-U	N/A	BCUS-98229
BCUS-98232	God of War: Ascension	English / French / Portuguese / Spanish	NTSC-U	N/A	BCUS-98232
BCUS-98233	Uncharted 3: Drake's Deception	English / French / Portuguese / Spanish	NTSC-U	N/A	BCUS-98233
BCUS-98234	Killzone 3	Chinese / Danish / Dutch / English / Finnish / French / German / Italian / Japanese / Korean / Norwegian / Polish / Portuguese / Russian / Spanish / Swedish / Turkish	NTSC-U	N/A	BCUS-98234
BCUS-98235	EyePet & Friends	English / French / Portuguese / Spanish	NTSC-U	N/A	BCUS-98235
BCUS-98242	MotorStorm: Apocalypse	Danish / Dutch / English / Finnish / French / German / Italian / Korean / Norwegian / Polish / Portuguese / Russian / Spanish / Swedish	NTSC-U	N/A	BCUS-98242
BCUS-98245	LittleBigPlanet 2	English / French / Portuguese / Spanish	NTSC-U	N/A	BCUS-98245
BCUS-98246	The Sly Collection	English / French / Spanish	NTSC-U	N/A	BCUS-98246
BCUS-98247	Sly Cooper: Thieves in Time	English / French / Portuguese / Spanish	NTSC-U	N/A	BCUS-98247
BCUS-98248	PlayStation Move Heroes	English / French / Spanish	NTSC-U	N/A	BCUS-98248
BCUS-98251	MLB 11: The Show	English	NTSC-U	N/A	BCUS-98251
BCUS-98253	God of War Collection	English / French / German / Italian / Russian / Spanish	PAL	N/A	BCUS-98253
BCUS-98254	LittleBigPlanet Karting	English / French / Portuguese / Spanish	NTSC-U	N/A	BCUS-98254
BCUS-98255	The Fight: Lights Out	English / French / Portuguese / Spanish	NTSC-U	N/A	BCUS-98255
BCUS-98257	Uncharted 2: Among Thieves	English / French / Spanish	NTSC-U	N/A	BCUS-98257
BCUS-98259	The Ico & Shadow of the Colossus Collection	English / French / Spanish	NTSC-U	N/A	BCUS-98259
BCUS-98261	High Velocity Bowling	English / French / Spanish	NTSC-U	N/A	BCUS-98261
BCUS-98266	SingStar Dance	Danish / Dutch / English / Finnish / French / German / Italian / Norwegian / Polish / Portuguese / Russian / Spanish / Swedish	NTSC-U	N/A	BCUS-98266
BCUS-98269	Wonderbook: Walking with Dinosaurs	English / French / Portuguese / Spanish	NTSC-U	N/A	BCUS-98269
BCUS-98270	Kung Fu Rider	English / French / Portuguese / Spanish	NTSC-U	N/A	BCUS-98270
BCUS-98271	Carnival Island	English / French / Spanish	NTSC-U	N/A	BCUS-98271
BCUS-98278	Sports Champions 2	English / French / Portuguese / Spanish	NTSC-U	N/A	BCUS-98278
BCUS-98279	Medieval Moves: Deadmund's Quest	English / French / Portuguese / Spanish	NTSC-U	N/A	BCUS-98279
BCUS-98280	Heavy Rain: Director's Cut	English / French / Portuguese / Spanish	NTSC-U	N/A	BCUS-98280
BCUS-98281	Jak and Daxter Collection	English / French / Spanish	NTSC-U	N/A	BCUS-98281
BCUS-98282	Ratchet & Clank Collection	English / French / Spanish	NTSC-U	N/A	BCUS-98282
BCUS-98286	Killzone 3	Chinese / Danish / Dutch / English / Finnish / French / German / Italian / Japanese / Korean / Norwegian / Polish / Portuguese / Russian / Spanish / Swedish / Turkish	NTSC-U	N/A	BCUS-98286
BCUS-98289	God of War: Origins Collection	English / French / Spanish	NTSC-U	N/A	BCUS-98289
BCUS-98295	MLB 12: The Show	English	NTSC-U	N/A	BCUS-98295
BCUS-98296	Gran Turismo 6	English / French / Japanese	NTSC-U	N/A	BCUS-98296
BCUS-98298	Beyond: Two Souls	English / French	NTSC-U	N/A	BCUS-98298
BCUS-98359	Wonderbook: Book of Spells	Czech / Danish / Dutch / English / Finnish / French / German / Italian / Norwegian / Polish / Portuguese / Russian / Spanish / Swedish / Turkish	NTSC-U	N/A	BCUS-98359
BCUS-98362	LittleBigPlanet 3	English / French	NTSC-U	N/A	BCUS-98362
BCUS-98365	Everybody Dance	Danish / Dutch / English / Finnish / French / German / Italian / Norwegian / Polish / Portuguese / Russian / Spanish / Swedish	NTSC-U	N/A	BCUS-98365
BCUS-98368	PlayStation Move Puzzle Collection	English / French / Portuguese / Spanish	NTSC-U	N/A	BCUS-98368
BCUS-98369	PlayStation Move Indoor Sports Collection	N/A	NTSC-U	N/A	BCUS-98369
BCUS-98372	LittleBigPlanet 2: Special Edition	English / French / Portuguese / Spanish	NTSC-U	N/A	BCUS-98372
BCUS-98377	Journey Collector's Edition	English	NTSC-U	N/A	BCUS-98377
BCUS-98379	Uncharted 3: Drake's Deception	English / French / Portuguese / Spanish	NTSC-U	N/A	BCUS-98379
BCUS-98380	Ratchet & Clank: Full Frontal Assault	English / French / Spanish	NTSC-U	N/A	BCUS-98380
BCUS-98394	Gran Turismo 5: XL Edition	English / French / Japanese / Portuguese / Spanish	NTSC-U	N/A	BCUS-98394
BCUS-98466	Everybody Dance 2	Danish / Dutch / English / Finnish / French / German / Italian / Norwegian / Polish / Portuguese / Russian / Spanish / Swedish	PAL	N/A	BCUS-98466
BCUS-98472	PlayStation All-Stars Battle Royale	English / French / Portuguese / Spanish	NTSC-U	N/A	BCUS-98472
BCUS-98473	MLB 13: The Show	English	NTSC-U	N/A	BCUS-98473
BCUS-99075	Killzone Trilogy (Killzone | Killzone 2)	N/A	NTSC-U	N/A	BCUS-99075
BCUS-99086	Uncharted 3: Drake's Deception: Game of the Year Edition	English / French / Portuguese / Spanish	NTSC-U	N/A	BCUS-99086
BCUS-99089	LittleBigPlanet Karting	English / French / Portuguese / Spanish	NTSC-U	N/A	BCUS-99089
BCUS-99134	Beyond: Two Souls	English / Portuguese / Spanish	NTSC-U	N/A	BCUS-99134
BCUS-99189	Wonderbook: Book of Potions	English / French / Portuguese / Spanish	NTSC-U	N/A	BCUS-99189
BCUS-99192	Invizimals: El Reino Escondido	English / French / Portuguese / Spanish	PAL	N/A	BCUS-99192
BCUS-99195	MLB 14: The Show	English	NTSC-U	N/A	BCUS-99195
BCUS-99198	The Last of Us	English / French / Portuguese / Spanish	NTSC-U	2013-06-14	BCUS-99198
BCUS-99205	Best of PlayStation Network Vol. 1	English	NTSC-U	N/A	BCUS-99205
BCUS-99245	Ratchet & Clank: Into the Nexus	English / French / Spanish	NTSC-U	N/A	BCUS-99245
BCUS-99247	Gran Turismo 6	English / Portuguese / Spanish	NTSC-U	N/A	BCUS-99247
BCUS-99277	Everybody Dance 3	Danish / Dutch / English / Finnish / French / German / Italian / Norwegian / Polish / Portuguese / Russian / Spanish / Swedish	PAL	N/A	BCUS-99277
BLAS-50001	Mobile Suit Gundam: Target in Sight	English / Japanese	NTSC-J	N/A	BLAS-50001
BLAS-50003	Need for Speed: Carbon	English	NTSC-J	N/A	BLAS-50003
BLAS-50010	Virtua Fighter 5	N/A	NTSC-J	N/A	BLAS-50010
BLAS-50027	FIFA 08	English	NTSC-J	N/A	BLAS-50027
BLAS-50036	World Soccer Winning Eleven 2008	English / Japanese	NTSC-J	N/A	BLAS-50036
BLAS-50038	Assassin's Creed	English / French / German / Italian / Spanish	NTSC-J	N/A	BLAS-50038
BLAS-50039	Burnout Paradise	English	NTSC-J	N/A	BLAS-50039
BLAS-50044	Ryuu ga Gotoku: Kenzan!	Japanese	NTSC-J	N/A	BLAS-50044
BLAS-50045	Tom Clancy's Rainbow Six: Vegas 2	English / French / German / Italian / Spanish	NTSC-U	N/A	BLAS-50045
BLAS-50052	UEFA Euro 2008: Austria-Switzerland	English	NTSC-J	N/A	BLAS-50052
BLAS-50053	Initial D: Extreme Stage	Japanese	NTSC-J	N/A	BLAS-50053
BLAS-50054	Dragon Ball Z: Burst Limit	Japanese	NTSC-J	N/A	BLAS-50054
BLAS-50068	Shin Sangoku Musou 5	Chinese	NTSC-J	N/A	BLAS-50068
BLAS-50071	FIFA 09	English / French / Spanish	NTSC-U	N/A	BLAS-50071
BLAS-50080	Need for Speed: Undercover	English / French / Spanish	NTSC-U	N/A	BLAS-50080
BLAS-50082	Sonic Unleashed	English / French / German / Italian / Japanese / Spanish	NTSC-U	N/A	BLAS-50082
BLAS-50086	World Soccer Winning Eleven 2009	English / Japanese	NTSC-J	N/A	BLAS-50086
BLAS-50102	Resident Evil 5 ~ Biohazard 5	English / French / German / Italian / Japanese / Spanish	NTSC-J	N/A	BLAS-50102
BLAS-50105	Command & Conquer: Red Alert 3: Ultimate Edition	English / French	NTSC-U	N/A	BLAS-50105
BLAS-50112	Disney/Pixar Up	English / French	NTSC-U	N/A	BLAS-50112
BLAS-50113	UFC 2009 Undisputed	English / French	NTSC-U	N/A	BLAS-50113
BLAS-50115	Shin Sangoku Musou 5: Empires	Chinese	NTSC-J	N/A	BLAS-50115
BLAS-50130	Musou Orochi Z	Chinese	NTSC-J	N/A	BLAS-50130
BLAS-50131	Prince of Persia	Dutch / English / French / German / Italian / Spanish	NTSC-U	N/A	BLAS-50131
BLAS-50134	Madden NFL 10	English	NTSC-U	N/A	BLAS-50134
BLAS-50145	FIFA 10	Czech / Danish / Dutch / English / French / German / Hungarian / Italian / Norwegian / Polish / Portuguese / Russian / Spanish / Swedish	PAL	N/A	BLAS-50145
BLAS-50150	Dragon Age: Origins	English / French / German / Italian / Spanish	NTSC-U	N/A	BLAS-50150
BLAS-50153	World Soccer Winning Eleven 2010	English / Japanese	NTSC-J	N/A	BLAS-50153
BLAS-50159	Assassin's Creed II	English / French / Italian / Spanish	NTSC-U	N/A	BLAS-50159
BLAS-50171	Darksiders	English / French / Spanish	NTSC-U	N/A	BLAS-50171
BLAS-50173	Lost Planet 2	English / French / German / Italian / Japanese / Korean / Spanish	PAL	N/A	BLAS-50173
BLAS-50178	Resident Evil 5: Gold Edition	English / French / German / Italian / Japanese / Spanish	NTSC-U	N/A	BLAS-50178
BLAS-50179	BioShock 2	English / French / Spanish	NTSC-U	N/A	BLAS-50179
BLAS-50201	2010 FIFA World Cup South Africa	English / French / Spanish	NTSC-U	N/A	BLAS-50201
BLAS-50220	Sengoku Basara 3	Japanese	NTSC-J	N/A	BLAS-50220
BLAS-50221	Madden NFL 11	English	NTSC-U	N/A	BLAS-50221
BLAS-50229	FIFA 11	Czech / Danish / Dutch / English / French / German / Hungarian / Italian / Norwegian / Polish / Portuguese / Russian / Spanish / Swedish	PAL	N/A	BLAS-50229
BLAS-50231	World Soccer Winning Eleven 2011	Chinese / English	NTSC-J	N/A	BLAS-50231
BLAS-50248	Castlevania: Lords of Shadow	English / French / German / Italian / Spanish	NTSC-J	N/A	BLAS-50248
BLAS-50274	F.E.A.R. 3	English / French / German / Italian / Japanese / Korean / Polish / Portuguese / Russian / Spanish	NTSC-U	N/A	BLAS-50274
BLAS-50284	Grand Theft Auto IV & Episodes from Liberty City	English / French / German / Italian / Spanish	NTSC-U	N/A	BLAS-50284
BLAS-50287	Hokuto Musou International	Japanese	NTSC-J	N/A	BLAS-50287
BLAS-50308	Shin Sangoku Musou 6	Chinese	NTSC-J	N/A	BLAS-50308
BLAS-50321	Dance on Broadway	N/A	NTSC-J	N/A	BLAS-50321
BLAS-50341	Duke Nukem Forever	English	PAL	N/A	BLAS-50341
BLAS-50342	L.A. Noire	English / French / German / Italian / Spanish	NTSC-U	N/A	BLAS-50342
BLAS-50356	Captain America: Super Soldier	English / French / German / Italian / Spanish	NTSC-J	N/A	BLAS-50356
BLAS-50364	Sengoku Musou 3: Empires	Japanese	NTSC-J	N/A	BLAS-50364
BLAS-50370	FIFA 12	Czech / Danish / Dutch / English / French / German / Hungarian / Italian / Norwegian / Polish / Portuguese / Russian / Spanish / Swedish	PAL	N/A	BLAS-50370
BLAS-50371	Tales of Xillia	Japanese	NTSC-J	N/A	BLAS-50371
BLAS-50381	Battlefield 3	Chinese / English	NTSC-J	N/A	BLAS-50381
BLAS-50383	Metal Gear Solid: HD Collection	English / French / Spanish	NTSC-U	N/A	BLAS-50383
BLAS-50388	NBA 2K12	English / French / German / Italian / Japanese / Spanish	NTSC-U	N/A	BLAS-50388
BLAS-50397	Dark Souls	Chinese / English / Korean	NTSC-J	N/A	BLAS-50397
BLAS-50404	The Elder Scrolls V: Skyrim	English / French / Spanish	NTSC-U	N/A	BLAS-50404
BLAS-50416	The Lord of the Rings: War in the North	English / French / Portuguese	NTSC-J	N/A	BLAS-50416
BLAS-50418	Assassin's Creed: Revelations	English / French / Portuguese / Spanish	NTSC-U	N/A	BLAS-50418
BLAS-50431	Resident Evil: Operation Raccoon City	Dutch / English / French / German / Italian / Polish / Russian / Spanish	NTSC-U	N/A	BLAS-50431
BLAS-50433	Dragon's Dogma	English / French / German / Italian / Japanese / Spanish	NTSC-U	N/A	BLAS-50433
BLAS-50434	Binary Domain	English / Japanese	NTSC-U	N/A	BLAS-50434
BLAS-50450	One Piece: Kaizoku Musou	Japanese	NTSC-J	N/A	BLAS-50450
BLAS-50455	Street Fighter X Tekken	Chinese / English / Japanese / Korean	NTSC-J	N/A	BLAS-50455
BLAS-50456	Silent Hill: Downpour	English / French / German / Italian / Portuguese / Spanish	NTSC-U	N/A	BLAS-50456
BLAS-50478	Tom Clancy's Rainbow Six: Vegas + Tom Clancy's Splinter Cell: Double Agent	English / French / German / Italian / Spanish	PAL	N/A	BLAS-50478
BLAS-50485	Resident Evil 6	English / French / German / Italian / Polish / Portuguese / Russian / Spanish	NTSC-U	N/A	BLAS-50485
BLAS-50490	Darksiders II	English / French	NTSC-J	N/A	BLAS-50490
BLAS-50494	Assassin's Creed III	English	PAL	N/A	BLAS-50494
BLAS-50502	Atelier Ayesha	Chinese	NTSC-J	N/A	BLAS-50502
BLAS-50514	FIFA 13	Czech / Danish / Dutch / English / French / German / Hungarian / Italian / Norwegian / Polish / Portuguese / Russian / Spanish / Swedish	PAL	N/A	BLAS-50514
BLAS-50517	Battlefield 3	English / French	NTSC-U	N/A	BLAS-50517
BLAS-50525	NBA 2K13	Chinese / English / French / German / Italian / Japanese / Spanish	NTSC-U	N/A	BLAS-50525
BLAS-50531	Doom 3: BFG Edition	English / French / Spanish	NTSC-U	N/A	BLAS-50531
BLAS-50534	LEGO The Lord of the Rings	English / French / Portuguese / Spanish	NTSC-U	N/A	BLAS-50534
BLAS-50538	Dragon Ball Z: Budokai HD Collection	English / French / Spanish	NTSC-J	N/A	BLAS-50538
BLAS-50543	Far Cry 3	English / Polish / Russian	PAL	N/A	BLAS-50543
BLAS-50544	Shin Sangoku Musou 6: Empires	Chinese	NTSC-J	N/A	BLAS-50544
BLAS-50546	The Elder Scrolls V: Skyrim	Chinese	NTSC-J	N/A	BLAS-50546
BLAS-50548	Mass Effect	English / French / Spanish	NTSC-U	N/A	BLAS-50548
BLAS-50549	Mass Effect 2	English / French / German / Italian / Russian / Spanish	NTSC-U	N/A	BLAS-50549
BLAS-50550	Mass Effect 3	English / French / German / Italian / Japanese / Polish / Russian / Spanish	NTSC-U	N/A	BLAS-50550
BLAS-50552	Ryuu ga Gotoku 5: Yume, Kanaeshi Mono	Japanese	NTSC-J	N/A	BLAS-50552
BLAS-50555	Kidou Senshi Gundam: Extreme Vs.	Japanese	NTSC-J	N/A	BLAS-50555
BLAS-50566	Metal Gear Rising: Revengeance	English / French / German / Italian / Japanese / Portuguese / Spanish	NTSC-U	N/A	BLAS-50566
BLAS-50568	Dead Space 3	English / French / Spanish	NTSC-U	N/A	BLAS-50568
BLAS-50573	Aliens: Colonial Marines	English / French / German / Italian / Polish / Spanish	NTSC-U	N/A	BLAS-50573
BLAS-50575	Pro Yakyuu Spirits 2013	Japanese	NTSC-J	N/A	BLAS-50575
BLAS-50597	One Piece: Kaizoku Musou 2	Chinese	NTSC-J	N/A	BLAS-50597
BLAS-50598	Resident Evil: Revelations	Dutch / English / French / German / Italian / Japanese / Polish / Portuguese / Russian / Spanish	NTSC-U	N/A	BLAS-50598
BLAS-50601	Star Trek	English / French / German / Italian / Russian / Spanish	NTSC-U	N/A	BLAS-50601
BLAS-50612	Tom Clancy's Splinter Cell: Blacklist	Chinese / English / Japanese / Korean	NTSC-J	N/A	BLAS-50612
BLAS-50615	Assassin's Creed III	English	PAL	N/A	BLAS-50615
BLAS-50619	World Soccer Winning Eleven 2014	Chinese / English	NTSC-J	N/A	BLAS-50619
BLAS-50623	Lost Planet 3	English / French / German / Italian / Japanese / Polish / Portuguese / Russian / Spanish	NTSC-U	N/A	BLAS-50623
BLAS-50624	The Elder Scrolls V: Skyrim: Legendary Edition	Chinese	NTSC-J	N/A	BLAS-50624
BLAS-50637	FIFA 14	Czech / Danish / Dutch / English / French / German / Hungarian / Italian / Norwegian / Polish / Portuguese / Russian / Spanish / Swedish	PAL	N/A	BLAS-50637
BLAS-50639	Grand Theft Auto V	Chinese / English / French / Korean / Portuguese / Spanish	NTSC-U	N/A	BLAS-50639
BLAS-50640	Dark Souls II	Chinese / English / Korean	NTSC-J	N/A	BLAS-50640
BLAS-50641	NBA 2K14	Chinese / English / French / German / Italian / Japanese / Spanish	NTSC-U	N/A	BLAS-50641
BLAS-50649	Batman: Arkham Origins	English / French / German / Italian / Korean / Polish / Russian / Spanish	NTSC-U	N/A	BLAS-50649
BLAS-50660	Assassin's Creed IV: Black Flag	Chinese / English / Japanese / Korean	NTSC-J	N/A	BLAS-50660
BLAS-50664	Shin Rorona no Atelier: Hajimari no Monogatari: Arland no Renkinjutsushi	N/A	NTSC-J	N/A	BLAS-50664
BLAS-50666	Tekken Tag Tournament 2	English / French / German / Italian / Japanese / Korean / Russian / Spanish	NTSC-J	N/A	BLAS-50666
BLAS-50675	Sengoku Basara 4	Japanese	NTSC-J	N/A	BLAS-50675
BLAS-50676	Musou Orochi 2 Ultimate	Chinese	NTSC-J	N/A	BLAS-50676
BLAS-50684	Dragon Ball Z: Battle of Z	Japanese	NTSC-J	N/A	BLAS-50684
BLAS-50685	Ryuu ga Gotoku: Ishin!	Japanese	NTSC-J	N/A	BLAS-50685
BLAS-50698	Nobunaga no Yabou: Souzou	Chinese	NTSC-J	N/A	BLAS-50698
BLAS-50699	One Piece: Unlimited World R	Chinese	NTSC-J	N/A	BLAS-50699
BLAS-50710	Mobile Suit Gundam: Side Stories	Chinese	NTSC-J	N/A	BLAS-50710
BLAS-50718	Watch Dogs	Chinese / English / Japanese / Korean	NTSC-J	N/A	BLAS-50718
BLAS-50729	Caladrius Blaze	Japanese	NTSC-J	N/A	BLAS-50729
BLAS-50734	Eiyuu Densetsu: Sen no Kiseki	Chinese	NTSC-J	N/A	BLAS-50734
BLAS-50740	Eiyuu Densetsu: Sen no Kiseki II	Chinese	NTSC-J	N/A	BLAS-50740
BLAS-50743	Shin Sangoku Musou 7: Empires	Japanese	NTSC-J	N/A	BLAS-50743
BLAS-50744	World Soccer Winning Eleven 2015	Chinese / English / Korean	NTSC-J	N/A	BLAS-50744
BLAS-50745	Shining Resonance	Chinese	NTSC-J	N/A	BLAS-50745
BLAS-50753	Dengeki Bunko: Fighting Climax	Japanese	NTSC-J	N/A	BLAS-50753
BLAS-50756	LEGO Harry Potter: Years 1-4	Danish / English / French / German / Italian / Spanish	NTSC-J	N/A	BLAS-50756
BLAS-50762	LEGO Batman 3: Beyond Gotham	English / French / Portuguese / Spanish	NTSC-U	N/A	BLAS-50762
BLAS-50763	Biohazard: HD Remaster	English / French / German / Italian / Japanese / Spanish	NTSC-J	N/A	BLAS-50763
BLAS-50768	Call of Duty: Advanced Warfare	English / French / German / Italian / Spanish	NTSC-U	N/A	BLAS-50768
BLAS-55006	UFC Undisputed 2010	English / French	NTSC-U	N/A	BLAS-55006
BLED-00339	FIFA 09	Czech / French / German / Hungarian / Italian / Polish / Portuguese / Russian / Spanish	PAL	N/A	BLED-00339
BLED-00702	FIFA 10	Czech / Danish / Dutch / English / French / German / Hungarian / Italian / Norwegian / Polish / Portuguese / Russian / Spanish / Swedish	PAL	N/A	BLED-00702
BLED-01075	FIFA 11	Czech / Danish / Dutch / English / French / German / Hungarian / Italian / Norwegian / Polish / Portuguese / Russian / Spanish / Swedish	PAL	N/A	BLED-01075
BLED-01094	Vanquish	English / French / German / Italian / Japanese / Spanish	PAL	N/A	BLED-01094
BLED-01438	FIFA 12	Czech / Danish / Dutch / English / French / German / Hungarian / Italian / Norwegian / Polish / Portuguese / Russian / Spanish / Swedish	PAL	N/A	BLED-01438
BLES-00012	Tiger Woods PGA Tour 07	English	PAL	N/A	BLES-00012
BLES-00013	Marvel: Ultimate Alliance	English / Italian	PAL	N/A	BLES-00013
BLES-00014	Tony Hawk's Project 8	English / French / German / Italian / Spanish	PAL	N/A	BLES-00014
BLES-00015	Full Auto 2: Battlelines	English / French / German / Italian / Spanish	PAL	N/A	BLES-00015
BLES-00016	Call of Duty 3	English	PAL	N/A	BLES-00016
BLES-00017	Call of Duty 3	German	PAL	N/A	BLES-00017
BLES-00019	Untold Legends: Dark Kingdom	English / French / German / Italian / Spanish	PAL	N/A	BLES-00019
BLES-00020	Need for Speed: Carbon	English / French / German / Italian / Spanish	PAL	N/A	BLES-00020
BLES-00021	Call of Duty 3	French / Italian / Spanish	PAL	N/A	BLES-00021
BLES-00023	Blazing Angels: Squadrons of WWII	English / French / German / Italian / Spanish	PAL	N/A	BLES-00023
BLES-00024	Tom Clancy's Splinter Cell: Double Agent	English / French / German / Italian / Spanish	PAL	N/A	BLES-00024
BLES-00025	NBA 2K7	English / French / German / Italian / Spanish	PAL	N/A	BLES-00025
BLES-00026	Fight Night Round 3	English / French	PAL	N/A	BLES-00026
BLES-00027	Virtua Tennis 3	English / French / German / Italian / Spanish	PAL	N/A	BLES-00027
BLES-00028	Sonic the Hedgehog	English / French / German / Italian / Japanese / Spanish	PAL	N/A	BLES-00028
BLES-00029	Virtua Fighter 5	English / French / German / Italian / Japanese / Spanish	PAL	N/A	BLES-00029
BLES-00033	NHL 2K7	English / French / German / Italian / Spanish	PAL	N/A	BLES-00033
BLES-00034	Mobile Suit Gundam: Target in Sight	English / Japanese	PAL	N/A	BLES-00034
BLES-00035	F.E.A.R.: First Encounter Assault Recon	English / French / Italian / Spanish	PAL	N/A	BLES-00035
BLES-00036	F.E.A.R.: First Encounter Assault Recon	German	PAL	N/A	BLES-00036
BLES-00038	NBA Street Homecourt	English / French	PAL	N/A	BLES-00038
BLES-00039	Armored Core 4	English / French / Italian	PAL	N/A	BLES-00039
BLES-00041	World Snooker Championship 2007	English	PAL	N/A	BLES-00041
BLES-00042	Def Jam: Icon	English / French	PAL	N/A	BLES-00042
BLES-00043	The Godfather: The Don's Edition	English	PAL	N/A	BLES-00043
BLES-00044	Le Parrain: Edition du Don	French	PAL	N/A	BLES-00044
BLES-00045	Il Padrino: The Don's Edition	Italian	PAL	N/A	BLES-00045
BLES-00046	Der Pate: Die Don-Edition	German	PAL	N/A	BLES-00046
BLES-00047	El Padrino: Don Corleone	Spanish	PAL	N/A	BLES-00047
BLES-00048	The Elder Scrolls IV: Oblivion	English / French / German / Italian / Spanish	PAL	N/A	BLES-00048
BLES-00049	Enchanted Arms	English	PAL	N/A	BLES-00049
BLES-00054	Tom Clancy's Rainbow Six: Vegas	English / French / German / Italian / Spanish	PAL	N/A	BLES-00054
BLES-00055	Spider-Man 3	English	PAL	N/A	BLES-00055
BLES-00056	Spider-Man 3	French / German / Italian / Spanish	PAL	N/A	BLES-00056
BLES-00058	The Darkness	English / French / German / Italian / Spanish	PAL	N/A	BLES-00058
BLES-00059	The Darkness	English / German	PAL	N/A	BLES-00059
BLES-00061	Spider-Man 3	English	PAL	N/A	BLES-00061
BLES-00062	Spider-Man 3	French / German / Italian / Spanish	PAL	N/A	BLES-00062
BLES-00066	Disney Pirates of the Caribbean: At World's End	English / French / German / Italian / Spanish	PAL	N/A	BLES-00066
BLES-00067	Tom Clancy's Ghost Recon: Advanced Warfighter 2	English / French / German / Italian / Spanish	PAL	N/A	BLES-00067
BLES-00070	Harry Potter and the Order of the Phoenix	English	PAL	N/A	BLES-00070
BLES-00071	Harry Potter and the Order of the Phoenix	Dutch / English / French / German / Italian / Spanish	PAL	N/A	BLES-00071
BLES-00072	Ninja Gaiden Sigma	English / French / German / Italian / Spanish	PAL	N/A	BLES-00072
BLES-00073	Burnout Paradise	English	PAL	N/A	BLES-00073
BLES-00074	Burnout Paradise	French / German / Italian / Spanish	PAL	N/A	BLES-00074
BLES-00075	Fantastic Four: Rise of the Silver Surfer	English / French / German / Italian / Spanish	PAL	N/A	BLES-00075
BLES-00076	Conan	English / French / German / Italian / Spanish	PAL	N/A	BLES-00076
BLES-00077	Conan	English / German	PAL	N/A	BLES-00077
BLES-00079	Disney/Pixar Ratatouille	Danish / English / Greek / Italian / Norwegian / Swedish	PAL	N/A	BLES-00079
BLES-00080	Disney/Pixar Ratatouille	Dutch / French / German / Portuguese / Spanish	PAL	N/A	BLES-00080
BLES-00082	Surf's Up	English / French / Spanish	PAL	N/A	BLES-00082
BLES-00083	Surf's Up	English / French / German / Italian / Spanish	PAL	N/A	BLES-00083
BLES-00089	Disney/Pixar Ratatouille	English	PAL	N/A	BLES-00089
BLES-00090	Hellboy: The Science of Evil	English / French / German / Italian / Spanish	PAL	N/A	BLES-00090
BLES-00092	Transformers: The Game	English	PAL	N/A	BLES-00092
BLES-00093	Transformers: The Game	German / Italian	PAL	N/A	BLES-00093
BLES-00094	Transformers: The Game	French / Spanish	PAL	N/A	BLES-00094
BLES-00095	Colin McRae: DiRT	English / French / German / Italian / Spanish	PAL	N/A	BLES-00095
BLES-00097	NASCAR 08	English	PAL	N/A	BLES-00097
BLES-00102	Madden NFL 08	English	PAL	N/A	BLES-00102
BLES-00103	Blazing Angels 2: Secret Missions of WWII	English / French / German / Italian / Spanish	PAL	N/A	BLES-00103
BLES-00105	Tiger Woods PGA Tour 08	English	PAL	N/A	BLES-00105
BLES-00107	Sega Rally	English / French / German / Italian / Japanese / Russian / Spanish	PAL	N/A	BLES-00107
BLES-00108	Sega Rally	Russian	PAL	N/A	BLES-00108
BLES-00110	PES 2008: Pro Evolution Soccer	English / French / German / Italian / Portuguese / Spanish	PAL	N/A	BLES-00110
BLES-00111	Tiger Woods PGA Tour 08	French	PAL	N/A	BLES-00111
BLES-00113	Bladestorm: The Hundred Years' War	English / French / German / Italian / Spanish	PAL	N/A	BLES-00113
BLES-00118	NHL 08	English / Finnish / German / Swedish	PAL	N/A	BLES-00118
BLES-00119	NBA Live 08	English / French / German / Italian / Spanish	PAL	N/A	BLES-00119
BLES-00120	Clive Barker's Jericho	English / French / German / Italian / Spanish	PAL	N/A	BLES-00120
BLES-00121	LEGO Star Wars: The Complete Saga	English / French / Spanish	PAL	N/A	BLES-00121
BLES-00124	Skate.	English	PAL	N/A	BLES-00124
BLES-00125	Skate.	English / French / German / Italian / Spanish	PAL	N/A	BLES-00125
BLES-00130	Tony Hawk's Proving Ground	English / French / German / Italian / Spanish	PAL	N/A	BLES-00130
BLES-00131	NHL 2K8	English / French / German / Italian / Spanish	PAL	N/A	BLES-00131
BLES-00132	FIFA 08	English	PAL	N/A	BLES-00132
BLES-00133	FIFA 08	Dutch / English / French / German / Italian / Spanish / Swedish	PAL	N/A	BLES-00133
BLES-00134	Guitar Hero III: Legends of Rock	English / French / German / Italian / Spanish	PAL	N/A	BLES-00134
BLES-00135	Stuntman: Ignition	English / French / German / Italian / Spanish	PAL	N/A	BLES-00135
BLES-00136	WWE SmackDown vs. Raw 2008	English	PAL	N/A	BLES-00136
BLES-00137	WWE SmackDown vs. Raw 2008	English / French / German / Italian / Spanish	PAL	N/A	BLES-00137
BLES-00138	NBA 2K8	English / French / German / Italian / Spanish	PAL	N/A	BLES-00138
BLES-00139	World Series of Poker 2008: Battle for the Bracelets	English	PAL	N/A	BLES-00139
BLES-00140	FIFA 08	Russian	PAL	N/A	BLES-00140
BLES-00142	The Simpsons Game	English / French / Italian / Spanish	PAL	N/A	BLES-00142
BLES-00143	Juiced 2: Hot Import Nights	English / French / German / Italian / Spanish	PAL	N/A	BLES-00143
BLES-00144	John Woo Presents Stranglehold	English / French / German / Italian / Spanish	PAL	N/A	BLES-00144
BLES-00145	John Woo Presents Stranglehold	English / French / German / Italian / Spanish	PAL	N/A	BLES-00145
BLES-00146	Die Simpsons: Das Spiel	German	PAL	N/A	BLES-00146
BLES-00147	Dynasty Warriors: Gundam	English / French / German / Italian / Spanish	PAL	N/A	BLES-00147
BLES-00148	Call of Duty 4: Modern Warfare	English	PAL	N/A	BLES-00148
BLES-00149	Call of Duty 4: Modern Warfare	German	PAL	N/A	BLES-00149
BLES-00150	X-Men Origins: Wolverine: Uncaged Edition	English / French / Italian / Spanish	PAL	N/A	BLES-00150
BLES-00153	The Orange Box	English	PAL	N/A	BLES-00153
BLES-00154	Call of Duty 4: Modern Warfare	French	PAL	N/A	BLES-00154
BLES-00155	Call of Duty 4: Modern Warfare	Spanish	PAL	N/A	BLES-00155
BLES-00156	Call of Duty 4: Modern Warfare	Italian	PAL	N/A	BLES-00156
BLES-00157	Haze	English / French / Italian / Spanish	PAL	N/A	BLES-00157
BLES-00158	Assassin's Creed	English / French / German / Italian / Spanish	PAL	N/A	BLES-00158
BLES-00159	TimeShift	English / French / Italian / Spanish	PAL	N/A	BLES-00159
BLES-00160	TimeShift	German	PAL	N/A	BLES-00160
BLES-00161	Beowulf: The Game	English / French / German / Italian / Spanish	PAL	N/A	BLES-00161
BLES-00162	Disney/Pixar Cars: Mater-National Championship	Dutch / English / French / German / Italian / Spanish	PAL	N/A	BLES-00162
BLES-00163	The Elder Scrolls IV: Oblivion: Game of the Year Edition	English / French / German / Italian / Spanish	PAL	N/A	BLES-00163
BLES-00164	Haze	English / German	PAL	N/A	BLES-00164
BLES-00166	Ferrari Challenge: Trofeo Pirelli	English / French / German / Italian / Spanish	PAL	N/A	BLES-00166
BLES-00167	Kane & Lynch: Dead Men	English / French / German / Italian / Spanish	PAL	N/A	BLES-00167
BLES-00168	Army of Two	English / French / German / Italian / Spanish	PAL	N/A	BLES-00168
BLES-00169	Haze	Russian	PAL	N/A	BLES-00169
BLES-00171	The Orange Box	English / German	PAL	N/A	BLES-00171
BLES-00172	The Orange Box	French	PAL	N/A	BLES-00172
BLES-00174	Medal of Honor: Airborne	English / French / German / Italian / Spanish	PAL	N/A	BLES-00174
BLES-00175	Need for Speed: ProStreet	English	PAL	N/A	BLES-00175
BLES-00176	Need for Speed: ProStreet	Danish / Dutch / English / Finnish / French / German / Italian / Norwegian / Spanish / Swedish	PAL	N/A	BLES-00176
BLES-00177	Need for Speed: ProStreet	Russian	PAL	N/A	BLES-00177
BLES-00178	MX vs. ATV Untamed	English	PAL	N/A	BLES-00178
BLES-00179	MX vs. ATV Extrême Limite	French	PAL	N/A	BLES-00179
BLES-00180	The Golden Compass	Danish / Dutch / English / French / German / Italian / Norwegian / Spanish / Swedish	PAL	N/A	BLES-00180
BLES-00182	Conflict: Denied Ops	English / French / Italian / Spanish	PAL	N/A	BLES-00182
BLES-00183	Conflict: Denied Ops	German	PAL	N/A	BLES-00183
BLES-00184	Enemy Territory: Quake Wars	English / French / German / Italian / Spanish	PAL	N/A	BLES-00184
BLES-00186	Devil May Cry 4	English / French / German / Italian / Japanese / Spanish	PAL	N/A	BLES-00186
BLES-00187	Turok	English / French / German / Italian / Spanish	PAL	N/A	BLES-00187
BLES-00188	FIFA Street 3	English / French / German / Italian / Spanish	PAL	N/A	BLES-00188
BLES-00189	Soldier of Fortune: Payback	English	PAL	N/A	BLES-00189
BLES-00190	Soldier of Fortune: Payback	English	PAL	N/A	BLES-00190
BLES-00191	BlackSite	English / French / German / Italian / Spanish	PAL	N/A	BLES-00191
BLES-00192	The Club	English / French / Italian / Spanish	PAL	N/A	BLES-00192
BLES-00193	The Club	Russian	PAL	N/A	BLES-00193
BLES-00194	The History Channel: Battle for the Pacific	English	PAL	N/A	BLES-00194
BLES-00196	Turning Point: Fall of Liberty	English / Italian / Spanish	PAL	N/A	BLES-00196
BLES-00197	Turning Point: Fall of Liberty	French / German	PAL	N/A	BLES-00197
BLES-00198	Lost Planet: Extreme Condition	English / French / German / Italian / Japanese / Korean / Spanish	PAL	N/A	BLES-00198
BLES-00199	Assassin's Creed	Russian	PAL	N/A	BLES-00199
BLES-00200	Unreal Tournament III	English / French / German / Italian / Spanish	PAL	N/A	BLES-00200
BLES-00201	Unreal Tournament III	English / German	PAL	N/A	BLES-00201
BLES-00215	Dynasty Warriors 6	English / French / German / Italian / Spanish	PAL	N/A	BLES-00215
BLES-00218	NFL Tour	English	PAL	N/A	BLES-00218
BLES-00219	Condemned 2	English / French / Italian / Spanish	PAL	N/A	BLES-00219
BLES-00221	Lost	English / French / German / Italian / Spanish	PAL	N/A	BLES-00221
BLES-00222	Dark Sector	English / French / German / Spanish	PAL	N/A	BLES-00222
BLES-00223	Dark Sector	English / Italian	PAL	N/A	BLES-00223
BLES-00227	UEFA Euro 2008: Austria-Switzerland	Dutch / English / French / German / Italian / Portuguese / Russian / Spanish / Swedish	PAL	N/A	BLES-00227
BLES-00228	Rock Band	English / French / German / Italian / Spanish	PAL	N/A	BLES-00228
BLES-00229	Grand Theft Auto IV	English / French / German / Italian / Spanish	PAL	N/A	BLES-00229
BLES-00231	Dragon Ball Z: Burst Limit	English / French / German / Italian / Spanish	PAL	N/A	BLES-00231
BLES-00232	Sega Superstars Tennis	English / French / German / Italian / Spanish	PAL	N/A	BLES-00232
BLES-00237	Tom Clancy's Rainbow Six: Vegas 2	English / French / German / Italian / Spanish	PAL	N/A	BLES-00237
BLES-00238	Sid Meier's Civilization Revolution	English / French / German / Italian / Spanish	PAL	N/A	BLES-00238
BLES-00239	Vampire Rain: Altered Species	English / French / German / Italian / Spanish	PAL	N/A	BLES-00239
BLES-00241	Guitar Hero: Aerosmith	English / French / German / Italian / Spanish	PAL	N/A	BLES-00241
BLES-00242	Viking: Battle for Asgard	English / French / German / Italian / Spanish	PAL	N/A	BLES-00242
BLES-00243	DreamWorks Kung Fu Panda	Dutch / English / French / German / Spanish / Swedish	PAL	N/A	BLES-00243
BLES-00244	DreamWorks Kung Fu Panda	English / Italian	PAL	N/A	BLES-00244
BLES-00246	Metal Gear Solid 4: Guns of the Patriots	English / French / German / Italian / Spanish	PAL	N/A	BLES-00246
BLES-00247	Iron Man	English / French / German / Italian / Spanish	PAL	N/A	BLES-00247
BLES-00248	Tom Clancy's Rainbow Six: Vegas 2	English / French / German / Italian / Spanish	PAL	N/A	BLES-00248
BLES-00249	Robert Ludlum's The Bourne Conspiracy	English / French / German / Italian / Spanish	PAL	N/A	BLES-00249
BLES-00250	Robert Ludlum's Das Bourne Komplott	English / French / German / Italian / Spanish	PAL	N/A	BLES-00250
BLES-00251	The Chronicles of Narnia: Prince Caspian	English / French / Spanish	PAL	N/A	BLES-00251
BLES-00252	The Chronicles of Narnia: Prince Caspian	Dutch / German / Italian	PAL	N/A	BLES-00252
BLES-00253	Battle Fantasia	English / French / German / Italian / Spanish	PAL	N/A	BLES-00253
BLES-00254	LEGO Indiana Jones: The Original Adventures	Danish / English / French / German / Italian / Spanish	PAL	N/A	BLES-00254
BLES-00255	Monster Madness: Grave Danger	English / French / German / Italian / Spanish	PAL	N/A	BLES-00255
BLES-00256	Race Driver: Grid	English / French / German / Italian / Spanish	PAL	N/A	BLES-00256
BLES-00257	Overlord: Raising Hell	English / French / German / Italian / Spanish	PAL	N/A	BLES-00257
BLES-00258	Grand Theft Auto IV	English / French / German / Italian / Spanish	PAL	N/A	BLES-00258
BLES-00259	Battlefield: Bad Company	English / French / German / Italian / Spanish	PAL	N/A	BLES-00259
BLES-00261	Battlefield: Bad Company	English / French / German / Italian / Spanish	PAL	N/A	BLES-00261
BLES-00262	Star Wars: The Force Unleashed	English / French / German / Italian / Spanish	PAL	N/A	BLES-00262
BLES-00263	Robert Ludlum's Konspiraciya Borna	English / Russian	PAL	N/A	BLES-00263
BLES-00268	NASCAR 09	English	PAL	N/A	BLES-00268
BLES-00269	Prototype	English / French / Italian / Spanish	PAL	N/A	BLES-00269
BLES-00271	G1 Jockey 4 2008	English	PAL	N/A	BLES-00271
BLES-00276	Top Spin 3	English / French / German / Italian / Spanish	PAL	N/A	BLES-00276
BLES-00277	Disney/Pixar WALL-E	English	PAL	N/A	BLES-00277
BLES-00278	Disney/Pixar WALL-E	Arabic / English	PAL	N/A	BLES-00278
BLES-00279	Disney/Pixar WALL-E	Russian	PAL	N/A	BLES-00279
BLES-00280	Disney/Pixar WALL-E	Dutch / French / German	PAL	N/A	BLES-00280
BLES-00281	Disney/Pixar WALL-E	Greek / Italian	PAL	N/A	BLES-00281
BLES-00282	Dragon Ball Z: Burst Limit	English / French / German / Italian / Spanish	PAL	N/A	BLES-00282
BLES-00283	Disney/Pixar WALL-E	English / Portuguese / Spanish	PAL	N/A	BLES-00283
BLES-00285	Madden NFL 09	English	PAL	N/A	BLES-00285
BLES-00286	Beijing 2008	English / French / German / Italian / Spanish	PAL	N/A	BLES-00286
BLES-00288	Assassin's Creed	Polish	PAL	N/A	BLES-00288
BLES-00289	The Incredible Hulk	English / French / German / Italian / Spanish	PAL	N/A	BLES-00289
BLES-00290	WSC Real 09: World Snooker Championship	English	PAL	N/A	BLES-00290
BLES-00291	FaceBreaker	English / French / German	PAL	N/A	BLES-00291
BLES-00295	Tiger Woods PGA Tour 09	English	PAL	N/A	BLES-00295
BLES-00296	Soulcalibur IV	English / French / German / Italian / Japanese / Spanish	PAL	N/A	BLES-00296
BLES-00297	Dark Sector	English	PAL	N/A	BLES-00297
BLES-00298	NHL 09	Czech / English / Finnish / French / German / Russian / Swedish	PAL	N/A	BLES-00298
BLES-00299	Guitar Hero World Tour	English / French / German / Italian / Spanish	PAL	N/A	BLES-00299
BLES-00300	TNA Impact! Total Nonstop Action Wrestling	English / French / German / Italian / Spanish	PAL	N/A	BLES-00300
BLES-00302	NBA Live 09	English / French / German / Italian / Spanish	PAL	N/A	BLES-00302
BLES-00307	Silent Hill: Homecoming	English / French / German / Italian / Spanish	PAL	N/A	BLES-00307
BLES-00308	Dead Space	Czech / English / Hungarian / Polish / Russian	PAL	N/A	BLES-00308
BLES-00309	Dead Space	French / German	PAL	N/A	BLES-00309
BLES-00310	Dead Space	Italian / Spanish	PAL	N/A	BLES-00310
BLES-00311	The Chronicles of Riddick: Assault on Dark Athena	English / French / German / Italian / Spanish	PAL	N/A	BLES-00311
BLES-00314	FIFA 09	Danish / Dutch / English / Norwegian / Swedish	PAL	N/A	BLES-00314
BLES-00315	FIFA 09	Czech / French / German / Hungarian / Italian / Polish / Portuguese / Russian / Spanish	PAL	N/A	BLES-00315
BLES-00316	BioShock	English / French / German / Italian / Spanish	PAL	N/A	BLES-00316
BLES-00317	BioShock	English / German	PAL	N/A	BLES-00317
BLES-00318	Brothers in Arms: Hell's Highway	English / French / Italian / Spanish	PAL	N/A	BLES-00318
BLES-00319	Brothers in Arms: Hell's Highway	English / German	PAL	N/A	BLES-00319
BLES-00322	Mirror's Edge	English / French / German / Italian / Russian / Spanish	PAL	N/A	BLES-00322
BLES-00323	Mercenaries 2: World in Flames	English / French / German / Italian / Russian / Spanish	PAL	N/A	BLES-00323
BLES-00324	Far Cry 2	English / French / German / Italian / Spanish	PAL	N/A	BLES-00324
BLES-00325	Far Cry 2	Polish / Russian	PAL	N/A	BLES-00325
BLES-00326	Tom Clancy's EndWar	English / French / German / Italian / Spanish	PAL	N/A	BLES-00326
BLES-00327	Pure	Dutch / English / French / German / Italian / Spanish	PAL	N/A	BLES-00327
BLES-00328	Mercenaries 2: World in Flames	English / German	PAL	N/A	BLES-00328
BLES-00329	Fracture	English / French / German / Italian / Japanese / Korean / Spanish	PAL	N/A	BLES-00329
BLES-00330	Tom Clancy's H.A.W.X	English / French / German / Italian / Spanish	PAL	N/A	BLES-00330
BLES-00332	LEGO Batman: The Videogame	Danish / English / French / German / Italian / Spanish	PAL	N/A	BLES-00332
BLES-00333	Fallout 3	English	PAL	N/A	BLES-00333
BLES-00334	Fallout 3	French	PAL	N/A	BLES-00334
BLES-00335	Fallout 3	Italian	PAL	N/A	BLES-00335
BLES-00336	Fallout 3	German	PAL	N/A	BLES-00336
BLES-00337	Fallout 3	Spanish	PAL	N/A	BLES-00337
BLES-00338	PES 2009: Pro Evolution Soccer	English / French / German / Italian / Portuguese / Spanish	PAL	N/A	BLES-00338
BLES-00353	NHL 2K9	English / French / German / Italian / Spanish	PAL	N/A	BLES-00353
BLES-00354	Call of Duty: World at War	English / French	PAL	N/A	BLES-00354
BLES-00355	Call of Duty: World at War	German	PAL	N/A	BLES-00355
BLES-00357	Call of Duty: World at War	Italian / Spanish	PAL	N/A	BLES-00357
BLES-00359	Baja: Edge of Control	English / French / German / Italian / Spanish	PAL	N/A	BLES-00359
BLES-00360	WWE SmackDown vs. Raw 2009	English	PAL	N/A	BLES-00360
BLES-00361	WWE SmackDown vs. Raw 2009	English / French / German / Italian / Spanish	PAL	N/A	BLES-00361
BLES-00362	Midnight Club: Los Angeles	English / French / German / Italian / Spanish	PAL	N/A	BLES-00362
BLES-00368	SBK 08: Superbike World Championship	English / French / German / Italian / Spanish	PAL	N/A	BLES-00368
BLES-00370	Armored Core: For Answer	English / French / Spanish	PAL	N/A	BLES-00370
BLES-00371	Naruto: Ultimate Ninja Storm	English / French / German / Italian / Spanish	PAL	N/A	BLES-00371
BLES-00372	Valkyria Chronicles	English	PAL	N/A	BLES-00372
BLES-00373	Saints Row 2	Danish / Dutch / English / French / German / Italian / Spanish / Swedish	PAL	N/A	BLES-00373
BLES-00374	Saints Row 2	English / German	PAL	N/A	BLES-00374
BLES-00377	Saints Row 2	English / Russian	PAL	N/A	BLES-00377
BLES-00378	Disney Sing It	Dutch / English / French / German / Italian / Spanish	PAL	N/A	BLES-00378
BLES-00380	Disney Sing It	Danish / English / Norwegian / Swedish	PAL	N/A	BLES-00380
BLES-00382	The Legend of Spyro: Dawn of the Dragon	Danish / Dutch / English / Finnish / French / German / Italian / Norwegian / Spanish / Swedish	PAL	N/A	BLES-00382
BLES-00383	The Legend of Spyro: Dawn of the Dragon	English / Russian	PAL	N/A	BLES-00383
BLES-00384	NBA 2K9	English / French / German / Italian / Spanish	PAL	N/A	BLES-00384
BLES-00385	Rock Band 2	English / French / German / Italian / Spanish	PAL	N/A	BLES-00385
BLES-00387	Monopoly	Dutch / English / French / German / Spanish	PAL	N/A	BLES-00387
BLES-00389	Prince of Persia	Dutch / English / French / German / Italian / Spanish	PAL	N/A	BLES-00389
BLES-00390	Prince of Persia	Polish / Russian	PAL	N/A	BLES-00390
BLES-00391	Golden Axe: Beast Rider	English / French / Italian / Spanish	PAL	N/A	BLES-00391
BLES-00392	Spider-Man: Web of Shadows	English / French / German / Italian / Spanish	PAL	N/A	BLES-00392
BLES-00394	DreamWorks Madagascar: Escape 2 Africa	Dutch / English / French / German / Italian / Spanish / Swedish	PAL	N/A	BLES-00394
BLES-00395	DreamWorks Madagascar: Escape 2 Africa	Russian	PAL	N/A	BLES-00395
BLES-00396	MotoGP 08	English / French / German / Italian / Spanish	PAL	N/A	BLES-00396
BLES-00397	Blitz: The League II	English	PAL	N/A	BLES-00397
BLES-00398	Fallout 3	Polish	PAL	N/A	BLES-00398
BLES-00399	Fallout 3	German	PAL	N/A	BLES-00399
BLES-00400	Fallout 3	Russian	PAL	N/A	BLES-00400
BLES-00401	Rapala Fishing Frenzy 2009	English	PAL	N/A	BLES-00401
BLES-00402	Cabela's Dangerous Adventures	English	PAL	N/A	BLES-00402
BLES-00403	Shaun White Snowboarding	English / French / German / Italian / Spanish	PAL	N/A	BLES-00403
BLES-00404	Call of Duty: World at War	Russian	PAL	N/A	BLES-00404
BLES-00405	Legendary	English / French / German / Italian / Spanish	PAL	N/A	BLES-00405
BLES-00406	007: Quantum of Solace	English / French / German / Italian / Spanish	PAL	N/A	BLES-00406
BLES-00407	007: Kvant Miloserdiya	Russian	PAL	N/A	BLES-00407
BLES-00408	ShellShock 2: Blood Trails	English / French / German / Italian / Spanish	PAL	N/A	BLES-00408
BLES-00409	Tomb Raider: Underworld	Dutch / English / French / German / Italian / Spanish	PAL	N/A	BLES-00409
BLES-00410	Sacred 2: Fallen Angel	English / French / German / Italian / Spanish	PAL	N/A	BLES-00410
