ID	title	language	region	release_date	serial
BLES-00411	007: Quantum of Solace	English / French / German / Italian / Spanish	PAL	N/A	BLES-00411
BLES-00412	The Lord of the Rings: Conquest	English / French / German / Italian / Norwegian / Spanish / Swedish	PAL	N/A	BLES-00412
BLES-00414	Disney Bolt	English / Italian / Spanish	PAL	N/A	BLES-00414
BLES-00415	Disney Bolt	Russian	PAL	N/A	BLES-00415
BLES-00416	Disney Bolt	Dutch / French / German	PAL	N/A	BLES-00416
BLES-00418	Rise of the Argonauts	English / French / German / Italian / Spanish	PAL	N/A	BLES-00418
BLES-00420	Brain Challenge	Dutch / English / French / German / Italian / Spanish	PAL	N/A	BLES-00420
BLES-00421	Score International Baja 1000: World Championship Off Road Racing	English	PAL	N/A	BLES-00421
BLES-00422	Alone in the Dark: Inferno	English / French / German / Italian / Spanish	PAL	N/A	BLES-00422
BLES-00424	Harry Potter and the Half-Blood Prince	Dutch / English / Finnish / French / German / Italian / Norwegian / Portuguese / Russian / Spanish / Swedish	PAL	N/A	BLES-00424
BLES-00425	Sonic Unleashed	English / French / German / Italian / Japanese / Spanish	PAL	N/A	BLES-00425
BLES-00441	Mortal Kombat vs. DC Universe	English / French / German / Italian / Spanish	PAL	N/A	BLES-00441
BLES-00442	Disney Sing It: High School Musical 3: Senior Year	Dutch / English / French / German / Italian / Spanish	PAL	N/A	BLES-00442
BLES-00443	Disney Sing It: High School Musical 3: Senior Year	Danish / English / Norwegian / Swedish	PAL	N/A	BLES-00443
BLES-00444	Eternal Sonata	English / French / German / Italian / Spanish	PAL	N/A	BLES-00444
BLES-00445	Shaun White Snowboarding	Polish / Russian	PAL	N/A	BLES-00445
BLES-00447	X-Blades	English	PAL	N/A	BLES-00447
BLES-00449	Need for Speed: Undercover	English	PAL	N/A	BLES-00449
BLES-00450	Need for Speed: Undercover	Czech / Danish / Dutch / English / Finnish / French / German / Hungarian / Italian / Norwegian / Polish / Russian / Spanish / Swedish	PAL	N/A	BLES-00450
BLES-00451	Rock Band: Song Pack 2	English / French / German / Italian / Spanish	PAL	N/A	BLES-00451
BLES-00452	Disgaea 3: Absence of Justice	English / French	PAL	N/A	BLES-00452
BLES-00453	AC/DC Live: Rock Band	English / French / German / Italian / Spanish	PAL	N/A	BLES-00453
BLES-00455	Burnout Paradise: The Ultimate Box	English / French / German / Italian / Japanese / Spanish	PAL	N/A	BLES-00455
BLES-00457	Call of Duty: World at War	Polish	PAL	N/A	BLES-00457
BLES-00460	Silent Hill: Homecoming	English / French / German / Italian / Spanish	PAL	N/A	BLES-00460
BLES-00461	Skate 2	Dutch / English / French / German / Italian / Spanish	PAL	N/A	BLES-00461
BLES-00462	Burnout Paradise: The Ultimate Box	Polish / Russian	PAL	N/A	BLES-00462
BLES-00464	F.E.A.R. 2: Project Origin	English / French / German / Italian / Spanish	PAL	N/A	BLES-00464
BLES-00465	Bionic Commando	English / French / German / Italian / Spanish	PAL	N/A	BLES-00465
BLES-00466	The Millennium European Paintball Series: Championship Paintball 2009	English	PAL	N/A	BLES-00466
BLES-00467	Destroy All Humans! Path of the Furon	English / French / German / Italian / Spanish	PAL	N/A	BLES-00467
BLES-00471	F.E.A.R. 2: Project Origin	English / French / German / Italian / Spanish	PAL	N/A	BLES-00471
BLES-00472	50 Cent: Blood on the Sand	English / French / German	PAL	N/A	BLES-00472
BLES-00473	X-Blades	Czech / English / French / German / Hungarian / Italian / Polish / Romanian / Russian / Spanish	PAL	N/A	BLES-00473
BLES-00474	Rock Revolution	Danish / English / Finnish / French / German / Italian / Norwegian / Spanish / Swedish	PAL	N/A	BLES-00474
BLES-00475	Sega Mega Drive Ultimate Collection	English / French / German / Italian / Spanish	PAL	N/A	BLES-00475
BLES-00477	The Godfather II	Czech / Dutch / English / Polish / Russian / Spanish	PAL	N/A	BLES-00477
BLES-00478	The Godfather II	French / German / Italian	PAL	N/A	BLES-00478
BLES-00479	Guitar Hero: Metallica	English / French / German / Italian / Spanish	PAL	N/A	BLES-00479
BLES-00480	Wheelman	English / French / German / Italian / Spanish	PAL	N/A	BLES-00480
BLES-00481	Street Fighter IV	English / French / German / Italian / Spanish	PAL	N/A	BLES-00481
BLES-00485	Resident Evil 5	English / French / German / Italian / Japanese / Spanish	PAL	N/A	BLES-00485
BLES-00486	Tom Clancy's H.A.W.X	Polish	PAL	N/A	BLES-00486
BLES-00487	Tom Clancy's EndWar	Polish / Russian	PAL	N/A	BLES-00487
BLES-00488	Trivial Pursuit	English / French / German / Italian / Spanish	PAL	N/A	BLES-00488
BLES-00489	Skate 2	German	PAL	N/A	BLES-00489
BLES-00490	DreamWorks Monsters vs. Aliens	Dutch / English / French / German / Italian / Spanish / Swedish	PAL	N/A	BLES-00490
BLES-00492	WWE Legends of WrestleMania	English / French / German / Italian / Spanish	PAL	N/A	BLES-00492
BLES-00495	Eat Lead: The Return of Matt Hazard	English / French / German / Italian / Spanish	PAL	N/A	BLES-00495
BLES-00496	Red Faction: Guerrilla	English / French / German / Italian / Spanish	PAL	N/A	BLES-00496
BLES-00497	Red Faction: Guerrilla	German	PAL	N/A	BLES-00497
BLES-00498	Red Faction: Guerrilla	Arabic / Czech / English / Polish / Russian	PAL	N/A	BLES-00498
BLES-00501	Der Pate II	German	PAL	N/A	BLES-00501
BLES-00503	Batman: Arkham Asylum	English / French / German / Italian / Spanish	PAL	N/A	BLES-00503
BLES-00504	Wanted: Weapons of Fate	English / French / German / Italian / Spanish	PAL	N/A	BLES-00504
BLES-00506	Command & Conquer: Red Alert 3: Ultimate Edition	English / Russian	PAL	N/A	BLES-00506
BLES-00507	Command & Conquer: Red Alert 3: Ultimate Edition	Italian / Spanish	PAL	N/A	BLES-00507
BLES-00508	Command & Conquer: Red Alert 3: Ultimate Edition	French / German	PAL	N/A	BLES-00508
BLES-00512	Mini Ninjas	Dutch / English / French / German / Italian / Spanish	PAL	N/A	BLES-00512
BLES-00513	Stormrise	English / French / Italian / Spanish	PAL	N/A	BLES-00513
BLES-00514	Stormrise	Russian	PAL	N/A	BLES-00514
BLES-00515	Stormrise	English / German	PAL	N/A	BLES-00515
BLES-00516	Afro Samurai	English / French / Italian / Spanish	PAL	N/A	BLES-00516
BLES-00517	Just Cause 2	English / French / German / Italian / Spanish	PAL	N/A	BLES-00517
BLES-00521	Mafia II	English / French / German / Italian / Spanish	PAL	N/A	BLES-00521
BLES-00522	Ice Age 3: Dawn of the Dinosaurs	Dutch / English / French / German / Spanish / Swedish	PAL	N/A	BLES-00522
BLES-00523	L'Era Glaciale 3: L'Alba dei Dinosauri	Italian	PAL	N/A	BLES-00523
BLES-00525	Lednikovyj period 3: E'ra dinozavrov	Russian	PAL	N/A	BLES-00525
BLES-00526	Damnation	English / French / German / Italian / Spanish	PAL	N/A	BLES-00526
BLES-00527	Wanted: Weapons of Fate	German	PAL	N/A	BLES-00527
BLES-00528	Dynasty Warriors: Gundam 2	English / French / German / Italian / Spanish	PAL	N/A	BLES-00528
BLES-00529	Superstars V8 Racing	English / French / German / Italian / Spanish	PAL	N/A	BLES-00529
BLES-00530	Tiger Woods PGA Tour 10	English	PAL	N/A	BLES-00530
BLES-00532	The Beatles: Rock Band	English / French / German / Italian / Spanish	PAL	N/A	BLES-00532
BLES-00533	Sacred 2: Fallen Angel	Polish	PAL	N/A	BLES-00533
BLES-00535	Trivial Pursuit	Danish / Finnish / Norwegian / Swedish	PAL	N/A	BLES-00535
BLES-00536	SBK 09: Superbike World Championship	English / French / German / Italian / Spanish	PAL	N/A	BLES-00536
BLES-00537	Terminator Salvation	Dutch / English / French / German / Italian / Portuguese / Spanish	PAL	N/A	BLES-00537
BLES-00538	Fight Night Round 4	English / French / German	PAL	N/A	BLES-00538
BLES-00539	UFC 2009 Undisputed	English / French / German / Italian / Spanish	PAL	N/A	BLES-00539
BLES-00540	Dynasty Warriors 6: Empires	English / French / German	PAL	N/A	BLES-00540
BLES-00541	Disney/Pixar Up	English / French	PAL	N/A	BLES-00541
BLES-00542	Disney/Pixar Up	Spanish	PAL	N/A	BLES-00542
BLES-00544	Disney/Pixar Oben	German	PAL	N/A	BLES-00544
BLES-00546	Marvel: Ultimate Alliance 2	English	PAL	N/A	BLES-00546
BLES-00549	Guitar Hero: Greatest Hits	English / French / German / Italian / Spanish	PAL	N/A	BLES-00549
BLES-00550	Disney/Pixar Up	Italian	PAL	N/A	BLES-00550
BLES-00552	Disney/Pixar Up	Polish	PAL	N/A	BLES-00552
BLES-00553	Leisure Suit Larry: Box Office Bust	English / French / German / Italian / Spanish	PAL	N/A	BLES-00553
BLES-00554	The Chronicles of Riddick: Assault on Dark Athena	English / French / German / Italian / Spanish	PAL	N/A	BLES-00554
BLES-00556	Call of Juarez: Bound in Blood	English / French / German / Italian / Spanish	PAL	N/A	BLES-00556
BLES-00557	Wheelman	English / French / German / Italian / Spanish	PAL	N/A	BLES-00557
BLES-00559	Fritz Chess	English / French / German / Italian / Spanish	PAL	N/A	BLES-00559
BLES-00560	Singularity	English / French / Italian / Spanish	PAL	N/A	BLES-00560
BLES-00561	Singularity	German	PAL	N/A	BLES-00561
BLES-00562	Brütal Legend	English / French / German / Italian / Spanish	PAL	N/A	BLES-00562
BLES-00564	Wolfenstein	English / French / Italian / Spanish	PAL	N/A	BLES-00564
BLES-00565	Virtua Tennis 2009	English / French / German / Italian / Spanish	PAL	N/A	BLES-00565
BLES-00566	Wolfenstein	German	PAL	N/A	BLES-00566
BLES-00567	NHL 10	Czech / English / Finnish / French / German / Russian / Swedish	PAL	N/A	BLES-00567
BLES-00570	Fuel	English / French / German / Italian / Spanish	PAL	N/A	BLES-00570
BLES-00572	Disney G-Force	Dutch / English / French / Spanish	PAL	N/A	BLES-00572
BLES-00573	Disney G-Force	German / Italian	PAL	N/A	BLES-00573
BLES-00575	Disney G-Force	Russian	PAL	N/A	BLES-00575
BLES-00576	Guitar Hero 5	English / French / German / Italian / Spanish	PAL	N/A	BLES-00576
BLES-00577	Transformers: Revenge of the Fallen	English / French / German / Italian / Spanish	PAL	N/A	BLES-00577
BLES-00578	Guitar Hero: Van Halen	English / French / German / Italian / Spanish	PAL	N/A	BLES-00578
BLES-00580	Overlord II	English / French / German / Italian / Spanish	PAL	N/A	BLES-00580
BLES-00581	Supercar Challenge	English / French / German / Italian / Spanish	PAL	N/A	BLES-00581
BLES-00582	Rogue Warrior	English / French / German / Italian / Spanish	PAL	N/A	BLES-00582
BLES-00584	Planet 51: The Game	English / French / German / Italian / Spanish	PAL	N/A	BLES-00584
BLES-00585	Aliens vs. Predator	English / French / German / Italian / Spanish	PAL	N/A	BLES-00585
BLES-00586	Aliens vs. Predator	Russian	PAL	N/A	BLES-00586
BLES-00588	Hannah Montana: The Movie	English / Italian	PAL	N/A	BLES-00588
BLES-00589	Hannah Montana: The Movie	Dutch / French / German / Spanish	PAL	N/A	BLES-00589
BLES-00590	G.I. Joe: The Rise of Cobra	English / French / German / Italian / Spanish	PAL	N/A	BLES-00590
BLES-00592	Red Faction: Guerrilla	English	PAL	N/A	BLES-00592
BLES-00594	Agarest: Generations of War	English	PAL	N/A	BLES-00594
BLES-00595	Madden NFL 10	English	PAL	N/A	BLES-00595
BLES-00597	Operation Flashpoint: Dragon Rising	English / French / German / Italian / Spanish	PAL	N/A	BLES-00597
BLES-00599	Bayonetta	English / French / German / Italian / Japanese / Spanish	PAL	N/A	BLES-00599
BLES-00600	Winter Sports 2010: The Great Tournament	English / French / German / Italian / Spanish	PAL	N/A	BLES-00600
BLES-00602	DJ Hero	English / French / German / Italian / Spanish	PAL	N/A	BLES-00602
BLES-00604	Kane & Lynch 2: Dog Days	English / French / Italian / Spanish	PAL	N/A	BLES-00604
BLES-00605	Watchmen: The End Is Nigh: Parts 1 and 2	English / French / German / Italian / Spanish	PAL	N/A	BLES-00605
BLES-00610	The King of Fighters XII	English / French / German / Italian / Japanese / Spanish	PAL	N/A	BLES-00610
BLES-00613	Watchmen: The End Is Nigh: Parts 1 and 2	English / French / German / Italian / Spanish	PAL	N/A	BLES-00613
BLES-00615	FIFA 10	Czech / Danish / Dutch / English / French / German / Hungarian / Italian / Norwegian / Polish / Portuguese / Russian / Spanish / Swedish	PAL	N/A	BLES-00615
BLES-00618	Cloudy with a Chance of Meatballs	English	PAL	N/A	BLES-00618
BLES-00619	Cloudy with a Chance of Meatballs	English / French / German / Italian / Spanish	PAL	N/A	BLES-00619
BLES-00620	Disney/Pixar Cars: Race-O-Rama	English / French / German / Italian / Spanish	PAL	N/A	BLES-00620
BLES-00635	Tekken 6	English / French / German / Italian / Japanese / Korean / Russian / Spanish	PAL	N/A	BLES-00635
BLES-00636	LEGO Rock Band	Danish / English / French / German / Italian / Spanish	PAL	N/A	BLES-00636
BLES-00637	NBA Live 10	English / French / German / Italian / Spanish	PAL	N/A	BLES-00637
BLES-00638	Disney Sing It: Pop Hits	Dutch / English / French / German / Italian / Spanish	PAL	N/A	BLES-00638
BLES-00639	Ashes Cricket 2009	English	PAL	N/A	BLES-00639
BLES-00648	IL-2 Sturmovik: Birds of Prey	English / French / German / Italian / Spanish	PAL	N/A	BLES-00648
BLES-00649	Il-2 Shturmovik: Krylatye xishhniki	Russian	PAL	N/A	BLES-00649
BLES-00650	Cross Edge	English	PAL	N/A	BLES-00650
BLES-00651	WWE SmackDown vs. Raw 2010	English / French / German / Italian / Spanish	PAL	N/A	BLES-00651
BLES-00652	Midnight Club: Los Angeles: Complete Edition	English / French / German / Italian / Spanish	PAL	N/A	BLES-00652
BLES-00654	NHL 2K10	English / Finnish / French / German / Swedish	PAL	N/A	BLES-00654
BLES-00655	NBA 2K10	English / French / German / Italian / Spanish	PAL	N/A	BLES-00655
BLES-00658	Katamari Forever	English / French / Italian / Spanish	PAL	N/A	BLES-00658
BLES-00659	Army of Two: The 40th Day	English / French / German / Italian / Spanish	PAL	N/A	BLES-00659
BLES-00660	Vancouver 2010	English / French / German / Italian / Spanish	PAL	N/A	BLES-00660
BLES-00661	Wolfenstein	Russian	PAL	N/A	BLES-00661
BLES-00662	MX vs. ATV Reflex	English / French / German / Italian / Spanish	PAL	N/A	BLES-00662
BLES-00667	James Cameron's Avatar: The Game	Dutch / English / French / German / Italian / Spanish	PAL	N/A	BLES-00667
BLES-00668	Top Spin 4	English / French / German / Italian / Spanish	PAL	N/A	BLES-00668
BLES-00669	Assassin's Creed II	Danish / Dutch / English / French / German / Italian / Norwegian / Spanish / Swedish	PAL	N/A	BLES-00669
BLES-00670	Assassin's Creed II	English / Italian	PAL	N/A	BLES-00670
BLES-00673	Colin McRae: DiRT 2	English / French / German / Italian / Spanish	PAL	N/A	BLES-00673
BLES-00676	Saw	English / French / German / Italian / Spanish	PAL	N/A	BLES-00676
BLES-00678	Star Wars: The Force Unleashed: Ultimate Sith Edition	English / French / German / Italian / Spanish	PAL	N/A	BLES-00678
BLES-00679	Heroes over Europe	English / French / German / Italian / Spanish	PAL	N/A	BLES-00679
BLES-00680	Red Dead Redemption	English / French / German / Italian / Spanish	PAL	N/A	BLES-00680
BLES-00681	Need for Speed: Shift	English	PAL	N/A	BLES-00681
BLES-00682	Need for Speed: Shift	Dutch / English / French / German / Italian / Spanish	PAL	N/A	BLES-00682
BLES-00683	Call of Duty: Modern Warfare 2	English	PAL	N/A	BLES-00683
BLES-00684	Call of Duty: Modern Warfare 2	French	PAL	N/A	BLES-00684
BLES-00685	Call of Duty: Modern Warfare 2	Italian	PAL	N/A	BLES-00685
BLES-00686	Call of Duty: Modern Warfare 2	German	PAL	N/A	BLES-00686
BLES-00687	Call of Duty: Modern Warfare 2	Spanish	PAL	N/A	BLES-00687
BLES-00688	PES 2010: Pro Evolution Soccer	Dutch / English / Greek / Russian / Swedish	PAL	N/A	BLES-00688
BLES-00689	PES 2010: Pro Evolution Soccer	French / German / Italian / Portuguese / Spanish	PAL	N/A	BLES-00689
BLES-00690	Call of Duty: Modern Warfare 2	Polish	PAL	N/A	BLES-00690
BLES-00691	Call of Duty: Modern Warfare 2	Russian	PAL	N/A	BLES-00691
BLES-00692	Star Wars: The Clone Wars: Republic Heroes	English / French / German / Italian / Spanish	PAL	N/A	BLES-00692
BLES-00693	Dragon Ball: Raging Blast	English / French / German / Italian / Spanish	PAL	N/A	BLES-00693
BLES-00694	Karaoke Revolution	Danish / English / Finnish / French / German / Italian / Norwegian / Portuguese / Russian / Spanish / Swedish	PAL	N/A	BLES-00694
BLES-00695	Tornado Outbreak	English / French / German / Italian / Spanish	PAL	N/A	BLES-00695
BLES-00696	Fairytale Fights	English / French / German / Italian / Spanish	PAL	N/A	BLES-00696
BLES-00697	Borderlands	English / French / German / Italian / Spanish	PAL	N/A	BLES-00697
BLES-00698	Borderlands	English / French / German / Italian / Spanish	PAL	N/A	BLES-00698
BLES-00699	Dragon Age: Origins	English / French / German / Italian / Spanish	PAL	N/A	BLES-00699
BLES-00700	Dragon Age: Origins	Polish	PAL	N/A	BLES-00700
BLES-00704	Alpha Protocol	English / French / German / Italian / Spanish	PAL	N/A	BLES-00704
BLES-00705	Darksiders	English / French / German / Italian / Spanish	PAL	N/A	BLES-00705
BLES-00706	Tony Hawk: Ride	English / German / Italian / Spanish	PAL	N/A	BLES-00706
BLES-00707	WET	English / French / German / Italian / Spanish	PAL	N/A	BLES-00707
BLES-00708	WET	English / German	PAL	N/A	BLES-00708
BLES-00709	Grand Slam Tennis 2	English / French / German / Italian / Spanish	PAL	N/A	BLES-00709
BLES-00710	Lost Planet 2	English / French / German / Italian / Japanese / Korean / Spanish	PAL	N/A	BLES-00710
BLES-00711	Band Hero	English / French / German / Italian / Spanish	PAL	N/A	BLES-00711
BLES-00712	Way of the Samurai 3	English / French / German	PAL	N/A	BLES-00712
BLES-00713	Dante's Inferno	English / French / Spanish	PAL	N/A	BLES-00713
BLES-00714	Dante's Inferno	English / French / German / Italian / Spanish	PAL	N/A	BLES-00714
BLES-00720	LEGO Harry Potter: Years 1-4	Danish / English / French / German / Italian / Spanish	PAL	N/A	BLES-00720
BLES-00721	Dragon Age: Nachalo	Russian	PAL	N/A	BLES-00721
BLES-00723	Dark Void	English / French / German / Italian / Spanish	PAL	N/A	BLES-00723
BLES-00724	Where the Wild Things Are: The Videogame	English / French / German / Italian / Spanish	PAL	N/A	BLES-00724
BLES-00725	Pure Football	Dutch / English / French / German / Italian / Spanish	PAL	N/A	BLES-00725
BLES-00728	BioShock 2	English / French / German / Italian / Spanish	PAL	N/A	BLES-00728
BLES-00730	Dragon Age: Origins	English	PAL	N/A	BLES-00730
BLES-00731	Scene It? Bright Lights! Big Screen!	English	PAL	N/A	BLES-00731
BLES-00732	Scene It? Ganz großes Kino!	German	PAL	N/A	BLES-00732
BLES-00733	Scene It? Estrellas en la Pantalla Gigante	Spanish	PAL	N/A	BLES-00733
BLES-00734	Scene It? Lumières ! Action !	French	PAL	N/A	BLES-00734
BLES-00735	DreamWorks Madagascar Kartz	Dutch / English / French / German / Italian / Spanish / Swedish	PAL	N/A	BLES-00735
BLES-00736	Ninja Gaiden Sigma 2	English / French / German / Italian / Spanish	PAL	N/A	BLES-00736
BLES-00737	Fallout 3: Game of the Year Edition	English	PAL	N/A	BLES-00737
BLES-00738	Fallout 3: Game of the Year Edition	French	PAL	N/A	BLES-00738
BLES-00739	Fallout 3: Game of the Year Edition	German	PAL	N/A	BLES-00739
BLES-00740	Fallout 3: Game of the Year Edition	Italian	PAL	N/A	BLES-00740
BLES-00741	Fallout 3: Game of the Year Edition	Spanish	PAL	N/A	BLES-00741
BLES-00742	Fallout 3: Game of the Year Edition	German	PAL	N/A	BLES-00742
BLES-00743	The Saboteur	English / French / German / Italian / Polish / Russian	PAL	N/A	BLES-00743
BLES-00744	The Saboteur	French	PAL	N/A	BLES-00744
BLES-00745	The Saboteur	German	PAL	N/A	BLES-00745
BLES-00749	Dead Island	English / French / German / Italian / Polish / Spanish	PAL	N/A	BLES-00749
BLES-00750	Sonic & Sega All-Stars Racing	English / French / German / Italian / Spanish	PAL	N/A	BLES-00750
BLES-00751	Assassin's Creed II	Italian / Polish / Russian	PAL	N/A	BLES-00751
BLES-00753	James Cameron's Avatar: The Game	English / French / Spanish	PAL	N/A	BLES-00753
BLES-00755	Tom Clancy's Rainbow Six: Vegas 2: Complete Edition	English / French / German / Italian / Spanish	PAL	N/A	BLES-00755
BLES-00756	MotoGP 09/10	English / French / German / Italian / Spanish	PAL	N/A	BLES-00756
BLES-00758	Bakugan: Battle Brawlers	Dutch / English / French / German / Italian / Spanish / Swedish	PAL	N/A	BLES-00758
BLES-00759	Blur	English / French / German / Italian / Spanish	PAL	N/A	BLES-00759
BLES-00760	Skate 3	Dutch / English / French / German / Italian / Spanish	PAL	N/A	BLES-00760
BLES-00761	Disney TRON: Evolution	Dutch / English / French / German / Italian / Spanish	PAL	N/A	BLES-00761
BLES-00763	LEGO Indiana Jones 2: The Adventure Continues	Danish / English / French / German / Italian / Spanish	PAL	N/A	BLES-00763
BLES-00765	Prison Break: The Conspiracy	English / French / German / Italian / Spanish	PAL	N/A	BLES-00765
BLES-00766	Prison Break: The Conspiracy	English	PAL	N/A	BLES-00766
BLES-00767	Star Ocean: The Last Hope International	English / French / German / Italian / Japanese / Spanish	NTSC-U	N/A	BLES-00767
BLES-00769	Nat Geo Quiz! Wild Life	English / French / German / Italian / Spanish	PAL	N/A	BLES-00769
BLES-00770	Super Street Fighter IV	English / French / German / Italian / Japanese / Korean / Spanish	PAL	N/A	BLES-00770
BLES-00771	Superstars V8: Next Challenge	English / French / German / Italian / Spanish	PAL	N/A	BLES-00771
BLES-00772	Arthur and the Revenge of Maltazard	Dutch / English / French / German / Italian / Spanish	PAL	N/A	BLES-00772
BLES-00773	Battlefield: Bad Company 2	English / French / German / Italian / Russian / Spanish	PAL	N/A	BLES-00773
BLES-00774	SBK X: Superbike World Championship	English / French / German / Italian / Spanish	PAL	N/A	BLES-00774
BLES-00775	Tom Clancy's Rainbow Six: Vegas 2: Complete Edition	English / French / German / Italian / Spanish	PAL	N/A	BLES-00775
BLES-00776	Venetica	English / French / German / Italian / Spanish	PAL	N/A	BLES-00776
BLES-00777	Rugby League Live	English / French	PAL	N/A	BLES-00777
BLES-00779	Battlefield: Bad Company 2	English / French / German / Italian / Russian / Spanish	PAL	N/A	BLES-00779
BLES-00780	Split/Second: Velocity	English / French / German / Italian / Spanish	PAL	N/A	BLES-00780
BLES-00781	Split/Second: Velocity	Russian	PAL	N/A	BLES-00781
BLES-00782	Scene It? Ciak! Si Gira!	Italian	PAL	N/A	BLES-00782
BLES-00783	Final Fantasy XIII	English / French / German / Italian / Spanish	PAL	N/A	BLES-00783
BLES-00785	R.U.S.E.	English / French / German / Italian / Polish / Spanish	PAL	N/A	BLES-00785
BLES-00786	R.U.S.E.	English	PAL	N/A	BLES-00786
BLES-00787	Green Day: Rock Band	English / French / German / Italian / Spanish	PAL	N/A	BLES-00787
BLES-00788	Front Mission Evolved	English / French / German / Italian / Spanish	PAL	N/A	BLES-00788
BLES-00789	Resonance of Fate	English / French / German / Italian / Japanese / Spanish	PAL	N/A	BLES-00789
BLES-00793	Saw	English / French / German / Italian / Spanish	PAL	N/A	BLES-00793
BLES-00796	2010 FIFA World Cup South Africa	Dutch / English / French / German / Italian / Spanish	PAL	N/A	BLES-00796
BLES-00798	DreamWorks How to Train Your Dragon	English / French / German / Italian / Spanish	PAL	N/A	BLES-00798
BLES-00801	Guitar Hero: Warriors of Rock	English / French / German / Italian / Spanish	PAL	N/A	BLES-00801
BLES-00816	Resident Evil 5: Gold Edition	English / French / German / Italian / Japanese / Spanish	PAL	N/A	BLES-00816
BLES-00817	Brink	English	PAL	N/A	BLES-00817
BLES-00820	BlazBlue: Calamity Trigger	Chinese / English / French / German / Italian / Japanese / Korean / Spanish	PAL	N/A	BLES-00820
BLES-00822	History: Great Battles Medieval	English / French / German / Italian / Spanish	PAL	N/A	BLES-00822
BLES-00824	Dead to Rights: Retribution	English / French / Italian / Spanish	PAL	N/A	BLES-00824
BLES-00825	Dynasty Warriors: Strikeforce	English / French / German	PAL	N/A	BLES-00825
BLES-00826	Nier	English / French / German	PAL	N/A	BLES-00826
BLES-00827	Batman: Arkham Asylum: Game of the Year Edition	English / French / German / Italian / Spanish	PAL	N/A	BLES-00827
BLES-00832	Sengoku Basara: Samurai Heroes	English / French / German / Italian / Spanish	NTSC-U	N/A	BLES-00832
BLES-00833	Transformers: War for Cybertron	English / French / German / Italian / Spanish	PAL	N/A	BLES-00833
BLES-00834	Yakuza 3	English	PAL	N/A	BLES-00834
BLES-00837	DreamWorks Shrek Forever After	Dutch / English / French / German / Spanish / Swedish	PAL	N/A	BLES-00837
BLES-00838	DreamWorks Shrek e Vissero Felici e Contenti	Italian	PAL	N/A	BLES-00838
BLES-00839	Prince of Persia: The Forgotten Sands	Dutch / English / French / German / Italian / Spanish	PAL	N/A	BLES-00839
BLES-00840	Prince of Persia: The Forgotten Sands	English	PAL	N/A	BLES-00840
BLES-00841	Clash of the Titans: The Videogame	English / French / German / Italian / Spanish	PAL	N/A	BLES-00841
BLES-00842	UFC Undisputed 2010	English / French / German / Italian / Spanish	PAL	N/A	BLES-00842
BLES-00845	Two Worlds II	English / French / German / Italian / Polish / Russian / Spanish	PAL	N/A	BLES-00845
BLES-00860	Medal of Honor	English / French / German / Italian / Polish / Russian / Spanish	PAL	N/A	BLES-00860
BLES-00861	Last Rebellion	English	PAL	N/A	BLES-00861
BLES-00867	DreamWorks Megamind: Ultimate Showdown	English / French / German / Italian / Spanish	PAL	N/A	BLES-00867
BLES-00868	Quantum Theory	English / French / German / Italian / Spanish	PAL	N/A	BLES-00868
BLES-00870	Tiger Woods PGA Tour 11	English	PAL	N/A	BLES-00870
BLES-00875	3D Dot Game Heroes	English	PAL	N/A	BLES-00875
BLES-00876	Disney/Pixar Toy Story 3	Dutch / English / French / German / Italian / Spanish	PAL	N/A	BLES-00876
BLES-00877	Disney/Pixar Istoriya igrushek: Bol'shoj pobeg	Russian	PAL	N/A	BLES-00877
BLES-00878	Disney/Pixar Toy Story 3	Arabic / English	PAL	N/A	BLES-00878
BLES-00884	Test Drive Unlimited 2	English / French / German / Italian / Spanish	PAL	N/A	BLES-00884
BLES-00885	Iron Man 2: The Video Game	English / French / German / Italian / Spanish	PAL	N/A	BLES-00885
BLES-00887	Grand Theft Auto: Episodes from Liberty City	English / French / German / Italian / Spanish	PAL	N/A	BLES-00887
BLES-00888	World of Outlaws: Sprint Cars	English	PAL	N/A	BLES-00888
BLES-00889	Disney Sing It: Family Hits	Dutch / English / French / German / Italian / Spanish	PAL	N/A	BLES-00889
BLES-00891	Driver: San Francisco	Danish / Dutch / English / French / German / Italian / Norwegian / Spanish / Swedish	PAL	N/A	BLES-00891
BLES-00892	Driver: San Francisco	English	PAL	N/A	BLES-00892
BLES-00893	Star Wars: The Force Unleashed II	English / French / German / Italian / Spanish	PAL	N/A	BLES-00893
BLES-00895	Marvel Super Hero Squad: The Infinity Gauntlet	English / French / German / Italian / Spanish	PAL	N/A	BLES-00895
BLES-00896	DJ Hero 2	English / French / German / Italian / Spanish	PAL	N/A	BLES-00896
BLES-00897	Assassin's Creed II: Game of the Year Edition	English / Italian	PAL	N/A	BLES-00897
BLES-00898	Assassin's Creed II: Game of the Year Edition	Italian / Polish / Russian	PAL	N/A	BLES-00898
BLES-00899	Assassin's Creed II: Game of the Year Edition	Danish / Dutch / English / French / German / Italian / Norwegian / Spanish / Swedish	PAL	N/A	BLES-00899
BLES-00900	Quantum Theory	N/A	PAL	N/A	BLES-00900
BLES-00901	Fallout: New Vegas	English	PAL	N/A	BLES-00901
BLES-00902	Fallout: New Vegas	French	PAL	N/A	BLES-00902
BLES-00903	Fallout: New Vegas	German	PAL	N/A	BLES-00903
BLES-00904	Fallout: New Vegas	Italian	PAL	N/A	BLES-00904
BLES-00905	Fallout: New Vegas	Spanish	PAL	N/A	BLES-00905
BLES-00906	Prince of Persia: The Forgotten Sands	Polish / Russian	PAL	N/A	BLES-00906
BLES-00909	Assassin's Creed: Brotherhood	Danish / Dutch / English / French / German / Italian / Norwegian / Portuguese / Spanish / Swedish	PAL	N/A	BLES-00909
BLES-00910	Assassin's Creed: Brotherhood	English / Italian	PAL	N/A	BLES-00910
BLES-00911	Assassin's Creed: Brotherhood	Italian / Polish / Russian	PAL	N/A	BLES-00911
BLES-00912	Virtua Tennis 4	English / French / German / Italian / Spanish	PAL	N/A	BLES-00912
BLES-00914	Nail'd	English / French / German / Italian / Spanish	PAL	N/A	BLES-00914
BLES-00916	Madden NFL 11	English	PAL	N/A	BLES-00916
BLES-00917	F1 2010	English / French / German / Italian / Spanish	PAL	N/A	BLES-00917
BLES-00918	F1 2010	Polish / Russian	PAL	N/A	BLES-00918
BLES-00919	Majin and the Forsaken Kingdom	Dutch / English / French / German / Italian / Portuguese / Russian / Spanish	PAL	N/A	BLES-00919
BLES-00921	International Cricket 2010	English	PAL	N/A	BLES-00921
BLES-00922	Tom Clancy's Ghost Recon: Future Soldier	Danish / Dutch / English / French / German / Italian / Norwegian / Portuguese / Spanish / Swedish	PAL	N/A	BLES-00922
BLES-00924	Tom Clancy's Ghost Recon: Future Soldier	English / Polish / Russian	PAL	N/A	BLES-00924
BLES-00925	Disney TRON: Evolution	Polish / Russian	PAL	N/A	BLES-00925
BLES-00926	Batman: Arkham City	English / French / German / Italian / Japanese / Korean / Polish / Portuguese / Russian / Spanish	PAL	N/A	BLES-00926
BLES-00927	Vanquish	English / French / German / Italian / Japanese / Spanish	PAL	N/A	BLES-00927
BLES-00928	Tom Clancy's H.A.W.X. 2	English / French / German / Italian / Polish / Spanish	PAL	N/A	BLES-00928
BLES-00929	Tom Clancy's H.A.W.X. 2	English	PAL	N/A	BLES-00929
BLES-00931	Harry Potter and the Deathly Hallows: Part 1	English / French / German / Italian / Polish / Russian / Spanish	PAL	N/A	BLES-00931
BLES-00932	Demon's Souls	English / French / German / Italian / Spanish	PAL	N/A	BLES-00932
BLES-00933	L.A. Noire	English / French / German / Italian / Spanish	PAL	N/A	BLES-00933
BLES-00934	LEGO Star Wars III: The Clone Wars	Danish / English / French / German / Italian / Spanish	PAL	N/A	BLES-00934
BLES-00936	MySims SkyHeroes	Dutch / English / French / German / Italian / Spanish	PAL	N/A	BLES-00936
BLES-00937	Apache: Air Assault	English / French / German / Spanish	PAL	N/A	BLES-00937
BLES-00940	Mafia II	Czech / Polish / Russian	PAL	N/A	BLES-00940
BLES-00941	Battle vs. Chess	Czech / English / French / German / Hungarian / Italian / Polish / Russian / Spanish	PAL	N/A	BLES-00941
BLES-00942	Max Payne 3	English / French / German / Italian / Russian / Spanish	PAL	N/A	BLES-00942
BLES-00944	Backbreaker	English	PAL	N/A	BLES-00944
BLES-00945	Naughty Bear	English / French / German / Italian / Spanish	PAL	N/A	BLES-00945
BLES-00946	Spider-Man: Shattered Dimensions	English / French / German / Italian / Spanish	PAL	N/A	BLES-00946
BLES-00947	Kane & Lynch 2: Dog Days	English / German	PAL	N/A	BLES-00947
BLES-00948	Dead Rising 2	English / French / Italian / Japanese / Korean / Spanish	PAL	N/A	BLES-00948
BLES-00949	Need for Speed: Hot Pursuit	Dutch / English / French / German / Italian / Spanish	PAL	N/A	BLES-00949
BLES-00950	Need for Speed: Hot Pursuit	English / Polish / Russian	PAL	N/A	BLES-00950
BLES-00951	Driver: San Francisco	Polish / Russian	PAL	N/A	BLES-00951
BLES-00952	Naruto Shippuden: Ultimate Ninja Storm 2	English / French / German / Italian / Spanish	PAL	N/A	BLES-00952
BLES-00953	Disney Sing It: Party Hits	Dutch / English / French / German / Italian / Spanish	PAL	N/A	BLES-00953
BLES-00954	Monopoly Streets	Dutch / English / French / German / Italian / Spanish	PAL	N/A	BLES-00954
BLES-00955	Mafia II	English	PAL	N/A	BLES-00955
BLES-00957	Rapala Pro Bass Fishing	English / French / German / Italian / Spanish	PAL	N/A	BLES-00957
BLES-00962	Homefront	Dutch / English / French / German / Italian / Polish / Russian / Spanish	PAL	N/A	BLES-00962
BLES-00963	F.E.A.R. 3	English / French / German / Italian / Japanese / Korean / Polish / Portuguese / Russian / Spanish	PAL	N/A	BLES-00963
BLES-00964	Legend of the Guardians: The Owls of Ga'Hoole	Dutch / English / French / German / Italian / Portuguese / Spanish	PAL	N/A	BLES-00964
BLES-00965	EA Sports Active 2: Personal Trainer	Dutch / English / French / German / Italian / Spanish	PAL	N/A	BLES-00965
BLES-00966	Truth or Lies	English / German	PAL	N/A	BLES-00966
BLES-00971	Trinity Universe	English	PAL	N/A	BLES-00971
BLES-00972	CSI: Crime Scene Investigation: Fatal Conspiracy	English / French / German / Italian / Spanish	PAL	N/A	BLES-00972
BLES-00973	Hasbro Family Game Night Vol 3	Dutch / English / French / German / Italian / Spanish	PAL	N/A	BLES-00973
BLES-00977	Get Fit with Mel B: See the Difference	Dutch / English / French / German / Italian / Spanish	PAL	N/A	BLES-00977
BLES-00978	Dragon Ball: Raging Blast 2	English / French / German / Italian / Spanish	PAL	N/A	BLES-00978
BLES-00983	Def Jam: Rapstar	English / French / German / Italian / Portuguese / Spanish	PAL	N/A	BLES-00983
BLES-00984	NHL 11	Czech / English / Finnish / French / German / Russian / Swedish	PAL	N/A	BLES-00984
BLES-00986	Rock Band 3	English / French / German / Italian / Spanish	PAL	N/A	BLES-00986
BLES-00987	EA Sports MMA	English / French / German / Japanese / Spanish	PAL	N/A	BLES-00987
BLES-00989	Enslaved: Odyssey to the West	English / French / German / Italian / Spanish	PAL	N/A	BLES-00989
BLES-00990	Enslaved: Odyssey to the West	English	PAL	N/A	BLES-00990
BLES-00991	Red Faction: Armageddon	English / French / German / Italian / Russian / Spanish	PAL	N/A	BLES-00991
BLES-00992	WRC: FIA World Rally Championship	English / French / German / Italian / Spanish	PAL	N/A	BLES-00992
BLES-00995	WWE All Stars	English / French / German / Italian / Spanish	PAL	N/A	BLES-00995
BLES-00997	JASF: Jane's Advanced Strike Fighters	English / French / German / Italian / Spanish	PAL	N/A	BLES-00997
BLES-00998	The Lord of the Rings: Aragorn's Quest	Dutch / English / French / German / Italian / Spanish	PAL	N/A	BLES-00998
BLES-01000	Racket Sports	English / French / German / Italian / Spanish	PAL	N/A	BLES-01000
BLES-01001	Knights Contract	English / French / German / Italian / Spanish	PAL	N/A	BLES-01001
BLES-01002	Tony Hawk: Shred	English / French / German / Italian / Spanish	PAL	N/A	BLES-01002
BLES-01003	Shaun White Skateboarding	Danish / Dutch / English / French / German / Italian / Norwegian / Polish / Spanish / Swedish	PAL	N/A	BLES-01003
BLES-01004	Shaun White Skateboarding	English	PAL	N/A	BLES-01004
BLES-01008	NBA 2K11	English / French / German / Italian / Japanese / Spanish	PAL	N/A	BLES-01008
BLES-01009	Mindjack	English / French / German / Italian / Japanese / Spanish	NTSC-U	N/A	BLES-01009
BLES-01011	Summer Challenge: Athletics Tournament	English / French / German / Italian / Spanish	PAL	N/A	BLES-01011
BLES-01016	The Sims 3	Dutch / English / French / German / Italian / Polish / Russian / Spanish	PAL	N/A	BLES-01016
BLES-01017	007: Blood Stone	English / French / German	PAL	N/A	BLES-01017
BLES-01020	PES 2011: Pro Evolution Soccer	English	PAL	N/A	BLES-01020
BLES-01021	PES 2011: Pro Evolution Soccer	Dutch / English / Russian / Swedish / Turkish	PAL	N/A	BLES-01021
BLES-01022	PES 2011: Pro Evolution Soccer	French / German / Greek / Italian / Portuguese / Spanish	PAL	N/A	BLES-01022
BLES-01025	The X Factor	Dutch / English / French / German / Italian	PAL	N/A	BLES-01025
BLES-01026	Marvel vs. Capcom 3: Fate of Two Worlds	English / French / German / Italian / Japanese / Spanish	PAL	N/A	BLES-01026
BLES-01030	Atelier Rorona: The Alchemist of Arland	English / French	PAL	N/A	BLES-01030
BLES-01031	Call of Duty: Black Ops	English / French	PAL	N/A	BLES-01031
BLES-01032	Call of Duty: Black Ops	Italian / Spanish	PAL	N/A	BLES-01032
BLES-01033	Call of Duty: Black Ops	German	PAL	N/A	BLES-01033
BLES-01034	Call of Duty: Black Ops	Polish	PAL	N/A	BLES-01034
BLES-01035	Call of Duty: Black Ops	Russian	PAL	N/A	BLES-01035
BLES-01036	Bakugan: Defenders of the Core	Dutch / English / French / German / Italian / Spanish / Swedish	PAL	N/A	BLES-01036
BLES-01037	National Geographic: Challenge!	English / French / German / Italian / Spanish	PAL	N/A	BLES-01037
BLES-01038	AFL Live	English	PAL	N/A	BLES-01038
BLES-01039	Fight Night Champion	English / French / German	PAL	N/A	BLES-01039
BLES-01040	Dead Space 2	English / French / German	PAL	N/A	BLES-01040
BLES-01041	Dead Space 2	English / Italian / Russian / Spanish	PAL	N/A	BLES-01041
BLES-01044	Create	Dutch / English / French / German / Italian / Spanish	PAL	N/A	BLES-01044
BLES-01045	WWE SmackDown vs. Raw 2011	English / French / German / Italian / Spanish	PAL	N/A	BLES-01045
BLES-01046	Blood Drive	English	NTSC-U	N/A	BLES-01046
BLES-01047	Castlevania: Lords of Shadow	English / French / German / Italian / Spanish	PAL	N/A	BLES-01047
BLES-01050	Saw II: Flesh & Blood	English / French / German / Italian / Spanish	PAL	N/A	BLES-01050
BLES-01051	Williams Pinball Classics	English / French / German / Spanish	PAL	N/A	BLES-01051
BLES-01057	Fallout: New Vegas	German	PAL	N/A	BLES-01057
BLES-01059	FIFA 11	Czech / Danish / Dutch / English / French / German / Hungarian / Italian / Norwegian / Polish / Portuguese / Russian / Spanish / Swedish	PAL	N/A	BLES-01059
BLES-01060	Crysis 2	Czech / English / French / German / Italian / Polish / Russian / Spanish / Turkish	PAL	N/A	BLES-01060
BLES-01061	Winter Sports 2011: Go for Gold	English / French / German / Italian / Spanish	PAL	N/A	BLES-01061
BLES-01062	Fist of the North Star: Ken's Rage	English / French / German / Italian / Spanish	PAL	N/A	BLES-01062
BLES-01066	Shift 2: Unleashed	English / French / German / Italian / Polish / Russian / Spanish	PAL	N/A	BLES-01066
BLES-01067	Medal of Honor	English / German	PAL	N/A	BLES-01067
BLES-01068	Dance Dance Revolution: New Moves	English / French / German / Italian / Spanish	PAL	N/A	BLES-01068
BLES-01069	Thor: God of Thunder	English / French / German / Italian / Spanish	PAL	N/A	BLES-01069
BLES-01071	Def Jam: Rapstar	English	PAL	N/A	BLES-01071
BLES-01074	London 2012	English / French / German / Italian / Spanish	PAL	N/A	BLES-01074
BLES-01076	Dragon Age: Origins: Ultimate Edition	English / French / German / Italian / Spanish	PAL	N/A	BLES-01076
BLES-01079	Monster Jam: Path of Destruction	Dutch / English / French / German / Italian	PAL	N/A	BLES-01079
BLES-01080	Yoostar 2: In the Movies	English / French / German / Italian / Spanish	PAL	N/A	BLES-01080
BLES-01081	Yakuza 4	English	PAL	N/A	BLES-01081
BLES-01084	Dragon Age II	English / French / German / Italian / Polish / Russian / Spanish	PAL	N/A	BLES-01084
BLES-01088	MySims SkyHeroes	Dutch / English / French / German / Italian / Spanish	PAL	N/A	BLES-01088
BLES-01089	John Daly's ProStroke Golf	English / French / German / Italian / Spanish	PAL	N/A	BLES-01089
BLES-01090	PDC World Championship Darts: Pro Tour	Dutch / English / French / German / Italian / Spanish	PAL	N/A	BLES-01090
BLES-01092	Prince of Persia Trilogy	English / French / German / Italian / Spanish	PAL	N/A	BLES-01092
BLES-01093	Mafia II: Extended Edition	Czech / Polish / Russian	PAL	N/A	BLES-01093
BLES-01100	MotoGP 10/11	English / French / German / Italian / Spanish	PAL	N/A	BLES-01100
BLES-01101	No More Heroes: Heroes' Paradise	English / French / German / Italian / Spanish	PAL	N/A	BLES-01101
BLES-01102	Ar tonelico Qoga: Knell of Ar Ciel	English	PAL	N/A	BLES-01102
BLES-01105	Call of Duty: Black Ops	German	PAL	N/A	BLES-01105
BLES-01106	Medal of Honor	English / French	PAL	N/A	BLES-01106
BLES-01107	Medal of Honor	English / German	PAL	N/A	BLES-01107
BLES-01108	Medal of Honor	English	PAL	N/A	BLES-01108
BLES-01110	Ben 10: Ultimate Alien: Cosmic Destruction	English / French / German / Italian / Spanish	PAL	N/A	BLES-01110
BLES-01112	Cabela's Dangerous Hunts 2011	English / French / German / Italian / Spanish	PAL	N/A	BLES-01112
BLES-01114	Child of Eden	English / French / German / Italian / Spanish	PAL	N/A	BLES-01114
BLES-01116	Green Lantern: Rise of the Manhunters	Dutch / English / French / German / Italian / Spanish	PAL	N/A	BLES-01116
BLES-01119	BlazBlue: Continuum Shift	English / French / German / Italian / Spanish	PAL	N/A	BLES-01119
BLES-01120	Splatterhouse	English / French / German / Italian / Spanish	PAL	N/A	BLES-01120
BLES-01128	Grand Theft Auto IV & Episodes from Liberty City	English / French / German / Italian / Spanish	PAL	N/A	BLES-01128
BLES-01129	Final Fantasy XIV Online: A Realm Reborn	English / French / German / Japanese	PAL	N/A	BLES-01129
BLES-01130	Brunswick Pro Bowling	English / French / German / Italian / Spanish	PAL	N/A	BLES-01130
BLES-01132	Mortal Kombat	English / French / German / Italian / Portuguese / Spanish	PAL	N/A	BLES-01132
BLES-01133	Mass Effect 2	English / French / German / Italian / Russian / Spanish	PAL	N/A	BLES-01133
BLES-01134	Bulletstorm	English / French / German / Italian / Polish / Russian / Spanish	PAL	N/A	BLES-01134
BLES-01135	Michael Jackson: The Experience	Dutch / English / French / German / Italian / Spanish	PAL	N/A	BLES-01135
BLES-01136	Michael Jackson: The Experience	English	PAL	N/A	BLES-01136
BLES-01137	Far Cry 3	Danish / Dutch / English / French / German / Italian / Norwegian / Portuguese / Spanish / Swedish	PAL	N/A	BLES-01137
BLES-01138	Far Cry 3	English / Polish / Russian	PAL	N/A	BLES-01138
BLES-01139	Rio	Danish / Dutch / English / French / German / Italian / Spanish / Swedish	PAL	N/A	BLES-01139
BLES-01145	Mayhem	English / French / German / Italian / Spanish	PAL	N/A	BLES-01145
BLES-01146	Tom Clancy's Splinter Cell Trilogy	English / French / German / Italian / Spanish	PAL	N/A	BLES-01146
BLES-01147	Duke Nukem Forever	English / French / German / Italian / Spanish	PAL	N/A	BLES-01147
BLES-01148	WSC Real 11: World Snooker Championship	English	PAL	N/A	BLES-01148
BLES-01149	Dynasty Warriors 7	English / French / German / Italian / Spanish	PAL	N/A	BLES-01149
BLES-01150	Deus Ex: Human Revolution	English	PAL	N/A	BLES-01150
BLES-01151	Deus Ex: Human Revolution	French / German / Italian / Spanish	PAL	N/A	BLES-01151
BLES-01152	Deus Ex: Human Revolution	Polish / Russian	PAL	N/A	BLES-01152
BLES-01153	Transformers: Fall of Cybertron	English / French / German / Italian / Spanish	PAL	N/A	BLES-01153
BLES-01157	Spec Ops: The Line	English / French / German / Italian / Spanish	PAL	N/A	BLES-01157
BLES-01159	Zumba Fitness	English / French / German / Italian / Spanish	PAL	N/A	BLES-01159
BLES-01160	de Blob 2	English / French / German / Italian / Spanish	PAL	N/A	BLES-01160
BLES-01161	Dungeon Siege III	English / French / German / Italian / Spanish	PAL	N/A	BLES-01161
BLES-01162	NBA Jam	English	PAL	N/A	BLES-01162
BLES-01163	El Shaddai: Ascension of the Metatron	English / French / German / Italian / Japanese / Spanish	PAL	N/A	BLES-01163
BLES-01164	Rango	English / French / German / Italian / Spanish	PAL	N/A	BLES-01164
BLES-01165	Mafia II: Director's Cut	English / French / German / Italian / Spanish	PAL	N/A	BLES-01165
BLES-01166	Mafia II: Director's Cut	English	PAL	N/A	BLES-01166
BLES-01167	Captain America: Super Soldier	English / French / German / Italian / Spanish	PAL	N/A	BLES-01167
BLES-01168	Germany's Next Topmodel 2011	German	PAL	N/A	BLES-01168
BLES-01169	Transformers: Dark of the Moon	English / French / German / Italian / Spanish	PAL	N/A	BLES-01169
BLES-01170	UFC Personal Trainer: The Ultimate Fitness System	Dutch / English / French / German / Spanish	PAL	N/A	BLES-01170
BLES-01171	Operation Flashpoint: Red River	English / French / German / Italian / Spanish	PAL	N/A	BLES-01171
BLES-01177	Tiger Woods PGA Tour 12	English	PAL	N/A	BLES-01177
BLES-01178	Hyperdimension Neptunia	English	PAL	N/A	BLES-01178
BLES-01179	Red Dead Redemption: Undead Nightmare	English / French / German / Italian / Spanish	PAL	N/A	BLES-01179
BLES-01181	The Lord of the Rings: War in the North	English / French / German / Italian / Polish / Portuguese / Russian / Spanish	PAL	N/A	BLES-01181
BLES-01183	Warriors: Legends of Troy	English / French / German / Italian / Spanish	PAL	N/A	BLES-01183
BLES-01184	Trinity: Souls of Zill O'll	English	PAL	N/A	BLES-01184
BLES-01189	Dead Space 2	English / Italian / Russian / Spanish	PAL	N/A	BLES-01189
BLES-01190	Dead Space 2	English / French / German	PAL	N/A	BLES-01190
BLES-01191	My Fitness Coach: Club	English / French / German / Italian / Spanish	PAL	N/A	BLES-01191
BLES-01192	MX vs. ATV Alive	English / French / German / Italian / Spanish	PAL	N/A	BLES-01192
BLES-01193	F.E.A.R. 3	English / French / German / Italian / Japanese / Korean / Polish / Portuguese / Russian / Spanish	PAL	N/A	BLES-01193
BLES-01195	The Tomb Raider Trilogy	Dutch / English / French / German / Italian / Spanish	PAL	N/A	BLES-01195
BLES-01210	Rugby Challenge	English / French / Italian / Spanish	PAL	N/A	BLES-01210
BLES-01211	Binary Domain	English / French / German / Italian / Japanese / Spanish	PAL	N/A	BLES-01211
BLES-01212	Bulletstorm	English / German	PAL	N/A	BLES-01212
BLES-01213	DreamWorks Kung Fu Panda 2	Dutch / English / French / German / Italian / Spanish	PAL	N/A	BLES-01213
BLES-01214	Earth Defense Force: Insect Armageddon	English	PAL	N/A	BLES-01214
BLES-01215	We Dare: Flirty Fun for All	English / French / German / Italian / Spanish	PAL	N/A	BLES-01215
BLES-01216	Rocksmith	Dutch / English / French / German / Italian / Spanish	PAL	N/A	BLES-01216
BLES-01217	Hunter's Trophy	Danish / Dutch / English / Finnish / French / German / Italian / Norwegian / Portuguese / Spanish / Swedish	PAL	N/A	BLES-01217
BLES-01218	My Body Coach 2: Fitness & Dance	Danish / Dutch / English / Finnish / French / German / Italian / Norwegian / Portuguese / Spanish / Swedish	PAL	N/A	BLES-01218
BLES-01219	DreamWorks The Penguins of Madagascar: Dr. Blowhole Returns: Again!	Dutch / English / French / German / Italian / Spanish	PAL	N/A	BLES-01219
BLES-01221	Atelier Totori: The Adventurer of Arland	English	PAL	N/A	BLES-01221
BLES-01222	Portal 2	Chinese / Danish / Dutch / English / Finnish / French / German / Italian / Japanese / Korean / Norwegian / Polish / Portuguese / Russian / Spanish / Swedish	PAL	N/A	BLES-01222
BLES-01223	Rio	English	PAL	N/A	BLES-01223
BLES-01224	Winter Stars	English / French / German / Italian / Spanish	PAL	N/A	BLES-01224
BLES-01225	Disgaea 4: A Promise Unforgotten	English / French	PAL	N/A	BLES-01225
BLES-01226	SBK 2011: FIM Superbike World Championship	English / French / German / Italian / Spanish	PAL	N/A	BLES-01226
BLES-01227	Asura's Wrath	English / French / German / Italian / Japanese / Spanish	PAL	N/A	BLES-01227
BLES-01228	Devil May Cry: HD Collection	English / French / German / Italian / Japanese / Spanish	PAL	N/A	BLES-01228
BLES-01230	Michael Jackson: The Experience	Polish / Russian	PAL	N/A	BLES-01230
BLES-01231	UFC Undisputed 3	English / French / German / Italian / Spanish	PAL	N/A	BLES-01231
BLES-01232	Anarchy Reigns	English / French / Italian / Japanese / Spanish	PAL	N/A	BLES-01232
BLES-01233	Dance on Broadway	English / French / German / Italian / Spanish	PAL	N/A	BLES-01233
BLES-01235	Champion Jockey: G1 Jockey & Gallop Racer	English	PAL	N/A	BLES-01235
BLES-01236	Sonic Generations	English / French / German / Italian / Japanese / Spanish	PAL	N/A	BLES-01236
BLES-01237	Top Gun: Hard Lock	English / French / German / Italian / Spanish	PAL	N/A	BLES-01237
BLES-01239	LEGO Pirates of the Caribbean: The Video Game	Danish / Dutch / English / French / German / Italian / Norwegian / Spanish / Swedish	PAL	N/A	BLES-01239
BLES-01241	LEGO Pirates of the Caribbean: The Video Game	Polish / Russian	PAL	N/A	BLES-01241
BLES-01242	Disney/Pixar Cars 2	Dutch / English / French / German / Italian / Spanish	PAL	N/A	BLES-01242
BLES-01244	Disney/Pixar Cars 2	Danish / English / Finnish	PAL	N/A	BLES-01244
BLES-01245	Disney · Pixar Arabalar 2	Turkish	PAL	N/A	BLES-01245
BLES-01246	Disney/Pixar Cars 2	Polish / Russian	PAL	N/A	BLES-01246
BLES-01250	Soulcalibur V	English / French / German / Italian / Japanese / Russian / Spanish	PAL	N/A	BLES-01250
BLES-01251	Kingdoms of Amalur: Reckoning	English / French / German / Italian / Spanish	PAL	N/A	BLES-01251
BLES-01252	Street Fighter X Tekken	English / French / German / Italian / Russian / Spanish	PAL	N/A	BLES-01252
BLES-01265	Alice: Madness Returns	English / French / German / Italian / Spanish	PAL	N/A	BLES-01265
BLES-01266	Dance! It's Your Stage	Dutch / English / French / German / Italian / Spanish	PAL	N/A	BLES-01266
BLES-01267	Dead Space 2	English / German	PAL	N/A	BLES-01267
BLES-01268	Let's Dance with Mel B	English / French / German / Italian / Spanish	PAL	N/A	BLES-01268
BLES-01269	Final Fantasy XIII-2	English / French / German / Italian / Spanish	PAL	N/A	BLES-01269
BLES-01270	Tiger Woods PGA Tour 12	English	PAL	N/A	BLES-01270
BLES-01271	Generator Rex: Agent of Providence	English / French / German / Italian / Spanish	PAL	N/A	BLES-01271
BLES-01272	Skylanders: Spyro's Adventure	Danish / Dutch / English / Finnish / French / German / Italian / Norwegian / Spanish / Swedish	PAL	N/A	BLES-01272
BLES-01275	Battlefield 3	English / French / German / Italian / Polish / Russian / Spanish	PAL	N/A	BLES-01275
BLES-01276	Shadows of the Damned	English / French / German / Italian / Spanish	PAL	N/A	BLES-01276
BLES-01281	Sniper: Ghost Warrior	English / French / German / Italian / Polish / Russian / Spanish	PAL	N/A	BLES-01281
BLES-01286	Sniper: Ghost Warrior	English / French / German / Italian / Polish / Russian / Spanish	PAL	N/A	BLES-01286
BLES-01287	DiRT 3	English / French / German / Italian / Spanish	PAL	N/A	BLES-01287
BLES-01288	Resident Evil: Operation Raccoon City	Dutch / English / French / German / Italian / Polish / Russian / Spanish	PAL	N/A	BLES-01288
BLES-01290	Sniper Elite V2	English / French / German / Italian / Spanish	PAL	N/A	BLES-01290
BLES-01291	Spider-Man: Edge of Time	English / French / German / Italian / Spanish	PAL	N/A	BLES-01291
BLES-01292	GoldenEye 007: Reloaded	English / French / German / Italian / Spanish	PAL	N/A	BLES-01292
BLES-01294	Red Dead Redemption: Game of the Year Edition	English / French / German / Italian / Spanish	PAL	N/A	BLES-01294
BLES-01295	Arcana Heart 3	English / Japanese	PAL	N/A	BLES-01295
BLES-01296	Le Tour de France	Danish / Dutch / English / French / German / Italian / Spanish	PAL	N/A	BLES-01296
BLES-01297	Duke Nukem Forever	English	PAL	N/A	BLES-01297
BLES-01298	Need for Speed: The Run	Dutch / English / French / German / Italian / Polish / Russian / Spanish	PAL	N/A	BLES-01298
BLES-01299	The Cursed Crusade	English / French / German / Italian / Spanish	PAL	N/A	BLES-01299
BLES-01301	Dynasty Warriors: Gundam 3	English / French / German / Italian / Spanish	PAL	N/A	BLES-01301
BLES-01302	Dead Rising 2: Off the Record	English / French / Italian / Japanese / Korean / Spanish	PAL	N/A	BLES-01302
BLES-01303	NeverDead	English / French / German / Italian / Spanish	PAL	N/A	BLES-01303
BLES-01304	Brink	French / German / Italian / Spanish	PAL	N/A	BLES-01304
BLES-01305	Agarest: Generations of War Zero	English	PAL	N/A	BLES-01305
BLES-01306	The Adventures of Tintin: The Secret of the Unicorn	Danish / Dutch / English / Finnish / French / German / Italian / Norwegian / Spanish / Swedish	PAL	N/A	BLES-01306
BLES-01307	Harry Potter and the Deathly Hallows: Part 2	English / French / German / Italian / Polish / Russian / Spanish	PAL	N/A	BLES-01307
BLES-01308	DreamWorks Puss in Boots	Dutch / English / French / German / Italian / Spanish	PAL	N/A	BLES-01308
BLES-01309	Hunted: The Demon's Forge	English	PAL	N/A	BLES-01309
BLES-01310	Hunted: The Demon's Forge	French / German / Italian / Spanish	PAL	N/A	BLES-01310
BLES-01311	F1 2011	English / French / German / Italian / Spanish	PAL	N/A	BLES-01311
BLES-01314	Bodycount	English / French / German / Italian / Spanish	PAL	N/A	BLES-01314
BLES-01315	Bleach: Soul Resurrección	English / French	PAL	N/A	BLES-01315
BLES-01316	Air Conflicts: Secret Wars	English / French / German / Italian / Spanish	PAL	N/A	BLES-01316
BLES-01320	Madden NFL 12	English	PAL	N/A	BLES-01320
BLES-01321	Major League Baseball 2K11	English	PAL	N/A	BLES-01321
BLES-01322	The Bureau: XCOM Declassified	English / French / German / Italian / Spanish	PAL	N/A	BLES-01322
BLES-01326	The House of the Dead: Overkill: Extended Cut	English / French / Italian / Spanish	PAL	N/A	BLES-01326
BLES-01327	De Snipers: Invisible, Silentadly	Danish / Dutch / English / Finnish / French / German / Italian / Norwegian / Portuguese / Spanish / Swedish	PAL	N/A	BLES-01327
BLES-01328	Disney/Pixar Cars 2	German	PAL	N/A	BLES-01328
BLES-01329	The Elder Scrolls V: Skyrim	English	PAL	N/A	BLES-01329
BLES-01330	The Elder Scrolls V: Skyrim	French / German / Italian / Spanish	PAL	N/A	BLES-01330
BLES-01338	Get Up and Dance	English / French / German / Italian / Spanish	PAL	N/A	BLES-01338
BLES-01340	Obut Pétanque	English / French	PAL	N/A	BLES-01340
BLES-01341	Ridge Racer Unbounded	English / French / German / Italian / Spanish	PAL	N/A	BLES-01341
BLES-01342	Saints Row: The Third	Dutch / English / French / German / Italian / Polish / Russian / Spanish	PAL	N/A	BLES-01342
BLES-01343	Saints Row: The Third	English / German	PAL	N/A	BLES-01343
BLES-01347	Warhammer 40,000: Space Marine	Dutch / English / French / German / Italian / Polish / Russian / Spanish	PAL	N/A	BLES-01347
BLES-01348	LEGO Harry Potter: Years 5-7	Danish / Dutch / English / French / German / Italian / Spanish	PAL	N/A	BLES-01348
BLES-01349	Disney Phineas and Ferb: Across the 2nd Dimension	Dutch / English / French / German / Italian / Spanish	PAL	N/A	BLES-01349
BLES-01350	Disney Phineas and Ferb: Across the 2nd Dimension	Russian	PAL	N/A	BLES-01350
BLES-01351	X-Men: Destiny	English / German	PAL	N/A	BLES-01351
BLES-01352	Call of Juarez: The Cartel	Dutch / English / French / German / Italian / Polish / Russian / Spanish	PAL	N/A	BLES-01352
BLES-01354	Disney Universe	Danish / Dutch / English / French / German / Italian / Norwegian / Spanish / Swedish	PAL	N/A	BLES-01354
BLES-01355	Ultimate Marvel vs. Capcom 3	English / French / German / Italian / Japanese / Spanish	PAL	N/A	BLES-01355
BLES-01356	Dragon's Dogma	English / French / German / Italian / Spanish	PAL	N/A	BLES-01356
BLES-01357	NHL 12	Czech / English / Finnish / French / German / Russian / Swedish	PAL	N/A	BLES-01357
BLES-01358	Rugby World Cup 2011	English / French / Italian	PAL	N/A	BLES-01358
BLES-01364	Family Game Night 4: The Game Show	English	PAL	N/A	BLES-01364
BLES-01366	Disney Universe	Polish / Russian	PAL	N/A	BLES-01366
BLES-01367	Supremacy MMA	English / French / German / Italian / Spanish	PAL	N/A	BLES-01367
BLES-01368	The Sims 3: Pets	Dutch / English / French / German / Italian / Polish / Russian / Spanish	PAL	N/A	BLES-01368
BLES-01371	Syndicate	English / French / German / Italian / Russian / Spanish	PAL	N/A	BLES-01371
BLES-01373	DreamWorks Super Star Kartz	Dutch / English / French / German / Italian / Spanish / Swedish	PAL	N/A	BLES-01373
BLES-01376	Disney Phineas and Ferb: Across the 2nd Dimension	Dutch / English / French / German / Italian / Spanish	PAL	N/A	BLES-01376
BLES-01377	Rage	English	PAL	N/A	BLES-01377
BLES-01378	Rage	French / German / Italian / Spanish	PAL	N/A	BLES-01378
BLES-01379	Marvel Super Hero Squad: Comic Combat	Dutch / English / French / German / Italian / Spanish	PAL	N/A	BLES-01379
BLES-01381	FIFA 12	Czech / Danish / Dutch / English / French / German / Hungarian / Italian / Norwegian / Polish / Portuguese / Russian / Spanish / Swedish	PAL	N/A	BLES-01381
BLES-01383	Everyone Sing	English / French / German / Italian / Spanish	PAL	N/A	BLES-01383
BLES-01384	Assassin's Creed: Revelations	Danish / Dutch / English / French / German / Italian / Norwegian / Portuguese / Spanish / Swedish	PAL	N/A	BLES-01384
BLES-01385	Assassin's Creed: Revelations	English / Polish / Russian	PAL	N/A	BLES-01385
BLES-01386	Rayman Origins	Dutch / English / French / German / Italian / Spanish	PAL	N/A	BLES-01386
BLES-01387	Rayman Origins	English	PAL	N/A	BLES-01387
BLES-01388	The Darkness II	English / French / German / Italian / Spanish	PAL	N/A	BLES-01388
BLES-01389	The Darkness II	English / German / Japanese	PAL	N/A	BLES-01389
BLES-01390	The Darkness II	English	PAL	N/A	BLES-01390
BLES-01391	uDraw Studio: Instant Artist	Dutch / English / French / German / Italian / Spanish	PAL	N/A	BLES-01391
BLES-01392	Ace Combat: Assault Horizon	English / French / German / Italian / Spanish	PAL	N/A	BLES-01392
BLES-01393	Ace Combat: Assault Horizon	English / Russian	PAL	N/A	BLES-01393
BLES-01395	Blades of Time	English / French / German / Italian / Russian / Spanish	PAL	N/A	BLES-01395
BLES-01396	Dark Souls	English / French / German / Italian / Spanish	PAL	N/A	BLES-01396
BLES-01397	Birds of Steel	English / French / German / Italian / Russian / Spanish	PAL	N/A	BLES-01397
BLES-01398	Risen 2: Dark Waters	English / French / German / Italian / Polish / Russian / Spanish	PAL	N/A	BLES-01398
BLES-01399	Yakuza: Dead Souls	English	PAL	N/A	BLES-01399
BLES-01401	Dragon Ball Z: Ultimate Tenkaichi	English / French / German / Italian / Spanish	PAL	N/A	BLES-01401
BLES-01402	Dark Souls	English	PAL	N/A	BLES-01402
BLES-01403	Hitman: Absolution	English / French / Spanish	PAL	N/A	BLES-01403
BLES-01406	PES 2012: Pro Evolution Soccer	English	PAL	N/A	BLES-01406
BLES-01407	PES 2012: Pro Evolution Soccer	Arabic / Dutch / English / Russian / Swedish / Turkish	PAL	N/A	BLES-01407
BLES-01408	PES 2012: Pro Evolution Soccer	French / German / Greek / Italian / Portuguese / Spanish	PAL	N/A	BLES-01408
BLES-01409	The King of Fighters XIII	Chinese / English / French / German / Italian / Japanese / Korean / Spanish	PAL	N/A	BLES-01409
BLES-01410	Grease Dance	English / French / German / Italian / Spanish	PAL	N/A	BLES-01410
BLES-01411	Cabela's Big Game Hunter 2012	English / French / German / Italian / Spanish	PAL	N/A	BLES-01411
BLES-01412	Cabela's Survival: Shadows of Katmai	English / French / German / Italian / Spanish	PAL	N/A	BLES-01412
BLES-01413	Monkey Island: Special Edition Collection	English / French / German / Italian / Spanish	PAL	N/A	BLES-01413
BLES-01414	Test Drive: Ferrari Racing Legends	English / French / German / Italian / Spanish	PAL	N/A	BLES-01414
BLES-01416	Wanted Corp.	English / French / German / Italian / Spanish	PAL	N/A	BLES-01416
BLES-01417	Resident Evil: Operation Raccoon City	English / French / German / Italian / Spanish	PAL	N/A	BLES-01417
BLES-01418	NBA 2K12	English / French / German / Italian / Japanese / Spanish	PAL	N/A	BLES-01418
BLES-01419	Metal Gear Solid: HD Collection	English / French / German / Italian / Spanish	PAL	N/A	BLES-01419
BLES-01420	Cyberbike 2: Cycling Sports	Danish / Dutch / English / Finnish / French / German / Italian / Norwegian / Portuguese / Spanish / Swedish	PAL	N/A	BLES-01420
BLES-01421	Saint Seiya: Sanctuary Battle	English / French / Italian / Spanish	PAL	N/A	BLES-01421
BLES-01425	Happy Feet Two	Dutch / English / French / German / Italian / Spanish	PAL	N/A	BLES-01425
BLES-01426	Rage	Russian	PAL	N/A	BLES-01426
BLES-01427	Crash Time 4: The Syndicate	English / French / German	PAL	N/A	BLES-01427
BLES-01428	Call of Duty: Modern Warfare 3	English	PAL	N/A	BLES-01428
BLES-01429	Call of Duty: Modern Warfare 3	French	PAL	N/A	BLES-01429
BLES-01430	Call of Duty: Modern Warfare 3	Italian	PAL	N/A	BLES-01430
BLES-01431	Call of Duty: Modern Warfare 3	German	PAL	N/A	BLES-01431
BLES-01432	Call of Duty: Modern Warfare 3	Spanish	PAL	N/A	BLES-01432
BLES-01433	Call of Duty: Modern Warfare 3	Russian	PAL	N/A	BLES-01433
BLES-01434	Call of Duty: Modern Warfare 3	Polish	PAL	N/A	BLES-01434
BLES-01437	SSX	English / French / German / Italian / Spanish	PAL	N/A	BLES-01437
BLES-01439	WWE '12	English / French / German / Italian / Spanish	PAL	N/A	BLES-01439
BLES-01440	Armored Core V	English / French / German / Italian / Spanish	PAL	N/A	BLES-01440
BLES-01442	WRC 2: FIA World Rally Championship	English / French / German / Italian / Spanish	PAL	N/A	BLES-01442
BLES-01444	Schlag den Raab: Das 2. Spiel	German	PAL	N/A	BLES-01444
BLES-01445	Tiger Woods PGA Tour 13	English	PAL	N/A	BLES-01445
BLES-01446	Silent Hill: Downpour	English / French / German / Italian / Portuguese / Spanish	PAL	N/A	BLES-01446
BLES-01447	Just Dance Kids	English / French / German / Italian / Spanish	PAL	N/A	BLES-01447
BLES-01451	Ferrari Challenge: Trofeo Pirelli with Supercar Challenge	English / French / German / Italian / Spanish	PAL	N/A	BLES-01451
BLES-01453	Ferrari: The Race Experience	English / French / German / Italian / Spanish	PAL	N/A	BLES-01453
BLES-01455	Aliens: Colonial Marines	English / French / German / Italian / Polish / Spanish	PAL	N/A	BLES-01455
BLES-01459	Catherine	English / French / German / Italian / Spanish	PAL	N/A	BLES-01459
BLES-01460	NCIS: Based on the TV Series	English / French / German / Italian / Spanish	PAL	N/A	BLES-01460
BLES-01461	Motionsports Adrenaline	Dutch / English / French / German / Italian / Spanish	PAL	N/A	BLES-01461
BLES-01462	Mass Effect 3	English / French / German / Italian / Japanese / Polish / Russian / Spanish	PAL	N/A	BLES-01462
BLES-01463	Captain Morgane and the Golden Turtle	English / French / German / Italian / Spanish	PAL	N/A	BLES-01463
BLES-01464	The Adventures of Tintin: The Secret of the Unicorn	Polish / Russian	PAL	N/A	BLES-01464
BLES-01465	Resident Evil 6	English / French / German / Italian / Polish / Portuguese / Russian / Spanish	PAL	N/A	BLES-01465
BLES-01466	Assassin's Creed: Revelations	English / Polish / Russian	PAL	N/A	BLES-01466
BLES-01467	Assassin's Creed: Revelations	Danish / Dutch / English / French / German / Italian / Norwegian / Portuguese / Spanish / Swedish	PAL	N/A	BLES-01467
BLES-01468	Cabela's Adventure Camp	Dutch / English / French / German / Italian / Spanish	PAL	N/A	BLES-01468
BLES-01469	Ben 10: Galactic Racing	English / French / German / Italian / Spanish	PAL	N/A	BLES-01469
BLES-01470	Order Up!!	English / French / German / Italian / Spanish	PAL	N/A	BLES-01470
BLES-01471	The Cube	English / Italian / Spanish	PAL	N/A	BLES-01471
BLES-01472	Rugby League Live 2	English / French	PAL	N/A	BLES-01472
BLES-01474	Pictionary: Ultimate Edition	Dutch / English / French / German / Italian / Spanish	PAL	N/A	BLES-01474
BLES-01475	Fallout: New Vegas: Ultimate Edition	English	PAL	N/A	BLES-01475
BLES-01476	Fallout: New Vegas: Ultimate Edition	French	PAL	N/A	BLES-01476
BLES-01477	Fallout: New Vegas: Ultimate Edition	Italian	PAL	N/A	BLES-01477
BLES-01478	Fallout: New Vegas: Ultimate Edition	German	PAL	N/A	BLES-01478
BLES-01479	Fallout: New Vegas: Ultimate Edition	Spanish	PAL	N/A	BLES-01479
BLES-01481	Naruto Shippuden: Ultimate Ninja Storm Generations	English / French / German / Italian / Spanish	PAL	N/A	BLES-01481
BLES-01484	Two Worlds II: Game of the Year Edition	English / French / German / Italian / Polish / Spanish	PAL	N/A	BLES-01484
BLES-01485	The Testament of Sherlock Holmes	English / French / German / Italian / Polish / Russian / Spanish	PAL	N/A	BLES-01485
BLES-01486	Ski-Doo Snowmobile Challenge	English / French	PAL	N/A	BLES-01486
BLES-01487	BlazBlue: Continuum Shift Extend	Chinese / English / Japanese / Korean	PAL	N/A	BLES-01487
BLES-01488	L.A. Noire: The Complete Edition	English / French / German / Italian / Spanish	PAL	N/A	BLES-01488
BLES-01490	Tiger Woods PGA Tour 13	English	PAL	N/A	BLES-01490
BLES-01492	Sacred 3	English / French / German / Italian / Spanish	PAL	N/A	BLES-01492
BLES-01493	FIFA Street	English / French / German / Italian / Spanish	PAL	N/A	BLES-01493
BLES-01494	The Ultimate Battle of the Sexes: Quiz & Play!	Dutch / English / French / German / Italian	PAL	N/A	BLES-01494
BLES-01495	Inversion	English / French / German / Italian / Spanish	PAL	N/A	BLES-01495
BLES-01496	Dynasty Warriors 7: Xtreme Legends	English	PAL	N/A	BLES-01496
BLES-01500	Absolute Supercars	English / French / German / Italian / Spanish	PAL	N/A	BLES-01500
BLES-01501	Putty Squad	English / French / German / Italian / Spanish	PAL	N/A	BLES-01501
BLES-01504	Silent Hill: HD Collection	English / French / German / Italian / Spanish	PAL	N/A	BLES-01504
BLES-01506	Just Dance 3	English / French / German / Italian / Spanish	PAL	N/A	BLES-01506
BLES-01507	Hyperdimension Neptunia mk2	English	PAL	N/A	BLES-01507
BLES-01508	Mortal Kombat: Komplete Edition	English / French / German / Italian / Portuguese / Spanish	PAL	N/A	BLES-01508
BLES-01510	Rayman Origins	Polish / Russian	PAL	N/A	BLES-01510
BLES-01512	Captain Morgane and the Golden Turtle	French / Italian	PAL	N/A	BLES-01512
BLES-01516	LEGO The Lord of the Rings	Danish / Dutch / English / French / German / Italian / Polish / Russian / Spanish	PAL	N/A	BLES-01516
BLES-01517	Hitman HD Trilogy	English / French / German / Italian / Spanish	PAL	N/A	BLES-01517
BLES-01520	Battleship	English / French / German / Italian / Spanish	PAL	N/A	BLES-01520
BLES-01521	LEGO Harry Potter: Years 5-7	English / Polish / Russian	PAL	N/A	BLES-01521
BLES-01522	Just Dance 3	English / French / German / Italian / Spanish	PAL	N/A	BLES-01522
BLES-01524	Ninja Gaiden 3	Chinese / English / French / German / Italian / Japanese / Spanish	PAL	N/A	BLES-01524
BLES-01525	Lollipop Chainsaw	English / French / German / Italian / Portuguese / Russian / Spanish	PAL	N/A	BLES-01525
BLES-01527	Sniper: Ghost Warrior 2	English / French / German / Italian / Polish / Russian / Spanish	PAL	N/A	BLES-01527
BLES-01528	Summer Stars 2012	English / French / German / Italian / Spanish	PAL	N/A	BLES-01528
BLES-01529	Adidas miCoach	English / French / German / Italian / Spanish	PAL	N/A	BLES-01529
BLES-01532	Prototype 2	English / French / German	PAL	N/A	BLES-01532
BLES-01533	Prototype 2	Italian / Spanish	PAL	N/A	BLES-01533
BLES-01534	Prototype 2	Russian	PAL	N/A	BLES-01534
BLES-01535	Prototype 2	Polish	PAL	N/A	BLES-01535
BLES-01536	Prototype 2	German	PAL	N/A	BLES-01536
BLES-01542	Disney/Pixar Brave	Dutch / English / French / German / Italian / Spanish	PAL	N/A	BLES-01542
BLES-01547	The Amazing Spider-Man	English / French / German / Italian / Spanish	PAL	N/A	BLES-01547
BLES-01548	DiRT 3: Complete Edition	English / French / German / Italian / Spanish	PAL	N/A	BLES-01548
BLES-01549	MIB: Alien Crisis	English / French / German / Italian / Spanish	PAL	N/A	BLES-01549
BLES-01550	Rune Factory: Oceans	English / French / German	PAL	N/A	BLES-01550
BLES-01551	MUD: FIM Motocross World Championship	English / French / German / Italian / Spanish	PAL	N/A	BLES-01551
BLES-01554	Zone of the Enders HD Collection	English / French / German / Italian / Spanish	PAL	N/A	BLES-01554
BLES-01555	Ni no Kuni: Wrath of the White Witch	English / French / German / Italian / Spanish	PAL	N/A	BLES-01555
BLES-01562	Le Tour de France 2012	Danish / Dutch / English / French / German / Italian / Spanish	PAL	N/A	BLES-01562
BLES-01563	Damage Inc.: Pacific Squadron WWII	English / French / German / Italian / Spanish	PAL	N/A	BLES-01563
BLES-01578	DiRT Showdown	English / French / German / Italian / Spanish	PAL	N/A	BLES-01578
BLES-01579	Game of Thrones	English / French / Italian / Spanish	PAL	N/A	BLES-01579
BLES-01580	Game of Thrones	English / German / Polish / Russian	PAL	N/A	BLES-01580
BLES-01581	Ride to Hell: Retribution	English / French / German / Italian / Spanish	PAL	N/A	BLES-01581
BLES-01582	Assassin's Creed II: Game of the Year Edition + Assassin's Creed	Danish / Dutch / English / French / German / Italian / Norwegian / Spanish / Swedish	PAL	N/A	BLES-01582
BLES-01586	Of Orcs and Men	English / French / German / Italian / Spanish	PAL	N/A	BLES-01586
BLES-01587	Batman: Arkham City: Game of the Year Edition	English / French / German / Italian / Japanese / Korean / Polish / Portuguese / Russian / Spanish	PAL	N/A	BLES-01587
BLES-01588	Warriors Orochi 3	English	PAL	N/A	BLES-01588
BLES-01590	Tom Clancy's Rainbow Six: Vegas 2: Complete Edition + Tom Clancy's Ghost Recon: Advanced Warfighter 2	English / French / German / Italian / Spanish	PAL	N/A	BLES-01590
BLES-01591	Tom Clancy's Rainbow Six: Vegas + Tom Clancy's Splinter Cell: Double Agent	English / French / German / Italian / Spanish	PAL	N/A	BLES-01591
BLES-01593	Atelier Meruru: The Apprentice of Arland	English	PAL	N/A	BLES-01593
BLES-01596	Back to the Future: The Game	English / French / German	PAL	N/A	BLES-01596
BLES-01597	Darksiders II	Dutch / English / French / German / Italian / Polish / Russian / Spanish	PAL	N/A	BLES-01597
BLES-01601	Bejeweled 3	English / French / German / Italian / Spanish	PAL	N/A	BLES-01601
BLES-01602	Heavy Fire: Afghanistan	English / French / German / Italian / Spanish	PAL	N/A	BLES-01602
BLES-01603	Madden NFL 13	English	PAL	N/A	BLES-01603
BLES-01604	Air Conflicts: Pacific Carriers	English / French / German / Italian / Russian / Spanish	PAL	N/A	BLES-01604
BLES-01610	Worms Collection	English / French / German / Italian / Spanish	PAL	N/A	BLES-01610
BLES-01613	LEGO Batman 2: DC Super Heroes	Danish / Dutch / English / French / German / Italian / Polish / Russian / Spanish	PAL	N/A	BLES-01613
BLES-01614	007 Legends	English / French / German	PAL	N/A	BLES-01614
BLES-01617	Tales of Graces f	English / French / German	PAL	N/A	BLES-01617
BLES-01618	Novyj Chelovek-Pauk	Russian	PAL	N/A	BLES-01618
BLES-01620	Crash Time 5: Undercover	English / German	PAL	N/A	BLES-01620
BLES-01622	Cartoon Network: Punch Time Explosion XL	English / French / German / Italian / Spanish	PAL	N/A	BLES-01622
BLES-01623	Dead or Alive 5	English / French / German / Italian / Japanese / Spanish	PAL	N/A	BLES-01623
BLES-01624	DreamWorks Madagascar 3: Europe's Most Wanted	Dutch / English / French / German / Italian / Russian / Spanish	PAL	N/A	BLES-01624
BLES-01625	Family Guy: Back to the Multiverse	English / German / Italian / Spanish	PAL	N/A	BLES-01625
BLES-01627	Disney Epic Mickey 2: The Power of Two	Dutch / English / French / German / Italian / Portuguese / Russian / Spanish	PAL	N/A	BLES-01627
BLES-01628	Disney Epic Mickey 2: The Power of Two	Arabic / Czech / Danish / English / Norwegian / Polish / Swedish / Turkish	PAL	N/A	BLES-01628
BLES-01630	Disney/Pixar Brave	Danish / English / Norwegian / Swedish	PAL	N/A	BLES-01630
BLES-01632	Disney/Pixar Brave	Polish / Russian	PAL	N/A	BLES-01632
BLES-01636	Medal of Honor: Warfighter	English / French / German / Italian / Polish / Russian / Spanish	PAL	N/A	BLES-01636
BLES-01639	Sleeping Dogs	Polish / Russian	PAL	N/A	BLES-01639
BLES-01641	Hitman: Absolution	English / Russian	PAL	N/A	BLES-01641
BLES-01643	Agarest: Generations of War 2	English	PAL	N/A	BLES-01643
BLES-01644	Castlevania: Lords of Shadow 2	English / French / German / Italian / Portuguese / Spanish	PAL	N/A	BLES-01644
BLES-01646	Sonic & All-Stars Racing Transformed	English / French / German / Italian / Spanish	PAL	N/A	BLES-01646
BLES-01647	SBK Generations	English / French / German / Italian / Spanish	PAL	N/A	BLES-01647
BLES-01649	Crysis 3	Czech / English / French / German / Italian / Polish / Russian / Spanish / Turkish	PAL	N/A	BLES-01649
BLES-01654	Enemy Front	English / French / German / Italian / Polish / Russian / Spanish	PAL	N/A	BLES-01654
BLES-01655	Enemy Front	German	PAL	N/A	BLES-01655
BLES-01656	Max Payne 3	English / German	PAL	N/A	BLES-01656
BLES-01657	Dragon Age: Inquisition	English / French / German / Italian / Polish / Russian / Spanish	PAL	N/A	BLES-01657
BLES-01658	Dragon Ball Z: Budokai HD Collection	English / French / German / Italian / Spanish	PAL	N/A	BLES-01658
BLES-01659	Need for Speed: Most Wanted: A Criterion Game	Arabic / Dutch / English / French / German / Italian / Polish / Russian / Spanish	PAL	N/A	BLES-01659
BLES-01660	Need for Speed: Most Wanted: A Criterion Game	English	PAL	N/A	BLES-01660
BLES-01661	Sleeping Dogs	English / French / German	PAL	N/A	BLES-01661
BLES-01662	Sleeping Dogs	Italian / Spanish	PAL	N/A	BLES-01662
BLES-01664	F1 2012	English / French / German / Italian / Spanish	PAL	N/A	BLES-01664
BLES-01665	F1 2012	Polish / Russian	PAL	N/A	BLES-01665
BLES-01667	Assassin's Creed III	Danish / Dutch / English / Finnish / French / German / Italian / Norwegian / Portuguese / Spanish / Swedish	PAL	N/A	BLES-01667
BLES-01668	Assassin's Creed III	English	PAL	N/A	BLES-01668
BLES-01669	Assassin's Creed III	Czech / Hungarian / Polish / Russian	PAL	N/A	BLES-01669
BLES-01671	Hunter's Trophy 2: Europa	English / French / German / Italian / Spanish	PAL	N/A	BLES-01671
BLES-01672	One Piece: Pirate Warriors	English / French / German / Italian / Spanish	PAL	N/A	BLES-01672
BLES-01673	Injustice: Gods Among Us	English / French / German / Italian / Polish / Portuguese / Russian / Spanish	PAL	N/A	BLES-01673
BLES-01674	Dishonored	English	PAL	N/A	BLES-01674
BLES-01675	Dishonored	French / German / Italian / Spanish	PAL	N/A	BLES-01675
BLES-01676	FIFA 13	Czech / Danish / Dutch / English / French / German / Hungarian / Italian / Norwegian / Polish / Portuguese / Russian / Spanish / Swedish	PAL	N/A	BLES-01676
BLES-01678	Doom 3: BFG Edition	English	PAL	N/A	BLES-01678
BLES-01679	Doom 3: BFG Edition	French / German / Italian / Spanish	PAL	N/A	BLES-01679
BLES-01681	Dead Island: Game of the Year Edition	English / French / German / Italian / Polish / Spanish	PAL	N/A	BLES-01681
BLES-01682	Way of the Samurai 4	English / Japanese	PAL	N/A	BLES-01682
BLES-01683	Resident Evil 6	English / French / German / Italian / Polish / Portuguese / Russian / Spanish	PAL	N/A	BLES-01683
BLES-01684	Borderlands 2	English / French / German / Italian / Spanish	PAL	N/A	BLES-01684
BLES-01685	Lost Planet 3	English / French / German / Italian / Japanese / Polish / Portuguese / Russian / Spanish	PAL	N/A	BLES-01685
BLES-01686	Ice Age 4: Continental Drift: Arctic Games	Dutch / English / French / German / Spanish / Swedish	PAL	N/A	BLES-01686
BLES-01687	L'Era Glaciale 4: Continenti alla Deriva: Giochi Polari	Italian	PAL	N/A	BLES-01687
BLES-01688	Ice Age 4: Continental Drift: Arctic Games	Russian	PAL	N/A	BLES-01688
BLES-01689	Skylanders: Giants	Danish / Dutch / English / Finnish / French / German / Italian / Norwegian / Spanish / Swedish	PAL	N/A	BLES-01689
BLES-01690	007 Legends	Russian	PAL	N/A	BLES-01690
BLES-01691	NHL 13	Czech / English / Finnish / French / German / Russian / Swedish	PAL	N/A	BLES-01691
BLES-01696	Obut Pétanque 2	English / French	PAL	N/A	BLES-01696
BLES-01697	Alien: Isolation	English / French / German / Italian / Polish / Russian / Spanish	PAL	N/A	BLES-01697
BLES-01698	DmC: Devil May Cry	Dutch / English / French / German / Italian / Polish / Portuguese / Russian / Spanish	PAL	N/A	BLES-01698
BLES-01699	WWE '13	English / French / German / Italian / Spanish	PAL	N/A	BLES-01699
BLES-01701	Remember Me	Chinese / English / French / German / Italian / Polish / Portuguese / Russian / Spanish	PAL	N/A	BLES-01701
BLES-01702	Tekken Tag Tournament 2	English / French / German / Italian / Japanese / Korean / Russian / Spanish	PAL	N/A	BLES-01702
BLES-01703	Schlag den Raab: Das 3. Spiel	German	PAL	N/A	BLES-01703
BLES-01704	Sleeping Dogs	English / French / German	PAL	N/A	BLES-01704
BLES-01705	BioShock Infinite	English / French / German / Italian / Spanish	PAL	N/A	BLES-01705
BLES-01707	Port Royale 3	English / French / German / Italian / Spanish	PAL	N/A	BLES-01707
BLES-01708	PES 2013: Pro Evolution Soccer	English	PAL	N/A	BLES-01708
BLES-01709	PES 2013: Pro Evolution Soccer	Arabic / Dutch / English / Russian / Swedish / Turkish	PAL	N/A	BLES-01709
BLES-01710	PES 2013: Pro Evolution Soccer	French / German / Greek / Italian	PAL	N/A	BLES-01710
BLES-01711	XCOM: Enemy Unknown	English / French / German / Italian / Korean / Spanish	PAL	N/A	BLES-01711
BLES-01712	XCOM: Enemy Unknown	Polish / Russian	PAL	N/A	BLES-01712
BLES-01713	NBA 2K13	Chinese / English / French / German / Italian / Japanese / Spanish	PAL	N/A	BLES-01713
BLES-01714	Dishonored	Czech / Hungarian / Polish / Russian	PAL	N/A	BLES-01714
BLES-01715	F1 Race Stars	English / French / German / Italian / Polish / Spanish	PAL	N/A	BLES-01715
BLES-01717	Call of Duty: Black Ops II	English / French	PAL	N/A	BLES-01717
BLES-01718	Call of Duty: Black Ops II	Italian / Spanish	PAL	N/A	BLES-01718
BLES-01719	Call of Duty: Black Ops II	German	PAL	N/A	BLES-01719
BLES-01720	Call of Duty: Black Ops II	Polish / Russian	PAL	N/A	BLES-01720
BLES-01721	WRC 3: FIA World Rally Championship	English / French / German / Italian / Spanish	PAL	N/A	BLES-01721
BLES-01722	Just Dance 4	Danish / Dutch / English / Finnish / French / German / Italian / Norwegian / Spanish / Swedish	PAL	N/A	BLES-01722
BLES-01723	Mugen Souls	English	PAL	N/A	BLES-01723
BLES-01724	Fuse	English / French / German / Spanish	PAL	N/A	BLES-01724
BLES-01730	Disney/Pixar Toy Story Mania!	Danish / Dutch / English / French / Italian / Norwegian / Russian / Spanish / Swedish	PAL	N/A	BLES-01730
BLES-01731	South Park: The Stick of Truth	English / French / German / Italian / Polish / Spanish	PAL	N/A	BLES-01731
BLES-01732	Angry Birds Trilogy	English / French / German / Italian / Spanish	PAL	N/A	BLES-01732
BLES-01733	Dead Space 3	English / French / German / Italian / Russian / Spanish	PAL	N/A	BLES-01733
BLES-01736	Cabela's Dangerous Hunts 2013	English / French / German / Italian	PAL	N/A	BLES-01736
BLES-01737	Grid 2	French / German / Italian / Polish / Spanish	PAL	N/A	BLES-01737
BLES-01738	Persona 4 Arena	English / Japanese	PAL	N/A	BLES-01738
BLES-01739	Dead Island: Riptide	English / French / German / Italian / Polish / Spanish	PAL	N/A	BLES-01739
BLES-01744	History Legends of War	English / French / German / Italian / Spanish	PAL	N/A	BLES-01744
BLES-01745	Middle-Earth: Shadow of Mordor	English / French / German / Italian / Polish / Russian / Spanish	PAL	N/A	BLES-01745
BLES-01746	PES 2013: Pro Evolution Soccer	Portuguese / Spanish	PAL	N/A	BLES-01746
BLES-01747	Saints Row: The Third: The Full Package	Dutch / English / French / German / Italian / Polish / Russian / Spanish	PAL	N/A	BLES-01747
BLES-01748	Saints Row: The Third: The Full Package	English / German	PAL	N/A	BLES-01748
BLES-01750	Metal Gear Rising: Revengeance	English / French / German / Italian / Japanese / Portuguese / Spanish	PAL	N/A	BLES-01750
BLES-01751	Skylanders: Spyro's Adventure	Polish / Russian	PAL	N/A	BLES-01751
BLES-01752	Under Defeat HD: Deluxe Edition	English / French / German / Italian / Spanish	PAL	N/A	BLES-01752
BLES-01753	Ben 10: Omniverse	English / French / German / Italian / Spanish	PAL	N/A	BLES-01753
BLES-01754	Tiger Woods PGA Tour 14	English	PAL	N/A	BLES-01754
BLES-01756	Zone of the Enders HD Collection	English / French / German / Italian / Spanish	PAL	N/A	BLES-01756
BLES-01760	DreamWorks Rise of the Guardians	English / French / German / Italian / Spanish	PAL	N/A	BLES-01760
BLES-01763	Army of Two: The Devil's Cartel	English / French / German / Italian / Spanish	PAL	N/A	BLES-01763
BLES-01764	Naruto Shippuden: Ultimate Ninja Storm 3	English / French / German / Italian / Russian / Spanish	PAL	N/A	BLES-01764
BLES-01765	Dark Souls: Prepare to Die Edition	English / French / German / Italian / Spanish	PAL	N/A	BLES-01765
BLES-01766	Tom Clancy's Splinter Cell: Blacklist	Danish / Dutch / English / French / German / Italian / Norwegian / Polish / Portuguese / Spanish / Swedish	PAL	N/A	BLES-01766
BLES-01767	Army of Two: The Devil's Cartel	English / German	PAL	N/A	BLES-01767
BLES-01768	Midway Arcade Origins	English / French / German / Italian / Spanish	PAL	N/A	BLES-01768
BLES-01770	Aliens: Colonial Marines	Russian	PAL	N/A	BLES-01770
BLES-01772	Assassin's Creed: Brotherhood + Assassin's Creed: Revelations	Danish / Dutch / English / French / German / Italian / Norwegian / Portuguese / Spanish / Swedish	PAL	N/A	BLES-01772
BLES-01773	Resident Evil: Revelations	Dutch / English / French / German / Italian / Japanese / Polish / Portuguese / Russian / Spanish	PAL	N/A	BLES-01773
BLES-01774	Mass Effect	English / French / German / Italian / Spanish	PAL	N/A	BLES-01774
BLES-01775	Tiger Woods PGA Tour 14	English	PAL	N/A	BLES-01775
BLES-01776	Deadly Premonition: The Director's Cut	English / French / German / Italian / Spanish	PAL	N/A	BLES-01776
BLES-01778	Hitman: Absolution	English / German / Italian	PAL	N/A	BLES-01778
BLES-01779	The Walking Dead: Survival Instinct	English / French / German / Italian / Spanish	PAL	N/A	BLES-01779
BLES-01780	Tomb Raider	Dutch / English / French / German / Italian / Portuguese / Spanish	PAL	N/A	BLES-01780
BLES-01781	Tomb Raider	English / Polish / Russian	PAL	N/A	BLES-01781
BLES-01783	Arcania: The Complete Tale	Chinese / Czech / English / French / German / Hungarian / Italian / Japanese / Polish / Russian / Spanish	PAL	N/A	BLES-01783
BLES-01784	Batman: Arkham Origins	English / French / German / Italian / Korean / Polish / Russian / Spanish	PAL	N/A	BLES-01784
BLES-01785	Hitman: Absolution	Polish	PAL	N/A	BLES-01785
BLES-01786	Iron Sky: Invasion	Czech / English / French / German / Italian / Polish / Spanish	PAL	N/A	BLES-01786
BLES-01787	Defiance	English / French / German	PAL	N/A	BLES-01787
BLES-01788	Hyperdimension Neptunia Victory	English	PAL	N/A	BLES-01788
BLES-01789	Deadpool	English / French / German / Italian / Spanish	PAL	N/A	BLES-01789
BLES-01791	Painkiller: Hell & Damnation	English / French / German / Italian / Japanese / Polish / Russian / Spanish	PAL	N/A	BLES-01791
BLES-01792	Star Trek	English / French / German / Italian / Russian / Spanish	PAL	N/A	BLES-01792
BLES-01793	Atelier Ayesha: The Alchemist of Dusk	English	PAL	N/A	BLES-01793
BLES-01794	Dragon's Dogma: Dark Arisen	English / French / German / Italian / Japanese / Spanish	PAL	N/A	BLES-01794
BLES-01795	Dynasty Warriors 7: Empires	English	PAL	N/A	BLES-01795
BLES-01796	Farming Simulator	Dutch / English / French / German / Italian / Polish / Spanish	PAL	N/A	BLES-01796
BLES-01797	The Smurfs 2	Danish / Dutch / English / French / German / Italian / Norwegian / Spanish / Swedish	PAL	N/A	BLES-01797
BLES-01798	Truck Racer	Dutch / English / French / German / Italian / Spanish	PAL	N/A	BLES-01798
BLES-01801	Fist of the North Star: Ken's Rage 2	English / French / Italian	PAL	N/A	BLES-01801
BLES-01805	MotoGP 13	English / French / German / Italian / Spanish	PAL	N/A	BLES-01805
BLES-01807	Grand Theft Auto V	English / French / German / Italian / Polish / Portuguese / Russian / Spanish	PAL	N/A	BLES-01807
BLES-01808	Young Justice: Legacy	Danish / Dutch / English / Finnish / French / German / Italian / Norwegian / Portuguese / Spanish / Swedish	PAL	N/A	BLES-01808
BLES-01810	Fast & Furious: Showdown	English / French / German / Italian / Spanish	PAL	N/A	BLES-01810
BLES-01811	Lightning Returns: Final Fantasy XIII	English / French / German / Italian / Spanish	PAL	N/A	BLES-01811
BLES-01812	Sniper Elite V2: Game of the Year Edition	English / French / German / Italian / Spanish	PAL	N/A	BLES-01812
BLES-01813	Borderlands 2: Add-On Content Pack	English / French / German / Italian / Spanish	PAL	N/A	BLES-01813
BLES-01815	Tales of Xillia	English / French / German / Italian / Spanish	PAL	N/A	BLES-01815
BLES-01831	LEGO Marvel Super Heroes	Danish / Dutch / English / French / German / Italian / Polish / Russian / Spanish	PAL	N/A	BLES-01831
BLES-01832	Battlefield 4	English / French / German / Italian / Polish / Russian / Spanish	PAL	N/A	BLES-01832
BLES-01833	The Walking Dead: A Telltale Games Series	English / French / German / Italian / Spanish	PAL	N/A	BLES-01833
BLES-01834	Tomb Raider	Arabic / English	PAL	N/A	BLES-01834
BLES-01835	The Walking Dead: Survival Instinct	Russian	PAL	N/A	BLES-01835
BLES-01836	Murdered: Soul Suspect	English / French / German / Italian / Polish / Russian / Spanish	PAL	N/A	BLES-01836
BLES-01840	Tom Clancy's Ghost Recon Double Pack	Danish / Dutch / English / French / German / Italian / Norwegian / Portuguese / Spanish / Swedish	PAL	N/A	BLES-01840
BLES-01841	Rugby Challenge 2	English / French / Italian / Spanish	PAL	N/A	BLES-01841
BLES-01842	Disney Infinity	Dutch / English / French / German / Italian / Spanish	PAL	N/A	BLES-01842
BLES-01843	Disney Infinity	Arabic / English / Polish / Russian	PAL	N/A	BLES-01843
BLES-01845	Ninja Gaiden 3: Razor's Edge	English / French / German / Italian / Japanese / Spanish	PAL	N/A	BLES-01845
BLES-01846	Le Tour de France 2013: 100th Edition	Danish / Dutch / English / French / German / Italian / Spanish	PAL	N/A	BLES-01846
BLES-01847	Earth Defense Force 2025	English	PAL	N/A	BLES-01847
BLES-01848	Time and Eternity	English	PAL	N/A	BLES-01848
BLES-01849	DreamWorks Turbo: Super Stunt Squad	English / French / German / Italian / Spanish	PAL	N/A	BLES-01849
BLES-01850	Madden NFL 25	English	PAL	N/A	BLES-01850
BLES-01851	XCOM: Enemy Within	English / French / German / Italian / Korean / Polish / Russian / Spanish	PAL	N/A	BLES-01851
BLES-01853	NHL 14	Czech / English / Finnish / French / German / Russian / Swedish	PAL	N/A	BLES-01853
BLES-01854	Watch_Dogs	Danish / Dutch / English / Finnish / French / German / Italian / Norwegian / Portuguese / Spanish / Swedish	PAL	N/A	BLES-01854
BLES-01855	Grid 2	English	PAL	N/A	BLES-01855
BLES-01856	Killer Is Dead	English / French / German / Italian / Japanese / Spanish	PAL	N/A	BLES-01856
BLES-01857	Destiny	English / French / German / Italian / Portuguese / Spanish	PAL	N/A	BLES-01857
BLES-01858	Air Conflicts: Vietnam	English / French / German / Italian / Russian / Spanish	PAL	N/A	BLES-01858
BLES-01859	Don Bradman Cricket 14	English	PAL	N/A	BLES-01859
BLES-01860	Skylanders: Swap Force	Danish / Dutch / English / Finnish / French / German / Italian / Norwegian / Spanish / Swedish	PAL	N/A	BLES-01860
BLES-01861	Fast & Furious: Showdown	Russian	PAL	N/A	BLES-01861
BLES-01862	Rocksmith: All-New 2014 Edition	English / French / German / Italian / Spanish	PAL	N/A	BLES-01862
BLES-01863	Rayman Legends	Danish / Dutch / English / Finnish / French / German / Italian / Norwegian / Polish / Spanish / Swedish	PAL	N/A	BLES-01863
BLES-01864	Tales of Symphonia Chronicles	English / French / German / Italian / Spanish	PAL	N/A	BLES-01864
BLES-01865	Dynasty Warriors 8	English / French / German	PAL	N/A	BLES-01865
BLES-01867	Metro: Last Light	Czech / Dutch / English / French / German / Italian / Polish / Russian / Spanish	PAL	N/A	BLES-01867
BLES-01868	Port Royale 3: Gold Edition	English / French / German / Italian / Spanish	PAL	N/A	BLES-01868
BLES-01869	Heavy Fire: Shattered Spear	English / French / German / Italian / Spanish	PAL	N/A	BLES-01869
BLES-01870	F1 2013	English / French / German / Italian / Polish / Russian / Spanish	PAL	N/A	BLES-01870
BLES-01874	WRC 4: FIA World Rally Championship	English / French / German / Italian / Spanish	PAL	N/A	BLES-01874
BLES-01875	AFL Live 2	English	PAL	N/A	BLES-01875
BLES-01876	FIFA 14	Czech / Danish / Dutch / English / French / German / Hungarian / Italian / Norwegian / Polish / Portuguese / Russian / Spanish / Swedish	PAL	N/A	BLES-01876
BLES-01878	Tom Clancy's Splinter Cell: Blacklist	Russian	PAL	N/A	BLES-01878
BLES-01879	Tom Clancy's Splinter Cell: Blacklist	Czech / English / Hungarian	PAL	N/A	BLES-01879
BLES-01880	Final Fantasy X | X-2: HD Remaster	English / French / German / Italian / Spanish	PAL	N/A	BLES-01880
BLES-01881	Hot Wheels: World's Best Driver	Dutch / English / French / German / Italian / Spanish	PAL	N/A	BLES-01881
BLES-01882	Assassin's Creed IV: Black Flag	Danish / Dutch / English / Finnish / French / German / Italian / Norwegian / Portuguese / Spanish / Swedish	PAL	N/A	BLES-01882
BLES-01883	Assassin's Creed IV: Black Flag	Czech / Hungarian / Polish / Russian	PAL	N/A	BLES-01883
BLES-01884	Assassin's Creed IV: Black Flag	Arabic / English	PAL	N/A	BLES-01884
BLES-01885	The Elder Scrolls V: Skyrim: Legendary Edition	English	PAL	N/A	BLES-01885
BLES-01886	The Elder Scrolls V: Skyrim: Legendary Edition	French / German / Italian / Spanish	PAL	N/A	BLES-01886
BLES-01889	Saints Row IV	English / French / German / Italian / Spanish	PAL	N/A	BLES-01889
BLES-01891	The Voice of Germany: Vol. 2	English / German	PAL	N/A	BLES-01891
BLES-01892	Yaiba: Ninja Gaiden Z	English / French / German / Italian / Japanese / Spanish	PAL	N/A	BLES-01892
BLES-01894	Need for Speed: Rivals	Dutch / English / French / German / Italian / Polish / Russian / Spanish	PAL	N/A	BLES-01894
BLES-01895	Painkiller: Hell & Damnation	English / French / German / Italian / Japanese / Polish / Russian / Spanish	PAL	N/A	BLES-01895
BLES-01896	Rayman Legends	English / Russian	PAL	N/A	BLES-01896
BLES-01897	Kingdom Hearts: HD 1.5 ReMIX	English / French / German / Italian / Spanish	PAL	N/A	BLES-01897
BLES-01898	Armored Core: Verdict Day	English / French / German / Italian / Spanish	PAL	N/A	BLES-01898
BLES-01899	Ben 10: Omniverse 2	English / French / German / Italian / Spanish	PAL	N/A	BLES-01899
BLES-01900	Ultra Street Fighter IV	English / French / German / Italian / Japanese / Korean / Spanish	PAL	N/A	BLES-01900
BLES-01901	Pac-Man and the Ghostly Adventures	English / French / German / Italian / Spanish	PAL	N/A	BLES-01901
BLES-01902	Payday 2	English / French / German / Italian / Spanish	PAL	N/A	BLES-01902
BLES-01907	Dead or Alive 5 Ultimate	English / French / German / Italian / Japanese / Spanish	PAL	N/A	BLES-01907
BLES-01909	Wolfenstein: The New Order	English / French / Italian / Polish / Russian / Spanish	PAL	N/A	BLES-01909
BLES-01910	Wolfenstein: The New Order	German	PAL	N/A	BLES-01910
BLES-01911	Nickelodeon SpongeBob SquarePants: Plankton's Robotic Revenge	Dutch / English / French / German / Italian / Spanish / Swedish	PAL	N/A	BLES-01911
BLES-01912	Nickelodeon Gubka Bob Kvadratnye Shtany: Plankton. Mest' robotov	Russian	PAL	N/A	BLES-01912
BLES-01913	One Piece: Pirate Warriors 2	English / French / German / Italian / Spanish	PAL	N/A	BLES-01913
BLES-01916	The Evil Within	English / Russian	PAL	N/A	BLES-01916
BLES-01920	NBA 2K14	Chinese / English / French / German / Italian / Japanese / Spanish	PAL	N/A	BLES-01920
BLES-01921	Diablo III	English / French / German / Italian / Spanish	PAL	N/A	BLES-01921
BLES-01922	Diablo III	Polish / Russian	PAL	N/A	BLES-01922
BLES-01924	Dishonored: Game of the Year Edition	English	PAL	N/A	BLES-01924
BLES-01925	Dishonored: Game of the Year Edition	French / German / Italian / Spanish	PAL	N/A	BLES-01925
BLES-01926	Dishonored: Game of the Year Edition	Czech / Hungarian / Polish / Russian	PAL	N/A	BLES-01926
BLES-01928	Deus Ex: Human Revolution: Director's Cut	English / French / German / Italian / Spanish	PAL	N/A	BLES-01928
BLES-01930	PES 2014: Pro Evolution Soccer	Dutch / English / French / German / Greek / Italian / Portuguese / Russian / Spanish / Swedish / Turkish	PAL	N/A	BLES-01930
BLES-01933	Watch_Dogs	English	PAL	N/A	BLES-01933
BLES-01934	Watch_Dogs	Czech / Hungarian / Polish / Russian	PAL	N/A	BLES-01934
BLES-01936	Saint Seiya: Brave Soldiers: Knights of the Zodiac	English / French / Italian / Spanish	PAL	N/A	BLES-01936
BLES-01937	WWE 2K14	English / French / German / Italian / Spanish	PAL	N/A	BLES-01937
BLES-01938	Terraria	English / French / German / Italian / Spanish	PAL	N/A	BLES-01938
BLES-01939	Disgaea D2: A Brighter Darkness	English	PAL	N/A	BLES-01939
BLES-01940	The Guided Fate Paradox	English	PAL	N/A	BLES-01940
BLES-01941	Dragon Ball Z: Battle of Z	English / French / German / Italian / Spanish	PAL	N/A	BLES-01941
BLES-01943	Angry Birds Star Wars	English / French / German / Italian / Spanish	PAL	N/A	BLES-01943
BLES-01945	Call of Duty: Ghosts	English / French / German / Italian / Spanish	PAL	N/A	BLES-01945
BLES-01948	Call of Duty: Ghosts	Polish / Russian	PAL	N/A	BLES-01948
BLES-01950	Dragon's Crown	English	PAL	N/A	BLES-01950
BLES-01951	Naruto Shippuden: Ultimate Ninja Storm 3 Full Burst	English / French / German / Italian / Russian / Spanish	PAL	N/A	BLES-01951
BLES-01952	Bound by Flame	English / French / German / Italian / Spanish	PAL	N/A	BLES-01952
BLES-01954	Saints Row IV	English	PAL	N/A	BLES-01954
BLES-01955	Just Dance 2014	Danish / Dutch / English / Finnish / French / German / Italian / Norwegian / Spanish / Swedish	PAL	N/A	BLES-01955
BLES-01956	Dead Island: Riptide: Complete Edition	English / French / German / Italian / Polish / Spanish	PAL	N/A	BLES-01956
BLES-01957	Rugby League Live 2: World Cup Edition	English / French	PAL	N/A	BLES-01957
BLES-01958	Dead Island: Double Pack	English / French / German / Italian / Polish / Spanish	PAL	N/A	BLES-01958
BLES-01959	Dark Souls II	English / French / German / Italian / Polish / Russian / Spanish	PAL	N/A	BLES-01959
BLES-01960	Angry Birds Star Wars	Arabic / Russian	PAL	N/A	BLES-01960
BLES-01961	Adventure Time: Explore the Dungeon Because I Don't Know!	English / French / German / Italian / Spanish	PAL	N/A	BLES-01961
BLES-01962	Tales of Xillia 2	English / French / German / Italian / Spanish	PAL	N/A	BLES-01962
BLES-01963	Rambo: The Video Game	English / French / German / Italian / Spanish	PAL	N/A	BLES-01963
BLES-01964	The LEGO Movie: Videogame	Danish / Dutch / English / French / German / Italian / Polish / Russian / Spanish	PAL	N/A	BLES-01964
BLES-01965	Borderlands 2: Game of the Year Edition (Add-On Disc)	English / French / German / Italian / Spanish	PAL	N/A	BLES-01965
BLES-01966	Skylanders: Swap Force	Russian	PAL	N/A	BLES-01966
BLES-01967	Injustice: Gods Among Us: Ultimate Edition	English / French / German / Italian / Polish / Portuguese / Russian / Spanish	PAL	N/A	BLES-01967
BLES-01968	Assassin's Creed: Heritage Collection	Danish / Dutch / English / Finnish / French / German / Italian / Norwegian / Portuguese / Spanish / Swedish	PAL	N/A	BLES-01968
BLES-01969	Disney DuckTales: Remastered	English / French / German / Italian / Portuguese / Spanish	PAL	N/A	BLES-01969
BLES-01971	Metal Gear Solid V: Ground Zeroes	English / French / German / Italian / Japanese / Portuguese / Russian / Spanish	PAL	N/A	BLES-01971
BLES-01973	Worms: The Revolution Collection	English / French / German / Italian / Polish / Russian / Spanish	PAL	N/A	BLES-01973
BLES-01975	The Walking Dead: A Telltale Games Series: Game of the Year Edition	English / French / German / Italian / Spanish	PAL	N/A	BLES-01975
BLES-01976	Minecraft: PlayStation 3 Edition	Chinese / Danish / Dutch / English / Finnish / French / German / Italian / Japanese / Korean / Norwegian / Polish / Portuguese / Russian / Spanish / Swedish / Turkish	PAL	N/A	BLES-01976
BLES-01978	NASCAR '14	English	PAL	N/A	BLES-01978
BLES-01981	Sniper Elite III	English / French / German / Italian / Polish / Portuguese / Russian / Spanish	PAL	N/A	BLES-01981
BLES-01982	Thief	English / French / German / Italian / Polish / Russian / Spanish	PAL	N/A	BLES-01982
BLES-01983	Kick-Ass 2	English / French / German / Italian / Russian / Spanish	PAL	N/A	BLES-01983
BLES-01984	MXGP: The Official Motocross Videogame	English / French / German / Italian / Spanish	PAL	N/A	BLES-01984
BLES-01986	JoJo's Bizarre Adventure: All Star Battle	English / French / German / Italian / Spanish	PAL	N/A	BLES-01986
BLES-01987	The Witch and the Hundred Knight	English	PAL	N/A	BLES-01987
BLES-01988	Bloodbath	English / French / German / Italian / Russian / Spanish	PAL	N/A	BLES-01988
BLES-01989	The Amazing Spider-Man 2	English / French / German / Italian / Spanish	PAL	N/A	BLES-01989
BLES-01990	The Amazing Spider-Man 2	Russian	PAL	N/A	BLES-01990
BLES-01992	Atelier Escha & Logy: Alchemists of the Dusk Sky	English	PAL	N/A	BLES-01992
BLES-01993	IHF Handball Challenge 14	Danish / English / French / German / Spanish / Swedish	PAL	N/A	BLES-01993
BLES-01994	2014 FIFA World Cup Brazil	Dutch / English / French / German / Italian / Spanish	PAL	N/A	BLES-01994
BLES-01995	Far Cry: The Wild Expedition	Danish / Dutch / English / French / German / Italian / Norwegian / Portuguese / Spanish / Swedish	PAL	N/A	BLES-01995
BLES-01996	MotoGP 14	English / French / German / Italian / Spanish	PAL	N/A	BLES-01996
BLES-01997	Deception IV: Blood Ties	English / French / German / Japanese	PAL	N/A	BLES-01997
BLES-01998	LEGO The Hobbit	Danish / Dutch / English / French / German / Italian / Polish / Russian / Spanish	PAL	N/A	BLES-01998
BLES-01999	Metro: Last Light: Complete Edition	Czech / Dutch / English / French / German / Italian / Polish / Russian / Spanish	PAL	N/A	BLES-01999
BLES-02000	Sherlock Holmes: Crimes & Punishments	English / French / German / Italian / Spanish	PAL	N/A	BLES-02000
BLES-02001	South Park: The Stick of Truth	English / Russian	PAL	N/A	BLES-02001
BLES-02002	South Park: The Stick of Truth	English	PAL	N/A	BLES-02002
BLES-02003	South Park: Der Stab der Wahrheit	English / German	PAL	N/A	BLES-02003
BLES-02004	F1 2013: Complete Edition	English / French / German / Italian / Polish / Russian / Spanish	PAL	N/A	BLES-02004
BLES-02005	DreamWorks How to Train Your Dragon 2	English / French / German / Italian / Portuguese / Spanish	PAL	N/A	BLES-02005
BLES-02006	Le Tour de France 2014	Danish / Dutch / English / French / German / Italian / Spanish	PAL	N/A	BLES-02006
BLES-02007	Short Peace: Ranko Tsukigime's Longest Day	English / French / German / Italian / Spanish	PAL	N/A	BLES-02007
BLES-02008	Dynasty Warriors 8: Xtreme Legends	English / French / German	PAL	N/A	BLES-02008
BLES-02010	Risen 3: Titan Lords	English / French / German / Italian / Spanish	PAL	N/A	BLES-02010
BLES-02011	Far Cry 4	Czech / Danish / Dutch / English / Finnish / French / German / Italian / Korean / Norwegian / Polish / Portuguese / Spanish / Swedish	PAL	N/A	BLES-02011
BLES-02012	Far Cry 4	English / Russian	PAL	N/A	BLES-02012
BLES-02014	Naruto Shippuden: Ultimate Ninja Storm Revolution	English / French / German / Italian / Polish / Russian / Spanish	PAL	N/A	BLES-02014
BLES-02018	Transformers: Rise of the Dark Spark	English / French / German / Italian / Spanish	PAL	N/A	BLES-02018
BLES-02019	Saints Row IV: Game of the Century Edition	English / French / German / Italian / Spanish	PAL	N/A	BLES-02019
BLES-02020	One Piece: Unlimited World Red	English / French / German / Italian / Spanish	PAL	N/A	BLES-02020
BLES-02021	Plants vs. Zombies: Garden Warfare	English / French / German / Italian / Japanese / Portuguese / Spanish	PAL	N/A	BLES-02021
BLES-02022	Mugen Souls Z	English	PAL	N/A	BLES-02022
BLES-02023	Fairy Fencer F	English	PAL	N/A	BLES-02023
BLES-02026	Escape Dead Island	English / French / German / Italian / Portuguese / Spanish	PAL	N/A	BLES-02026
BLES-02028	Syberia Collection	English / French / German / Italian / Spanish	PAL	N/A	BLES-02028
BLES-02029	Hatsune Miku: Project Diva F 2nd	English	PAL	N/A	BLES-02029
BLES-02030	Madden NFL 15	English	PAL	N/A	BLES-02030
BLES-02032	MX vs. ATV Supercross	English / French / German / Italian / Spanish	PAL	N/A	BLES-02032
BLES-02033	LEGO Batman 3: Beyond Gotham	Danish / Dutch / English / French / German / Italian / Polish / Russian / Spanish	PAL	N/A	BLES-02033
BLES-02035	Diablo III: Reaper of Souls: Ultimate Evil Edition	English / French / German / Italian / Spanish	PAL	N/A	BLES-02035
BLES-02036	Diablo III: Reaper of Souls: Ultimate Evil Edition	Polish / Russian	PAL	N/A	BLES-02036
BLES-02037	NHL 15	Czech / English / Finnish / French / German / Russian / Swedish	PAL	N/A	BLES-02037
BLES-02038	Grid Autosport	English / French / German / Italian / Polish / Russian / Spanish	PAL	N/A	BLES-02038
BLES-02039	Battlefield Hardline	English / French / German / Italian / Polish / Russian / Spanish	PAL	N/A	BLES-02039
BLES-02040	Resident Evil: Revelations 2	Chinese / English / French / German / Italian / Japanese / Korean / Polish / Portuguese / Russian / Spanish	PAL	N/A	BLES-02040
BLES-02041	Falling Skies: The Game	English / French / German / Italian / Spanish	PAL	N/A	BLES-02041
BLES-02048	FIFA 15	Czech / Danish / Dutch / English / French / German / Hungarian / Italian / Norwegian / Polish / Portuguese / Russian / Spanish / Swedish	PAL	N/A	BLES-02048
BLES-02050	Atelier Rorona Plus: The Alchemist of Arland	English	PAL	N/A	BLES-02050
BLES-02052	Just Dance 2015	Danish / Dutch / English / Finnish / French / German / Italian / Norwegian / Spanish / Swedish	PAL	N/A	BLES-02052
BLES-02055	Skylanders: Trap Team	Danish / Dutch / English / Finnish / French / German / Italian / Norwegian / Spanish / Swedish	PAL	N/A	BLES-02055
BLES-02056	Pac-Man and the Ghostly Adventures 2	English / French / German / Italian / Spanish	PAL	N/A	BLES-02056
BLES-02057	Dynasty Warriors: Gundam Reborn	English	PAL	N/A	BLES-02057
BLES-02058	Borderlands: The Pre-Sequel!	English / French / German / Italian / Spanish	PAL	N/A	BLES-02058
BLES-02060	Natural Doctrine	English	PAL	N/A	BLES-02060
BLES-02061	Assassin's Creed: Rogue	Chinese / Dutch / English / French / German / Italian / Korean / Polish / Portuguese / Spanish	PAL	N/A	BLES-02061
BLES-02062	Assassin's Creed: Rogue	Arabic / English / Russian	PAL	N/A	BLES-02062
BLES-02063	Adventure Time: The Secret of the Nameless Kingdom	English / French / German / Italian / Spanish	PAL	N/A	BLES-02063
BLES-02064	Disney Infinity 2.0: Play Without Limits	Dutch / English / French / German / Italian / Spanish	PAL	N/A	BLES-02064
BLES-02066	Disney Infinity 2.0: Play Without Limits	Arabic / English / Polish / Russian	PAL	N/A	BLES-02066
BLES-02067	NBA 2K15	Chinese / English / French / German / Italian / Japanese / Spanish	PAL	N/A	BLES-02067
BLES-02070	Kingdom Hearts: HD 2.5 ReMIX	English / French / German / Italian / Spanish	PAL	N/A	BLES-02070
BLES-02071	Digimon All-Star Rumble	English / French / German / Italian / Spanish	PAL	N/A	BLES-02071
BLES-02072	WWE 2K15	English / French / German / Italian / Spanish	PAL	N/A	BLES-02072
BLES-02074	Nickelodeon Teenage Mutant Ninja Turtles: Danger of the Ooze	Dutch / English / French / German / Italian / Spanish / Swedish	PAL	N/A	BLES-02074
BLES-02077	Call of Duty: Advanced Warfare	English / French / German / Italian / Spanish	NTSC-U	N/A	BLES-02077
BLES-02078	Call of Duty: Advanced Warfare	Polish / Russian	PAL	N/A	BLES-02078
BLES-02079	Call of Duty: Advanced Warfare	Arabic / English	PAL	N/A	BLES-02079
BLES-02080	F1 2014	English / French / German / Italian / Spanish	PAL	N/A	BLES-02080
BLES-02085	Assassin's Creed: Birth of a New World: The American Saga	Danish / Dutch / English / Finnish / French / German / Italian / Norwegian / Portuguese / Russian / Spanish / Swedish	PAL	N/A	BLES-02085
BLES-02086	Rugby 15	English / French / German / Italian / Spanish	PAL	N/A	BLES-02086
BLES-02087	Ar nosurge: Ode to an Unborn Star	English	PAL	N/A	BLES-02087
BLES-02088	PES 2015: Pro Evolution Soccer	Dutch / English / French / German / Greek / Italian / Portuguese / Russian / Spanish / Swedish / Turkish	PAL	N/A	BLES-02088
BLES-02090	Los 40 Principales: Karaoke Party	English / Spanish	PAL	N/A	BLES-02090
BLES-02092	La Voz Vol. 2	English / Spanish	PAL	N/A	BLES-02092
BLES-02093	The Evil Within	English / French / German / Italian / Spanish	PAL	N/A	BLES-02093
BLES-02094	Saints Row: Double Pack	Dutch / English / French / German / Italian / Polish / Russian / Spanish	PAL	N/A	BLES-02094
BLES-02095	Saints Row: Gat out of Hell	English / French / German / Italian / Polish / Russian / Spanish	PAL	N/A	BLES-02095
BLES-02096	Dragon Ball Xenoverse	English / French / German / Italian / Spanish	PAL	N/A	BLES-02096
BLES-02097	Akiba's Trip: Undead & Undressed	English / Japanese	PAL	N/A	BLES-02097
BLES-02098	The Wolf Among Us: A Telltale Games Series	English / French / German / Spanish	PAL	N/A	BLES-02098
BLES-02099	The Walking Dead: Season Two: A Telltale Games Series	English / French / German / Portuguese / Spanish	PAL	N/A	BLES-02099
BLES-02101	F1 2014	Polish	PAL	N/A	BLES-02101
BLES-02102	Metal Gear Solid V: The Phantom Pain	English / French / German / Italian / Japanese / Portuguese / Russian / Spanish	PAL	N/A	BLES-02102
BLES-02103	Motorcycle Club	English / French / German / Italian / Spanish	PAL	N/A	BLES-02103
BLES-02105	LEGO Dimensions	Danish / Dutch / English / French / German	PAL	N/A	BLES-02105
BLES-02107	Tokyo Twilight Ghost Hunters	English	PAL	N/A	BLES-02107
BLES-02108	Farming Simulator 15	Dutch / English / French / German / Italian / Polish / Portuguese / Spanish	PAL	N/A	BLES-02108
BLES-02115	Tears to Tiara II: Heir of the Overlord	English	PAL	N/A	BLES-02115
BLES-02116	Ultimate Stealth Triple Pack	English / French / German / Italian / Polish / Russian / Spanish	PAL	N/A	BLES-02116
BLES-02117	Ultimate Action Triple Pack	Dutch / English / French / German / Italian / Portuguese / Spanish	PAL	N/A	BLES-02117
BLES-02121	Ultimate Action Triple Pack	Dutch / English / French / German / Italian / Portuguese / Spanish	PAL	N/A	BLES-02121
BLES-02122	Ultimate Stealth Triple Pack	English / French / German / Italian / Polish / Russian / Spanish	PAL	N/A	BLES-02122
BLES-02123	Ultimate Action Triple Pack	Dutch / English / French / German / Italian / Portuguese / Spanish	PAL	N/A	BLES-02123
BLES-02124	Ultimate Stealth Triple Pack	English / French / German / Italian / Polish / Russian / Spanish	PAL	N/A	BLES-02124
BLES-02125	Persona 4 Arena Ultimax	English	PAL	N/A	BLES-02125
BLES-02126	Arcana Heart 3: Love Max!!!!!	English	PAL	N/A	BLES-02126
BLES-02127	Under Night In-Birth: Exe:Late	English	PAL	N/A	BLES-02127
BLES-02128	The Awakened Fate Ultimatum	English	PAL	N/A	BLES-02128
BLES-02129	Fighting Edition	English / French / German / Italian / Japanese / Korean / Russian / Spanish	PAL	N/A	BLES-02129
BLES-02130	Motorbike Racing Pack	English / French / German / Italian / Spanish	PAL	N/A	BLES-02130
BLES-02131	One Piece: Pirate Warriors + One Piece: Pirate Warriors 2	English / French / German / Italian / Spanish	PAL	N/A	BLES-02131
BLES-02132	LEGO Jurassic World	Danish / Dutch / English / French / German / Italian / Polish / Russian / Spanish	PAL	N/A	BLES-02132
BLES-02133	Ride	English / French / German / Italian / Polish / Russian / Spanish / Turkish	PAL	N/A	BLES-02133
BLES-02134	Teslagrad	Dutch / English / French / German / Italian / Japanese / Norwegian / Polish / Portuguese / Russian / Spanish / Turkish	PAL	N/A	BLES-02134
BLES-02135	Dark Souls II: Scholar of the First Sin	English / French / German / Italian / Polish / Russian / Spanish	PAL	N/A	BLES-02135
BLES-02136	J-Stars Victory Vs+	English / French / German / Italian / Spanish	PAL	N/A	BLES-02136
BLES-02137	Hyperdimension Neptunia Hypercollection	English	PAL	N/A	BLES-02137
BLES-02138	The Arland Atelier Trilogy	English / French	PAL	N/A	BLES-02138
BLES-02139	Madden NFL 16	English	PAL	N/A	BLES-02139
BLES-02140	One Piece: Pirate Warriors 3	English / French / German / Italian / Spanish	PAL	N/A	BLES-02140
BLES-02142	Steins;Gate	English	PAL	N/A	BLES-02142
BLES-02143	Atelier Shallie: Alchemists of the Dusk Sea	English	PAL	N/A	BLES-02143
BLES-02144	DreamWorks Kung Fu Panda: Showdown of Legendary Legends	English / French / German / Italian / Portuguese / Spanish	PAL	N/A	BLES-02144
BLES-02145	Sniper Elite III: Ultimate Edition	English / French / German / Italian / Polish / Portuguese / Russian / Spanish	PAL	N/A	BLES-02145
BLES-02147	Disney Infinity 3.0: Play Without Limits	Dutch / English / French / German / Italian / Spanish	PAL	N/A	BLES-02147
BLES-02148	Disney Infinity 3.0: Play Without Limits	Danish / English / Finnish / Norwegian / Polish / Swedish	PAL	N/A	BLES-02148
BLES-02151	Adventure Time: Finn & Jake Investigations	English / French / German / Italian / Portuguese / Spanish	PAL	N/A	BLES-02151
BLES-02152	Tales of Zestiria	English / French / German / Italian / Spanish	PAL	N/A	BLES-02152
BLES-02153	NHL Legacy Edition	Czech / English / Finnish / French / German / Russian / Swedish	PAL	N/A	BLES-02153
BLES-02154	Space Hulk	English / French / German / Italian / Russian / Spanish	PAL	N/A	BLES-02154
BLES-02155	Teenage Mutant Ninja Turtles: Mutants in Manhattan	English / French / German / Italian / Spanish	PAL	N/A	BLES-02155
BLES-02156	Tales of Symphonia Chronicles + Tales of Graces f	English / French / German / Italian / Spanish	PAL	N/A	BLES-02156
BLES-02157	XBlaze: Code: Embryo	English	PAL	N/A	BLES-02157
BLES-02161	FIFA 16	Czech / Danish / Dutch / English / French / German / Italian / Norwegian / Polish / Portuguese / Russian / Spanish / Swedish	PAL	N/A	BLES-02161
BLES-02162	MotoGP 15	English / French / German / Italian / Spanish	PAL	N/A	BLES-02162
BLES-02164	Godzilla	English / French / German / Italian / Spanish	PAL	N/A	BLES-02164
BLES-02165	WRC 5	English / French / German / Italian / Portuguese / Spanish	PAL	N/A	BLES-02165
BLES-02166	Call of Duty: Black Ops III	English / French / German / Italian / Polish / Russian / Spanish	PAL	N/A	BLES-02166
BLES-02168	Call of Duty: Black Ops III	English	PAL	N/A	BLES-02168
BLES-02169	LEGO Marvel Avengers	Danish / Dutch / English / French / German / Italian / Polish / Russian / Spanish	PAL	N/A	BLES-02169
BLES-02172	Skylanders: SuperChargers	Danish / Dutch / English / Finnish / French / German / Italian / Norwegian / Spanish / Swedish	PAL	N/A	BLES-02172
BLES-02173	Le Tour de France: Season 2015	Danish / Dutch / English / French / German / Italian / Spanish	PAL	N/A	BLES-02173
BLES-02174	Rugby World Cup 2015	English / French / German / Italian / Spanish	PAL	N/A	BLES-02174
BLES-02178	Handball 16	Danish / English / French / German / Portuguese / Spanish	PAL	N/A	BLES-02178
BLES-02179	Just Dance 2016	Danish / Dutch / English / Finnish / French / German / Italian / Norwegian / Spanish / Swedish	PAL	N/A	BLES-02179
BLES-02180	Guitar Hero Live	English / French / German / Italian / Spanish	PAL	N/A	BLES-02180
BLES-02181	Saint Seiya: Soldiers' Soul: Knights of the Zodiac	English / French / Italian / Spanish	PAL	N/A	BLES-02181
BLES-02183	Rayman Legends + Rayman Origins	Danish / Dutch / English / Finnish / French / German / Italian / Norwegian / Polish / Spanish / Swedish	PAL	N/A	BLES-02183
BLES-02185	Rugby League Live 3	English / French	PAL	N/A	BLES-02185
BLES-02186	Rugby Challenge 3	English / French / Italian / Spanish	PAL	N/A	BLES-02186
BLES-02187	PES 2016: Pro Evolution Soccer	Dutch / English / French / German / Greek / Italian / Portuguese / Russian / Spanish / Swedish / Turkish	PAL	N/A	BLES-02187
BLES-02189	Barbie & Her Sisters: Puppy Rescue	English / French / German / Italian / Spanish	PAL	N/A	BLES-02189
BLES-02190	WWE 2K16	English / French / German / Italian / Spanish	PAL	N/A	BLES-02190
BLES-02191	NBA 2K16	Chinese / English / French / German / Italian / Japanese / Spanish	PAL	N/A	BLES-02191
BLES-02193	Tony Hawk's Pro Skater 5	English / French / German / Italian / Spanish	PAL	N/A	BLES-02193
BLES-02194	Adam's Venture: Chronicles	English / French / German / Italian / Spanish	PAL	N/A	BLES-02194
BLES-02197	Lost Dimension	English	PAL	N/A	BLES-02197
BLES-02198	The Disgaea Triple Play Collection	English / French	PAL	N/A	BLES-02198
BLES-02199	Monster High: New Ghoul in School	English / French / German / Italian / Spanish	PAL	N/A	BLES-02199
BLES-02200	Transformers: Devastation	English / French / German / Italian / Spanish	PAL	N/A	BLES-02200
BLES-02201	Los 40 Principales: Karaoke Party Vol. 2	English / Spanish	PAL	N/A	BLES-02201
BLES-02202	Tower of Guns: Special Edition	English / French / German / Italian / Portuguese / Spanish	PAL	N/A	BLES-02202
BLES-02203	Far Cry 3 + Far Cry 4: Double Pack	Czech / Danish / Dutch / English / Finnish / French / German / Italian / Korean / Norwegian / Polish / Portuguese / Spanish / Swedish	PAL	N/A	BLES-02203
BLES-02204	Assassin's Creed IV: Black Flag + Assassin's Creed: Rogue	Danish / Dutch / English / Finnish / French / German / Italian / Norwegian / Polish / Portuguese / Spanish / Swedish	PAL	N/A	BLES-02204
BLES-02207	BlazBlue: Chrono Phantasma Extend	English / Japanese	PAL	N/A	BLES-02207
BLES-02208	Rayman Legends + Rayman Origins	English / Polish / Russian	PAL	N/A	BLES-02208
BLES-02209	The Legend of Heroes: Trails of Cold Steel	English	PAL	N/A	BLES-02209
BLES-02210	The Jackbox Party Pack	English	PAL	N/A	BLES-02210
BLES-02211	Assassin's Creed IV: Black Flag + Assassin's Creed: Rogue	Arabic / Czech / English / Hungarian / Polish / Russian	PAL	N/A	BLES-02211
BLES-02212	Far Cry 3 + Far Cry 4: Double Pack	English / Polish / Russian	PAL	N/A	BLES-02212
BLES-02213	LEGO Star Wars: The Force Awakens	Danish / Dutch / English / French / German / Italian / Polish / Russian / Spanish	PAL	N/A	BLES-02213
BLES-02214	Minecraft: Story Mode: A Telltale Games Series	Chinese / English / French / German / Portuguese / Russian / Spanish	PAL	N/A	BLES-02214
BLES-02215	Game of Thrones: A Telltale Games Series	Chinese / English / French / German / Portuguese / Russian / Spanish	PAL	N/A	BLES-02215
BLES-02216	La Voz Vol. 3	English / Spanish	PAL	N/A	BLES-02216
BLES-02218	Borderlands Triple Pack (Add-On Installation Disc)	English / French / German / Italian / Spanish	PAL	N/A	BLES-02218
BLES-02219	Grand Theft Auto: San Andreas	English / French / German / Italian / Russian / Spanish	PAL	N/A	BLES-02219
BLES-02221	Naruto Shippuden: Ultimate Ninja Storm Collection	English / French / German / Italian / Spanish	PAL	N/A	BLES-02221
BLES-02222	Tales of Xillia + Tales of Xillia 2	English / French / German / Italian / Spanish	PAL	N/A	BLES-02222
BLES-02225	Madden NFL 17	English	PAL	N/A	BLES-02225
BLES-02226	Saints Row: Game of the Century Edition & Gat out of Hell	English / French / German / Italian / Polish / Russian / Spanish	PAL	N/A	BLES-02226
BLES-02227	Aegis of Earth: Protonovus Assault	English	PAL	N/A	BLES-02227
BLES-02228	UEFA Euro 2016: PES 2016: Pro Evolution Soccer	Dutch / English / French / German / Greek / Italian / Portuguese / Russian / Spanish / Swedish / Turkish	PAL	N/A	BLES-02228
BLES-02230	BlazBlue: Central Fiction	English / Japanese	PAL	N/A	BLES-02230
BLES-02231	Just Dance 2017	Danish / Dutch / English / Finnish / French / German / Italian / Norwegian / Spanish / Swedish	PAL	N/A	BLES-02231
BLES-02232	Guilty Gear Xrd: Revelator	English / Japanese	PAL	N/A	BLES-02232
BLES-02233	FIFA 17	Danish / Dutch / English / French / German / Italian / Norwegian / Polish / Portuguese / Russian / Spanish / Swedish	PAL	N/A	BLES-02233
BLES-02237	PES 2017: Pro Evolution Soccer	Dutch / English / French / German / Greek / Italian / Portuguese / Russian / Spanish / Swedish / Turkish	PAL	N/A	BLES-02237
BLES-02239	WWE 2K17	English / French / German / Italian / Spanish	PAL	N/A	BLES-02239
BLES-02240	Skylanders: Imaginators	Danish / Dutch / English / Finnish / French / German / Italian / Norwegian / Spanish / Swedish	PAL	N/A	BLES-02240
BLES-02241	Odin Sphere: Leifthrasir	English / French / German / Italian / Spanish	PAL	N/A	BLES-02241
BLES-02242	NBA 2K17	Chinese / English / French / German / Italian / Japanese / Spanish	PAL	N/A	BLES-02242
